INFO:     Started server process [72939]
INFO:     Waiting for application startup.
INFO:     Application startup complete.
INFO:     Uvicorn running on http://127.0.0.1:8000 (Press CTRL+C to quit)
INFO:     127.0.0.1:57180 - "GET /health HTTP/1.1" 200 OK
INFO:     127.0.0.1:57337 - "OPTIONS /api/v1/dashboard/summary HTTP/1.1" 200 OK
INFO:     127.0.0.1:57337 - "GET /api/v1/dashboard/summary HTTP/1.1" 200 OK
INFO:     127.0.0.1:57337 - "OPTIONS /api/v1/inventory/balances HTTP/1.1" 200 OK
INFO:     127.0.0.1:57344 - "OPTIONS /api/v1/inventory/dashboard/kpis HTTP/1.1" 200 OK
INFO:     127.0.0.1:57345 - "OPTIONS /api/v1/inventory/dashboard/exceptions HTTP/1.1" 200 OK
INFO:     127.0.0.1:57337 - "GET /api/v1/inventory/balances HTTP/1.1" 200 OK
INFO:     127.0.0.1:57345 - "GET /api/v1/inventory/dashboard/exceptions HTTP/1.1" 200 OK
INFO:     127.0.0.1:57344 - "GET /api/v1/inventory/dashboard/kpis HTTP/1.1" 200 OK
INFO:     127.0.0.1:57337 - "OPTIONS /api/v1/accounting/journals HTTP/1.1" 200 OK
INFO:     127.0.0.1:57345 - "GET /api/v1/accounting/journals HTTP/1.1" 200 OK
INFO:     127.0.0.1:57344 - "GET /api/v1/inventory/balances HTTP/1.1" 200 OK
INFO:     127.0.0.1:57345 - "GET /api/v1/inventory/dashboard/exceptions HTTP/1.1" 200 OK
INFO:     127.0.0.1:57337 - "GET /api/v1/inventory/dashboard/kpis HTTP/1.1" 200 OK
INFO:     127.0.0.1:57344 - "OPTIONS /api/v1/masters/skus HTTP/1.1" 200 OK
{"timestamp": "2026-08-06T10:22:18.613597+00:00Z", "level": "ERROR", "logger": "sqlalchemy.pool.impl.NullPool", "message": "The garbage collector is trying to clean up non-checked-in connection <AdaptedConnection <aiosqlite.core.Connection object at 0x11686aad0>>, which will be dropped, as it cannot be safely terminated.  Please ensure that SQLAlchemy pooled connections are returned to the pool explicitly, either by calling ``close()`` or by using appropriate context managers to manage their lifecycle.", "module": "base", "function": "_finalize_fairy", "line": 1031, "request_id": "06a74605-a9c6-7972-8000-53a2d7ac19cd"}
sys:1: SAWarning: The garbage collector is trying to clean up non-checked-in connection <AdaptedConnection <aiosqlite.core.Connection object at 0x11686aad0>>, which will be dropped, as it cannot be safely terminated.  Please ensure that SQLAlchemy pooled connections are returned to the pool explicitly, either by calling ``close()`` or by using appropriate context managers to manage their lifecycle.
{"timestamp": "2026-08-06T10:22:18.614128+00:00Z", "level": "ERROR", "logger": "sqlalchemy.pool.impl.NullPool", "message": "The garbage collector is trying to clean up non-checked-in connection <AdaptedConnection <aiosqlite.core.Connection object at 0x11686fa10>>, which will be dropped, as it cannot be safely terminated.  Please ensure that SQLAlchemy pooled connections are returned to the pool explicitly, either by calling ``close()`` or by using appropriate context managers to manage their lifecycle.", "module": "base", "function": "_finalize_fairy", "line": 1031, "request_id": "06a74605-a9c6-7972-8000-53a2d7ac19cd"}
sys:1: SAWarning: The garbage collector is trying to clean up non-checked-in connection <AdaptedConnection <aiosqlite.core.Connection object at 0x11686fa10>>, which will be dropped, as it cannot be safely terminated.  Please ensure that SQLAlchemy pooled connections are returned to the pool explicitly, either by calling ``close()`` or by using appropriate context managers to manage their lifecycle.
{"timestamp": "2026-08-06T10:22:18.614293+00:00Z", "level": "ERROR", "logger": "sqlalchemy.pool.impl.NullPool", "message": "The garbage collector is trying to clean up non-checked-in connection <AdaptedConnection <aiosqlite.core.Connection object at 0x116853890>>, which will be dropped, as it cannot be safely terminated.  Please ensure that SQLAlchemy pooled connections are returned to the pool explicitly, either by calling ``close()`` or by using appropriate context managers to manage their lifecycle.", "module": "base", "function": "_finalize_fairy", "line": 1031, "request_id": "06a74605-a9c6-7972-8000-53a2d7ac19cd"}
sys:1: SAWarning: The garbage collector is trying to clean up non-checked-in connection <AdaptedConnection <aiosqlite.core.Connection object at 0x116853890>>, which will be dropped, as it cannot be safely terminated.  Please ensure that SQLAlchemy pooled connections are returned to the pool explicitly, either by calling ``close()`` or by using appropriate context managers to manage their lifecycle.
{"timestamp": "2026-08-06T10:22:18.614432+00:00Z", "level": "ERROR", "logger": "sqlalchemy.pool.impl.NullPool", "message": "The garbage collector is trying to clean up non-checked-in connection <AdaptedConnection <aiosqlite.core.Connection object at 0x116896d50>>, which will be dropped, as it cannot be safely terminated.  Please ensure that SQLAlchemy pooled connections are returned to the pool explicitly, either by calling ``close()`` or by using appropriate context managers to manage their lifecycle.", "module": "base", "function": "_finalize_fairy", "line": 1031, "request_id": "06a74605-a9c6-7972-8000-53a2d7ac19cd"}
sys:1: SAWarning: The garbage collector is trying to clean up non-checked-in connection <AdaptedConnection <aiosqlite.core.Connection object at 0x116896d50>>, which will be dropped, as it cannot be safely terminated.  Please ensure that SQLAlchemy pooled connections are returned to the pool explicitly, either by calling ``close()`` or by using appropriate context managers to manage their lifecycle.
{"timestamp": "2026-08-06T10:22:18.614560+00:00Z", "level": "ERROR", "logger": "sqlalchemy.pool.impl.NullPool", "message": "The garbage collector is trying to clean up non-checked-in connection <AdaptedConnection <aiosqlite.core.Connection object at 0x1168971d0>>, which will be dropped, as it cannot be safely terminated.  Please ensure that SQLAlchemy pooled connections are returned to the pool explicitly, either by calling ``close()`` or by using appropriate context managers to manage their lifecycle.", "module": "base", "function": "_finalize_fairy", "line": 1031, "request_id": "06a74605-a9c6-7972-8000-53a2d7ac19cd"}
sys:1: SAWarning: The garbage collector is trying to clean up non-checked-in connection <AdaptedConnection <aiosqlite.core.Connection object at 0x1168971d0>>, which will be dropped, as it cannot be safely terminated.  Please ensure that SQLAlchemy pooled connections are returned to the pool explicitly, either by calling ``close()`` or by using appropriate context managers to manage their lifecycle.
{"timestamp": "2026-08-06T10:22:18.614677+00:00Z", "level": "ERROR", "logger": "sqlalchemy.pool.impl.NullPool", "message": "The garbage collector is trying to clean up non-checked-in connection <AdaptedConnection <aiosqlite.core.Connection object at 0x116897e90>>, which will be dropped, as it cannot be safely terminated.  Please ensure that SQLAlchemy pooled connections are returned to the pool explicitly, either by calling ``close()`` or by using appropriate context managers to manage their lifecycle.", "module": "base", "function": "_finalize_fairy", "line": 1031, "request_id": "06a74605-a9c6-7972-8000-53a2d7ac19cd"}
sys:1: SAWarning: The garbage collector is trying to clean up non-checked-in connection <AdaptedConnection <aiosqlite.core.Connection object at 0x116897e90>>, which will be dropped, as it cannot be safely terminated.  Please ensure that SQLAlchemy pooled connections are returned to the pool explicitly, either by calling ``close()`` or by using appropriate context managers to manage their lifecycle.
INFO:     127.0.0.1:57345 - "GET /api/v1/inventory/balances HTTP/1.1" 200 OK
{"timestamp": "2026-08-06T10:22:18.679895+00:00Z", "level": "ERROR", "logger": "sqlalchemy.pool.impl.NullPool", "message": "The garbage collector is trying to clean up non-checked-in connection <AdaptedConnection <aiosqlite.core.Connection object at 0x11669dfd0>>, which will be dropped, as it cannot be safely terminated.  Please ensure that SQLAlchemy pooled connections are returned to the pool explicitly, either by calling ``close()`` or by using appropriate context managers to manage their lifecycle.", "module": "base", "function": "_finalize_fairy", "line": 1031, "request_id": "06a74605-a9c6-7972-8000-53a2d7ac19cd"}
sys:1: SAWarning: The garbage collector is trying to clean up non-checked-in connection <AdaptedConnection <aiosqlite.core.Connection object at 0x11669dfd0>>, which will be dropped, as it cannot be safely terminated.  Please ensure that SQLAlchemy pooled connections are returned to the pool explicitly, either by calling ``close()`` or by using appropriate context managers to manage their lifecycle.
{"timestamp": "2026-08-06T10:22:18.680195+00:00Z", "level": "ERROR", "logger": "sqlalchemy.pool.impl.NullPool", "message": "The garbage collector is trying to clean up non-checked-in connection <AdaptedConnection <aiosqlite.core.Connection object at 0x1168506d0>>, which will be dropped, as it cannot be safely terminated.  Please ensure that SQLAlchemy pooled connections are returned to the pool explicitly, either by calling ``close()`` or by using appropriate context managers to manage their lifecycle.", "module": "base", "function": "_finalize_fairy", "line": 1031, "request_id": "06a74605-a9c6-7972-8000-53a2d7ac19cd"}
sys:1: SAWarning: The garbage collector is trying to clean up non-checked-in connection <AdaptedConnection <aiosqlite.core.Connection object at 0x1168506d0>>, which will be dropped, as it cannot be safely terminated.  Please ensure that SQLAlchemy pooled connections are returned to the pool explicitly, either by calling ``close()`` or by using appropriate context managers to manage their lifecycle.
{"timestamp": "2026-08-06T10:22:18.693622+00:00Z", "level": "ERROR", "logger": "foundation.exceptions", "message": "Unhandled Exception: 1 validation error for SKUResponse\ncolor\n  String should have at most 50 characters [type=string_too_long, input_value='French Blue (Base), Must...d Ivory White (Accents)', input_type=str]\n    For further information visit https://errors.pydantic.dev/2.7/v/string_too_long", "module": "handlers", "function": "unhandled_exception_handler", "line": 47, "request_id": "06a74605-a9c6-7972-8000-53a2d7ac19cd", "exception": "  + Exception Group Traceback (most recent call last):\n  |   File \"/Users/sumatidhingra/Documents/AaramBooks/Aaram_Inventory/test_env/lib/python3.11/site-packages/starlette/_utils.py\", line 87, in collapse_excgroups\n  |     yield\n  |   File \"/Users/sumatidhingra/Documents/AaramBooks/Aaram_Inventory/test_env/lib/python3.11/site-packages/starlette/middleware/base.py\", line 190, in __call__\n  |     async with anyio.create_task_group() as task_group:\n  |   File \"/Users/sumatidhingra/Documents/AaramBooks/Aaram_Inventory/test_env/lib/python3.11/site-packages/anyio/_backends/_asyncio.py\", line 815, in __aexit__\n  |     raise BaseExceptionGroup(\n  | ExceptionGroup: unhandled errors in a TaskGroup (1 sub-exception)\n  +-+---------------- 1 ----------------\n    | Traceback (most recent call last):\n    |   File \"/Users/sumatidhingra/Documents/AaramBooks/Aaram_Inventory/test_env/lib/python3.11/site-packages/starlette/middleware/errors.py\", line 164, in __call__\n    |     await self.app(scope, receive, _send)\n    |   File \"/Users/sumatidhingra/Documents/AaramBooks/Aaram_Inventory/test_env/lib/python3.11/site-packages/starlette/middleware/base.py\", line 189, in __call__\n    |     with collapse_excgroups():\n    |   File \"/Library/Frameworks/Python.framework/Versions/3.11/lib/python3.11/contextlib.py\", line 158, in __exit__\n    |     self.gen.throw(typ, value, traceback)\n    |   File \"/Users/sumatidhingra/Documents/AaramBooks/Aaram_Inventory/test_env/lib/python3.11/site-packages/starlette/_utils.py\", line 93, in collapse_excgroups\n    |     raise exc\n    |   File \"/Users/sumatidhingra/Documents/AaramBooks/Aaram_Inventory/test_env/lib/python3.11/site-packages/starlette/middleware/base.py\", line 191, in __call__\n    |     response = await self.dispatch_func(request, call_next)\n    |                ^^^^^^^^^^^^^^^^^^^^^^^^^^^^^^^^^^^^^^^^^^^^\n    |   File \"/Users/sumatidhingra/Documents/AaramBooks/Aaram_Inventory/src/foundation/api/middleware.py\", line 15, in dispatch\n    |     response: Response = await call_next(request)\n    |                          ^^^^^^^^^^^^^^^^^^^^^^^^\n    |   File \"/Users/sumatidhingra/Documents/AaramBooks/Aaram_Inventory/test_env/lib/python3.11/site-packages/starlette/middleware/base.py\", line 165, in call_next\n    |     raise app_exc\n    |   File \"/Users/sumatidhingra/Documents/AaramBooks/Aaram_Inventory/test_env/lib/python3.11/site-packages/starlette/middleware/base.py\", line 151, in coro\n    |     await self.app(scope, receive_or_disconnect, send_no_error)\n    |   File \"/Users/sumatidhingra/Documents/AaramBooks/Aaram_Inventory/test_env/lib/python3.11/site-packages/starlette/middleware/cors.py\", line 93, in __call__\n    |     await self.simple_response(scope, receive, send, request_headers=headers)\n    |   File \"/Users/sumatidhingra/Documents/AaramBooks/Aaram_Inventory/test_env/lib/python3.11/site-packages/starlette/middleware/cors.py\", line 148, in simple_response\n    |     await self.app(scope, receive, send)\n    |   File \"/Users/sumatidhingra/Documents/AaramBooks/Aaram_Inventory/test_env/lib/python3.11/site-packages/starlette/middleware/exceptions.py\", line 65, in __call__\n    |     await wrap_app_handling_exceptions(self.app, conn)(scope, receive, send)\n    |   File \"/Users/sumatidhingra/Documents/AaramBooks/Aaram_Inventory/test_env/lib/python3.11/site-packages/starlette/_exception_handler.py\", line 64, in wrapped_app\n    |     raise exc\n    |   File \"/Users/sumatidhingra/Documents/AaramBooks/Aaram_Inventory/test_env/lib/python3.11/site-packages/starlette/_exception_handler.py\", line 53, in wrapped_app\n    |     await app(scope, receive, sender)\n    |   File \"/Users/sumatidhingra/Documents/AaramBooks/Aaram_Inventory/test_env/lib/python3.11/site-packages/starlette/routing.py\", line 756, in __call__\n    |     await self.middleware_stack(scope, receive, send)\n    |   File \"/Users/sumatidhingra/Documents/AaramBooks/Aaram_Inventory/test_env/lib/python3.11/site-packages/starlette/routing.py\", line 776, in app\n    |     await route.handle(scope, receive, send)\n    |   File \"/Users/sumatidhingra/Documents/AaramBooks/Aaram_Inventory/test_env/lib/python3.11/site-packages/starlette/routing.py\", line 297, in handle\n    |     await self.app(scope, receive, send)\n    |   File \"/Users/sumatidhingra/Documents/AaramBooks/Aaram_Inventory/test_env/lib/python3.11/site-packages/starlette/routing.py\", line 77, in app\n    |     await wrap_app_handling_exceptions(app, request)(scope, receive, send)\n    |   File \"/Users/sumatidhingra/Documents/AaramBooks/Aaram_Inventory/test_env/lib/python3.11/site-packages/starlette/_exception_handler.py\", line 64, in wrapped_app\n    |     raise exc\n    |   File \"/Users/sumatidhingra/Documents/AaramBooks/Aaram_Inventory/test_env/lib/python3.11/site-packages/starlette/_exception_handler.py\", line 53, in wrapped_app\n    |     await app(scope, receive, sender)\n    |   File \"/Users/sumatidhingra/Documents/AaramBooks/Aaram_Inventory/test_env/lib/python3.11/site-packages/starlette/routing.py\", line 72, in app\n    |     response = await func(request)\n    |                ^^^^^^^^^^^^^^^^^^^\n    |   File \"/Users/sumatidhingra/Documents/AaramBooks/Aaram_Inventory/test_env/lib/python3.11/site-packages/fastapi/routing.py\", line 278, in app\n    |     raw_response = await run_endpoint_function(\n    |                    ^^^^^^^^^^^^^^^^^^^^^^^^^^^^\n    |   File \"/Users/sumatidhingra/Documents/AaramBooks/Aaram_Inventory/test_env/lib/python3.11/site-packages/fastapi/routing.py\", line 191, in run_endpoint_function\n    |     return await dependant.call(**values)\n    |            ^^^^^^^^^^^^^^^^^^^^^^^^^^^^^^\n    |   File \"/Users/sumatidhingra/Documents/AaramBooks/Aaram_Inventory/test_env/lib/python3.11/site-packages/dependency_injector/wiring.py\", line 994, in _patched\n    |     return await _async_inject(\n    |            ^^^^^^^^^^^^^^^^^^^^\n    |   File \"src/dependency_injector/_cwiring.pyx\", line 66, in _async_inject\n    |   File \"/Users/sumatidhingra/Documents/AaramBooks/Aaram_Inventory/src/domains/masters/api/sku.py\", line 22, in list_skus\n    |     response_data = [SKUResponse.model_validate(sku, from_attributes=True) for sku in skus]\n    |                     ^^^^^^^^^^^^^^^^^^^^^^^^^^^^^^^^^^^^^^^^^^^^^^^^^^^^^^^^^^^^^^^^^^^^^^^\n    |   File \"/Users/sumatidhingra/Documents/AaramBooks/Aaram_Inventory/src/domains/masters/api/sku.py\", line 22, in <listcomp>\n    |     response_data = [SKUResponse.model_validate(sku, from_attributes=True) for sku in skus]\n    |                      ^^^^^^^^^^^^^^^^^^^^^^^^^^^^^^^^^^^^^^^^^^^^^^^^^^^^^\n    |   File \"/Users/sumatidhingra/Documents/AaramBooks/Aaram_Inventory/test_env/lib/python3.11/site-packages/pydantic/main.py\", line 551, in model_validate\n    |     return cls.__pydantic_validator__.validate_python(\n    |            ^^^^^^^^^^^^^^^^^^^^^^^^^^^^^^^^^^^^^^^^^^^\n    | pydantic_core._pydantic_core.ValidationError: 1 validation error for SKUResponse\n    | color\n    |   String should have at most 50 characters [type=string_too_long, input_value='French Blue (Base), Must...d Ivory White (Accents)', input_type=str]\n    |     For further information visit https://errors.pydantic.dev/2.7/v/string_too_long\n    +------------------------------------\n\nDuring handling of the above exception, another exception occurred:\n\nTraceback (most recent call last):\n  File \"/Users/sumatidhingra/Documents/AaramBooks/Aaram_Inventory/test_env/lib/python3.11/site-packages/starlette/middleware/errors.py\", line 164, in __call__\n    await self.app(scope, receive, _send)\n  File \"/Users/sumatidhingra/Documents/AaramBooks/Aaram_Inventory/test_env/lib/python3.11/site-packages/starlette/middleware/base.py\", line 189, in __call__\n    with collapse_excgroups():\n  File \"/Library/Frameworks/Python.framework/Versions/3.11/lib/python3.11/contextlib.py\", line 158, in __exit__\n    self.gen.throw(typ, value, traceback)\n  File \"/Users/sumatidhingra/Documents/AaramBooks/Aaram_Inventory/test_env/lib/python3.11/site-packages/starlette/_utils.py\", line 93, in collapse_excgroups\n    raise exc\n  File \"/Users/sumatidhingra/Documents/AaramBooks/Aaram_Inventory/test_env/lib/python3.11/site-packages/starlette/middleware/base.py\", line 191, in __call__\n    response = await self.dispatch_func(request, call_next)\n               ^^^^^^^^^^^^^^^^^^^^^^^^^^^^^^^^^^^^^^^^^^^^\n  File \"/Users/sumatidhingra/Documents/AaramBooks/Aaram_Inventory/src/foundation/api/middleware.py\", line 15, in dispatch\n    response: Response = await call_next(request)\n                         ^^^^^^^^^^^^^^^^^^^^^^^^\n  File \"/Users/sumatidhingra/Documents/AaramBooks/Aaram_Inventory/test_env/lib/python3.11/site-packages/starlette/middleware/base.py\", line 165, in call_next\n    raise app_exc\n  File \"/Users/sumatidhingra/Documents/AaramBooks/Aaram_Inventory/test_env/lib/python3.11/site-packages/starlette/middleware/base.py\", line 151, in coro\n    await self.app(scope, receive_or_disconnect, send_no_error)\n  File \"/Users/sumatidhingra/Documents/AaramBooks/Aaram_Inventory/test_env/lib/python3.11/site-packages/starlette/middleware/cors.py\", line 93, in __call__\n    await self.simple_response(scope, receive, send, request_headers=headers)\n  File \"/Users/sumatidhingra/Documents/AaramBooks/Aaram_Inventory/test_env/lib/python3.11/site-packages/starlette/middleware/cors.py\", line 148, in simple_response\n    await self.app(scope, receive, send)\n  File \"/Users/sumatidhingra/Documents/AaramBooks/Aaram_Inventory/test_env/lib/python3.11/site-packages/starlette/middleware/exceptions.py\", line 65, in __call__\n    await wrap_app_handling_exceptions(self.app, conn)(scope, receive, send)\n  File \"/Users/sumatidhingra/Documents/AaramBooks/Aaram_Inventory/test_env/lib/python3.11/site-packages/starlette/_exception_handler.py\", line 64, in wrapped_app\n    raise exc\n  File \"/Users/sumatidhingra/Documents/AaramBooks/Aaram_Inventory/test_env/lib/python3.11/site-packages/starlette/_exception_handler.py\", line 53, in wrapped_app\n    await app(scope, receive, sender)\n  File \"/Users/sumatidhingra/Documents/AaramBooks/Aaram_Inventory/test_env/lib/python3.11/site-packages/starlette/routing.py\", line 756, in __call__\n    await self.middleware_stack(scope, receive, send)\n  File \"/Users/sumatidhingra/Documents/AaramBooks/Aaram_Inventory/test_env/lib/python3.11/site-packages/starlette/routing.py\", line 776, in app\n    await route.handle(scope, receive, send)\n  File \"/Users/sumatidhingra/Documents/AaramBooks/Aaram_Inventory/test_env/lib/python3.11/site-packages/starlette/routing.py\", line 297, in handle\n    await self.app(scope, receive, send)\n  File \"/Users/sumatidhingra/Documents/AaramBooks/Aaram_Inventory/test_env/lib/python3.11/site-packages/starlette/routing.py\", line 77, in app\n    await wrap_app_handling_exceptions(app, request)(scope, receive, send)\n  File \"/Users/sumatidhingra/Documents/AaramBooks/Aaram_Inventory/test_env/lib/python3.11/site-packages/starlette/_exception_handler.py\", line 64, in wrapped_app\n    raise exc\n  File \"/Users/sumatidhingra/Documents/AaramBooks/Aaram_Inventory/test_env/lib/python3.11/site-packages/starlette/_exception_handler.py\", line 53, in wrapped_app\n    await app(scope, receive, sender)\n  File \"/Users/sumatidhingra/Documents/AaramBooks/Aaram_Inventory/test_env/lib/python3.11/site-packages/starlette/routing.py\", line 72, in app\n    response = await func(request)\n               ^^^^^^^^^^^^^^^^^^^\n  File \"/Users/sumatidhingra/Documents/AaramBooks/Aaram_Inventory/test_env/lib/python3.11/site-packages/fastapi/routing.py\", line 278, in app\n    raw_response = await run_endpoint_function(\n                   ^^^^^^^^^^^^^^^^^^^^^^^^^^^^\n  File \"/Users/sumatidhingra/Documents/AaramBooks/Aaram_Inventory/test_env/lib/python3.11/site-packages/fastapi/routing.py\", line 191, in run_endpoint_function\n    return await dependant.call(**values)\n           ^^^^^^^^^^^^^^^^^^^^^^^^^^^^^^\n  File \"/Users/sumatidhingra/Documents/AaramBooks/Aaram_Inventory/test_env/lib/python3.11/site-packages/dependency_injector/wiring.py\", line 994, in _patched\n    return await _async_inject(\n           ^^^^^^^^^^^^^^^^^^^^\n  File \"src/dependency_injector/_cwiring.pyx\", line 66, in _async_inject\n  File \"/Users/sumatidhingra/Documents/AaramBooks/Aaram_Inventory/src/domains/masters/api/sku.py\", line 22, in list_skus\n    response_data = [SKUResponse.model_validate(sku, from_attributes=True) for sku in skus]\n                    ^^^^^^^^^^^^^^^^^^^^^^^^^^^^^^^^^^^^^^^^^^^^^^^^^^^^^^^^^^^^^^^^^^^^^^^\n  File \"/Users/sumatidhingra/Documents/AaramBooks/Aaram_Inventory/src/domains/masters/api/sku.py\", line 22, in <listcomp>\n    response_data = [SKUResponse.model_validate(sku, from_attributes=True) for sku in skus]\n                     ^^^^^^^^^^^^^^^^^^^^^^^^^^^^^^^^^^^^^^^^^^^^^^^^^^^^^\n  File \"/Users/sumatidhingra/Documents/AaramBooks/Aaram_Inventory/test_env/lib/python3.11/site-packages/pydantic/main.py\", line 551, in model_validate\n    return cls.__pydantic_validator__.validate_python(\n           ^^^^^^^^^^^^^^^^^^^^^^^^^^^^^^^^^^^^^^^^^^^\npydantic_core._pydantic_core.ValidationError: 1 validation error for SKUResponse\ncolor\n  String should have at most 50 characters [type=string_too_long, input_value='French Blue (Base), Must...d Ivory White (Accents)', input_type=str]\n    For further information visit https://errors.pydantic.dev/2.7/v/string_too_long"}
INFO:     127.0.0.1:57337 - "GET /api/v1/masters/skus HTTP/1.1" 500 Internal Server Error
ERROR:    Exception in ASGI application
  + Exception Group Traceback (most recent call last):
  |   File "/Users/sumatidhingra/Documents/AaramBooks/Aaram_Inventory/test_env/lib/python3.11/site-packages/starlette/_utils.py", line 87, in collapse_excgroups
  |     yield
  |   File "/Users/sumatidhingra/Documents/AaramBooks/Aaram_Inventory/test_env/lib/python3.11/site-packages/starlette/middleware/base.py", line 190, in __call__
  |     async with anyio.create_task_group() as task_group:
  |   File "/Users/sumatidhingra/Documents/AaramBooks/Aaram_Inventory/test_env/lib/python3.11/site-packages/anyio/_backends/_asyncio.py", line 815, in __aexit__
  |     raise BaseExceptionGroup(
  | ExceptionGroup: unhandled errors in a TaskGroup (1 sub-exception)
  +-+---------------- 1 ----------------
    | Traceback (most recent call last):
    |   File "/Users/sumatidhingra/Documents/AaramBooks/Aaram_Inventory/test_env/lib/python3.11/site-packages/uvicorn/protocols/http/httptools_impl.py", line 399, in run_asgi
    |     result = await app(  # type: ignore[func-returns-value]
    |              ^^^^^^^^^^^^^^^^^^^^^^^^^^^^^^^^^^^^^^^^^^^^^^
    |   File "/Users/sumatidhingra/Documents/AaramBooks/Aaram_Inventory/test_env/lib/python3.11/site-packages/uvicorn/middleware/proxy_headers.py", line 70, in __call__
    |     return await self.app(scope, receive, send)
    |            ^^^^^^^^^^^^^^^^^^^^^^^^^^^^^^^^^^^^
    |   File "/Users/sumatidhingra/Documents/AaramBooks/Aaram_Inventory/test_env/lib/python3.11/site-packages/fastapi/applications.py", line 1054, in __call__
    |     await super().__call__(scope, receive, send)
    |   File "/Users/sumatidhingra/Documents/AaramBooks/Aaram_Inventory/test_env/lib/python3.11/site-packages/starlette/applications.py", line 123, in __call__
    |     await self.middleware_stack(scope, receive, send)
    |   File "/Users/sumatidhingra/Documents/AaramBooks/Aaram_Inventory/test_env/lib/python3.11/site-packages/starlette/middleware/errors.py", line 186, in __call__
    |     raise exc
    |   File "/Users/sumatidhingra/Documents/AaramBooks/Aaram_Inventory/test_env/lib/python3.11/site-packages/starlette/middleware/errors.py", line 164, in __call__
    |     await self.app(scope, receive, _send)
    |   File "/Users/sumatidhingra/Documents/AaramBooks/Aaram_Inventory/test_env/lib/python3.11/site-packages/starlette/middleware/base.py", line 189, in __call__
    |     with collapse_excgroups():
    |   File "/Library/Frameworks/Python.framework/Versions/3.11/lib/python3.11/contextlib.py", line 158, in __exit__
    |     self.gen.throw(typ, value, traceback)
    |   File "/Users/sumatidhingra/Documents/AaramBooks/Aaram_Inventory/test_env/lib/python3.11/site-packages/starlette/_utils.py", line 93, in collapse_excgroups
    |     raise exc
    |   File "/Users/sumatidhingra/Documents/AaramBooks/Aaram_Inventory/test_env/lib/python3.11/site-packages/starlette/middleware/base.py", line 191, in __call__
    |     response = await self.dispatch_func(request, call_next)
    |                ^^^^^^^^^^^^^^^^^^^^^^^^^^^^^^^^^^^^^^^^^^^^
    |   File "/Users/sumatidhingra/Documents/AaramBooks/Aaram_Inventory/src/foundation/api/middleware.py", line 15, in dispatch
    |     response: Response = await call_next(request)
    |                          ^^^^^^^^^^^^^^^^^^^^^^^^
    |   File "/Users/sumatidhingra/Documents/AaramBooks/Aaram_Inventory/test_env/lib/python3.11/site-packages/starlette/middleware/base.py", line 165, in call_next
    |     raise app_exc
    |   File "/Users/sumatidhingra/Documents/AaramBooks/Aaram_Inventory/test_env/lib/python3.11/site-packages/starlette/middleware/base.py", line 151, in coro
    |     await self.app(scope, receive_or_disconnect, send_no_error)
    |   File "/Users/sumatidhingra/Documents/AaramBooks/Aaram_Inventory/test_env/lib/python3.11/site-packages/starlette/middleware/cors.py", line 93, in __call__
    |     await self.simple_response(scope, receive, send, request_headers=headers)
    |   File "/Users/sumatidhingra/Documents/AaramBooks/Aaram_Inventory/test_env/lib/python3.11/site-packages/starlette/middleware/cors.py", line 148, in simple_response
    |     await self.app(scope, receive, send)
    |   File "/Users/sumatidhingra/Documents/AaramBooks/Aaram_Inventory/test_env/lib/python3.11/site-packages/starlette/middleware/exceptions.py", line 65, in __call__
    |     await wrap_app_handling_exceptions(self.app, conn)(scope, receive, send)
    |   File "/Users/sumatidhingra/Documents/AaramBooks/Aaram_Inventory/test_env/lib/python3.11/site-packages/starlette/_exception_handler.py", line 64, in wrapped_app
    |     raise exc
    |   File "/Users/sumatidhingra/Documents/AaramBooks/Aaram_Inventory/test_env/lib/python3.11/site-packages/starlette/_exception_handler.py", line 53, in wrapped_app
    |     await app(scope, receive, sender)
    |   File "/Users/sumatidhingra/Documents/AaramBooks/Aaram_Inventory/test_env/lib/python3.11/site-packages/starlette/routing.py", line 756, in __call__
    |     await self.middleware_stack(scope, receive, send)
    |   File "/Users/sumatidhingra/Documents/AaramBooks/Aaram_Inventory/test_env/lib/python3.11/site-packages/starlette/routing.py", line 776, in app
    |     await route.handle(scope, receive, send)
    |   File "/Users/sumatidhingra/Documents/AaramBooks/Aaram_Inventory/test_env/lib/python3.11/site-packages/starlette/routing.py", line 297, in handle
    |     await self.app(scope, receive, send)
    |   File "/Users/sumatidhingra/Documents/AaramBooks/Aaram_Inventory/test_env/lib/python3.11/site-packages/starlette/routing.py", line 77, in app
    |     await wrap_app_handling_exceptions(app, request)(scope, receive, send)
    |   File "/Users/sumatidhingra/Documents/AaramBooks/Aaram_Inventory/test_env/lib/python3.11/site-packages/starlette/_exception_handler.py", line 64, in wrapped_app
    |     raise exc
    |   File "/Users/sumatidhingra/Documents/AaramBooks/Aaram_Inventory/test_env/lib/python3.11/site-packages/starlette/_exception_handler.py", line 53, in wrapped_app
    |     await app(scope, receive, sender)
    |   File "/Users/sumatidhingra/Documents/AaramBooks/Aaram_Inventory/test_env/lib/python3.11/site-packages/starlette/routing.py", line 72, in app
    |     response = await func(request)
    |                ^^^^^^^^^^^^^^^^^^^
    |   File "/Users/sumatidhingra/Documents/AaramBooks/Aaram_Inventory/test_env/lib/python3.11/site-packages/fastapi/routing.py", line 278, in app
    |     raw_response = await run_endpoint_function(
    |                    ^^^^^^^^^^^^^^^^^^^^^^^^^^^^
    |   File "/Users/sumatidhingra/Documents/AaramBooks/Aaram_Inventory/test_env/lib/python3.11/site-packages/fastapi/routing.py", line 191, in run_endpoint_function
    |     return await dependant.call(**values)
    |            ^^^^^^^^^^^^^^^^^^^^^^^^^^^^^^
    |   File "/Users/sumatidhingra/Documents/AaramBooks/Aaram_Inventory/test_env/lib/python3.11/site-packages/dependency_injector/wiring.py", line 994, in _patched
    |     return await _async_inject(
    |            ^^^^^^^^^^^^^^^^^^^^
    |   File "src/dependency_injector/_cwiring.pyx", line 66, in _async_inject
    |   File "/Users/sumatidhingra/Documents/AaramBooks/Aaram_Inventory/src/domains/masters/api/sku.py", line 22, in list_skus
    |     response_data = [SKUResponse.model_validate(sku, from_attributes=True) for sku in skus]
    |                     ^^^^^^^^^^^^^^^^^^^^^^^^^^^^^^^^^^^^^^^^^^^^^^^^^^^^^^^^^^^^^^^^^^^^^^^
    |   File "/Users/sumatidhingra/Documents/AaramBooks/Aaram_Inventory/src/domains/masters/api/sku.py", line 22, in <listcomp>
    |     response_data = [SKUResponse.model_validate(sku, from_attributes=True) for sku in skus]
    |                      ^^^^^^^^^^^^^^^^^^^^^^^^^^^^^^^^^^^^^^^^^^^^^^^^^^^^^
    |   File "/Users/sumatidhingra/Documents/AaramBooks/Aaram_Inventory/test_env/lib/python3.11/site-packages/pydantic/main.py", line 551, in model_validate
    |     return cls.__pydantic_validator__.validate_python(
    |            ^^^^^^^^^^^^^^^^^^^^^^^^^^^^^^^^^^^^^^^^^^^
    | pydantic_core._pydantic_core.ValidationError: 1 validation error for SKUResponse
    | color
    |   String should have at most 50 characters [type=string_too_long, input_value='French Blue (Base), Must...d Ivory White (Accents)', input_type=str]
    |     For further information visit https://errors.pydantic.dev/2.7/v/string_too_long
    +------------------------------------

During handling of the above exception, another exception occurred:

Traceback (most recent call last):
  File "/Users/sumatidhingra/Documents/AaramBooks/Aaram_Inventory/test_env/lib/python3.11/site-packages/uvicorn/protocols/http/httptools_impl.py", line 399, in run_asgi
    result = await app(  # type: ignore[func-returns-value]
             ^^^^^^^^^^^^^^^^^^^^^^^^^^^^^^^^^^^^^^^^^^^^^^
  File "/Users/sumatidhingra/Documents/AaramBooks/Aaram_Inventory/test_env/lib/python3.11/site-packages/uvicorn/middleware/proxy_headers.py", line 70, in __call__
    return await self.app(scope, receive, send)
           ^^^^^^^^^^^^^^^^^^^^^^^^^^^^^^^^^^^^
  File "/Users/sumatidhingra/Documents/AaramBooks/Aaram_Inventory/test_env/lib/python3.11/site-packages/fastapi/applications.py", line 1054, in __call__
    await super().__call__(scope, receive, send)
  File "/Users/sumatidhingra/Documents/AaramBooks/Aaram_Inventory/test_env/lib/python3.11/site-packages/starlette/applications.py", line 123, in __call__
    await self.middleware_stack(scope, receive, send)
  File "/Users/sumatidhingra/Documents/AaramBooks/Aaram_Inventory/test_env/lib/python3.11/site-packages/starlette/middleware/errors.py", line 186, in __call__
    raise exc
  File "/Users/sumatidhingra/Documents/AaramBooks/Aaram_Inventory/test_env/lib/python3.11/site-packages/starlette/middleware/errors.py", line 164, in __call__
    await self.app(scope, receive, _send)
  File "/Users/sumatidhingra/Documents/AaramBooks/Aaram_Inventory/test_env/lib/python3.11/site-packages/starlette/middleware/base.py", line 189, in __call__
    with collapse_excgroups():
  File "/Library/Frameworks/Python.framework/Versions/3.11/lib/python3.11/contextlib.py", line 158, in __exit__
    self.gen.throw(typ, value, traceback)
  File "/Users/sumatidhingra/Documents/AaramBooks/Aaram_Inventory/test_env/lib/python3.11/site-packages/starlette/_utils.py", line 93, in collapse_excgroups
    raise exc
  File "/Users/sumatidhingra/Documents/AaramBooks/Aaram_Inventory/test_env/lib/python3.11/site-packages/starlette/middleware/base.py", line 191, in __call__
    response = await self.dispatch_func(request, call_next)
               ^^^^^^^^^^^^^^^^^^^^^^^^^^^^^^^^^^^^^^^^^^^^
  File "/Users/sumatidhingra/Documents/AaramBooks/Aaram_Inventory/src/foundation/api/middleware.py", line 15, in dispatch
    response: Response = await call_next(request)
                         ^^^^^^^^^^^^^^^^^^^^^^^^
  File "/Users/sumatidhingra/Documents/AaramBooks/Aaram_Inventory/test_env/lib/python3.11/site-packages/starlette/middleware/base.py", line 165, in call_next
    raise app_exc
  File "/Users/sumatidhingra/Documents/AaramBooks/Aaram_Inventory/test_env/lib/python3.11/site-packages/starlette/middleware/base.py", line 151, in coro
    await self.app(scope, receive_or_disconnect, send_no_error)
  File "/Users/sumatidhingra/Documents/AaramBooks/Aaram_Inventory/test_env/lib/python3.11/site-packages/starlette/middleware/cors.py", line 93, in __call__
    await self.simple_response(scope, receive, send, request_headers=headers)
  File "/Users/sumatidhingra/Documents/AaramBooks/Aaram_Inventory/test_env/lib/python3.11/site-packages/starlette/middleware/cors.py", line 148, in simple_response
    await self.app(scope, receive, send)
  File "/Users/sumatidhingra/Documents/AaramBooks/Aaram_Inventory/test_env/lib/python3.11/site-packages/starlette/middleware/exceptions.py", line 65, in __call__
    await wrap_app_handling_exceptions(self.app, conn)(scope, receive, send)
  File "/Users/sumatidhingra/Documents/AaramBooks/Aaram_Inventory/test_env/lib/python3.11/site-packages/starlette/_exception_handler.py", line 64, in wrapped_app
    raise exc
  File "/Users/sumatidhingra/Documents/AaramBooks/Aaram_Inventory/test_env/lib/python3.11/site-packages/starlette/_exception_handler.py", line 53, in wrapped_app
    await app(scope, receive, sender)
  File "/Users/sumatidhingra/Documents/AaramBooks/Aaram_Inventory/test_env/lib/python3.11/site-packages/starlette/routing.py", line 756, in __call__
    await self.middleware_stack(scope, receive, send)
  File "/Users/sumatidhingra/Documents/AaramBooks/Aaram_Inventory/test_env/lib/python3.11/site-packages/starlette/routing.py", line 776, in app
    await route.handle(scope, receive, send)
  File "/Users/sumatidhingra/Documents/AaramBooks/Aaram_Inventory/test_env/lib/python3.11/site-packages/starlette/routing.py", line 297, in handle
    await self.app(scope, receive, send)
  File "/Users/sumatidhingra/Documents/AaramBooks/Aaram_Inventory/test_env/lib/python3.11/site-packages/starlette/routing.py", line 77, in app
    await wrap_app_handling_exceptions(app, request)(scope, receive, send)
  File "/Users/sumatidhingra/Documents/AaramBooks/Aaram_Inventory/test_env/lib/python3.11/site-packages/starlette/_exception_handler.py", line 64, in wrapped_app
    raise exc
  File "/Users/sumatidhingra/Documents/AaramBooks/Aaram_Inventory/test_env/lib/python3.11/site-packages/starlette/_exception_handler.py", line 53, in wrapped_app
    await app(scope, receive, sender)
  File "/Users/sumatidhingra/Documents/AaramBooks/Aaram_Inventory/test_env/lib/python3.11/site-packages/starlette/routing.py", line 72, in app
    response = await func(request)
               ^^^^^^^^^^^^^^^^^^^
  File "/Users/sumatidhingra/Documents/AaramBooks/Aaram_Inventory/test_env/lib/python3.11/site-packages/fastapi/routing.py", line 278, in app
    raw_response = await run_endpoint_function(
                   ^^^^^^^^^^^^^^^^^^^^^^^^^^^^
  File "/Users/sumatidhingra/Documents/AaramBooks/Aaram_Inventory/test_env/lib/python3.11/site-packages/fastapi/routing.py", line 191, in run_endpoint_function
    return await dependant.call(**values)
           ^^^^^^^^^^^^^^^^^^^^^^^^^^^^^^
  File "/Users/sumatidhingra/Documents/AaramBooks/Aaram_Inventory/test_env/lib/python3.11/site-packages/dependency_injector/wiring.py", line 994, in _patched
    return await _async_inject(
           ^^^^^^^^^^^^^^^^^^^^
  File "src/dependency_injector/_cwiring.pyx", line 66, in _async_inject
  File "/Users/sumatidhingra/Documents/AaramBooks/Aaram_Inventory/src/domains/masters/api/sku.py", line 22, in list_skus
    response_data = [SKUResponse.model_validate(sku, from_attributes=True) for sku in skus]
                    ^^^^^^^^^^^^^^^^^^^^^^^^^^^^^^^^^^^^^^^^^^^^^^^^^^^^^^^^^^^^^^^^^^^^^^^
  File "/Users/sumatidhingra/Documents/AaramBooks/Aaram_Inventory/src/domains/masters/api/sku.py", line 22, in <listcomp>
    response_data = [SKUResponse.model_validate(sku, from_attributes=True) for sku in skus]
                     ^^^^^^^^^^^^^^^^^^^^^^^^^^^^^^^^^^^^^^^^^^^^^^^^^^^^^
  File "/Users/sumatidhingra/Documents/AaramBooks/Aaram_Inventory/test_env/lib/python3.11/site-packages/pydantic/main.py", line 551, in model_validate
    return cls.__pydantic_validator__.validate_python(
           ^^^^^^^^^^^^^^^^^^^^^^^^^^^^^^^^^^^^^^^^^^^
pydantic_core._pydantic_core.ValidationError: 1 validation error for SKUResponse
color
  String should have at most 50 characters [type=string_too_long, input_value='French Blue (Base), Must...d Ivory White (Accents)', input_type=str]
    For further information visit https://errors.pydantic.dev/2.7/v/string_too_long
{"timestamp": "2026-08-06T10:22:19.736459+00:00Z", "level": "ERROR", "logger": "foundation.exceptions", "message": "Unhandled Exception: 1 validation error for SKUResponse\ncolor\n  String should have at most 50 characters [type=string_too_long, input_value='French Blue (Base), Must...d Ivory White (Accents)', input_type=str]\n    For further information visit https://errors.pydantic.dev/2.7/v/string_too_long", "module": "handlers", "function": "unhandled_exception_handler", "line": 47, "request_id": "06a74605-bb5d-710b-8000-b950b4195f4c", "exception": "  + Exception Group Traceback (most recent call last):\n  |   File \"/Users/sumatidhingra/Documents/AaramBooks/Aaram_Inventory/test_env/lib/python3.11/site-packages/starlette/_utils.py\", line 87, in collapse_excgroups\n  |     yield\n  |   File \"/Users/sumatidhingra/Documents/AaramBooks/Aaram_Inventory/test_env/lib/python3.11/site-packages/starlette/middleware/base.py\", line 190, in __call__\n  |     async with anyio.create_task_group() as task_group:\n  |   File \"/Users/sumatidhingra/Documents/AaramBooks/Aaram_Inventory/test_env/lib/python3.11/site-packages/anyio/_backends/_asyncio.py\", line 815, in __aexit__\n  |     raise BaseExceptionGroup(\n  | ExceptionGroup: unhandled errors in a TaskGroup (1 sub-exception)\n  +-+---------------- 1 ----------------\n    | Traceback (most recent call last):\n    |   File \"/Users/sumatidhingra/Documents/AaramBooks/Aaram_Inventory/test_env/lib/python3.11/site-packages/starlette/middleware/errors.py\", line 164, in __call__\n    |     await self.app(scope, receive, _send)\n    |   File \"/Users/sumatidhingra/Documents/AaramBooks/Aaram_Inventory/test_env/lib/python3.11/site-packages/starlette/middleware/base.py\", line 189, in __call__\n    |     with collapse_excgroups():\n    |   File \"/Library/Frameworks/Python.framework/Versions/3.11/lib/python3.11/contextlib.py\", line 158, in __exit__\n    |     self.gen.throw(typ, value, traceback)\n    |   File \"/Users/sumatidhingra/Documents/AaramBooks/Aaram_Inventory/test_env/lib/python3.11/site-packages/starlette/_utils.py\", line 93, in collapse_excgroups\n    |     raise exc\n    |   File \"/Users/sumatidhingra/Documents/AaramBooks/Aaram_Inventory/test_env/lib/python3.11/site-packages/starlette/middleware/base.py\", line 191, in __call__\n    |     response = await self.dispatch_func(request, call_next)\n    |                ^^^^^^^^^^^^^^^^^^^^^^^^^^^^^^^^^^^^^^^^^^^^\n    |   File \"/Users/sumatidhingra/Documents/AaramBooks/Aaram_Inventory/src/foundation/api/middleware.py\", line 15, in dispatch\n    |     response: Response = await call_next(request)\n    |                          ^^^^^^^^^^^^^^^^^^^^^^^^\n    |   File \"/Users/sumatidhingra/Documents/AaramBooks/Aaram_Inventory/test_env/lib/python3.11/site-packages/starlette/middleware/base.py\", line 165, in call_next\n    |     raise app_exc\n    |   File \"/Users/sumatidhingra/Documents/AaramBooks/Aaram_Inventory/test_env/lib/python3.11/site-packages/starlette/middleware/base.py\", line 151, in coro\n    |     await self.app(scope, receive_or_disconnect, send_no_error)\n    |   File \"/Users/sumatidhingra/Documents/AaramBooks/Aaram_Inventory/test_env/lib/python3.11/site-packages/starlette/middleware/cors.py\", line 93, in __call__\n    |     await self.simple_response(scope, receive, send, request_headers=headers)\n    |   File \"/Users/sumatidhingra/Documents/AaramBooks/Aaram_Inventory/test_env/lib/python3.11/site-packages/starlette/middleware/cors.py\", line 148, in simple_response\n    |     await self.app(scope, receive, send)\n    |   File \"/Users/sumatidhingra/Documents/AaramBooks/Aaram_Inventory/test_env/lib/python3.11/site-packages/starlette/middleware/exceptions.py\", line 65, in __call__\n    |     await wrap_app_handling_exceptions(self.app, conn)(scope, receive, send)\n    |   File \"/Users/sumatidhingra/Documents/AaramBooks/Aaram_Inventory/test_env/lib/python3.11/site-packages/starlette/_exception_handler.py\", line 64, in wrapped_app\n    |     raise exc\n    |   File \"/Users/sumatidhingra/Documents/AaramBooks/Aaram_Inventory/test_env/lib/python3.11/site-packages/starlette/_exception_handler.py\", line 53, in wrapped_app\n    |     await app(scope, receive, sender)\n    |   File \"/Users/sumatidhingra/Documents/AaramBooks/Aaram_Inventory/test_env/lib/python3.11/site-packages/starlette/routing.py\", line 756, in __call__\n    |     await self.middleware_stack(scope, receive, send)\n    |   File \"/Users/sumatidhingra/Documents/AaramBooks/Aaram_Inventory/test_env/lib/python3.11/site-packages/starlette/routing.py\", line 776, in app\n    |     await route.handle(scope, receive, send)\n    |   File \"/Users/sumatidhingra/Documents/AaramBooks/Aaram_Inventory/test_env/lib/python3.11/site-packages/starlette/routing.py\", line 297, in handle\n    |     await self.app(scope, receive, send)\n    |   File \"/Users/sumatidhingra/Documents/AaramBooks/Aaram_Inventory/test_env/lib/python3.11/site-packages/starlette/routing.py\", line 77, in app\n    |     await wrap_app_handling_exceptions(app, request)(scope, receive, send)\n    |   File \"/Users/sumatidhingra/Documents/AaramBooks/Aaram_Inventory/test_env/lib/python3.11/site-packages/starlette/_exception_handler.py\", line 64, in wrapped_app\n    |     raise exc\n    |   File \"/Users/sumatidhingra/Documents/AaramBooks/Aaram_Inventory/test_env/lib/python3.11/site-packages/starlette/_exception_handler.py\", line 53, in wrapped_app\n    |     await app(scope, receive, sender)\n    |   File \"/Users/sumatidhingra/Documents/AaramBooks/Aaram_Inventory/test_env/lib/python3.11/site-packages/starlette/routing.py\", line 72, in app\n    |     response = await func(request)\n    |                ^^^^^^^^^^^^^^^^^^^\n    |   File \"/Users/sumatidhingra/Documents/AaramBooks/Aaram_Inventory/test_env/lib/python3.11/site-packages/fastapi/routing.py\", line 278, in app\n    |     raw_response = await run_endpoint_function(\n    |                    ^^^^^^^^^^^^^^^^^^^^^^^^^^^^\n    |   File \"/Users/sumatidhingra/Documents/AaramBooks/Aaram_Inventory/test_env/lib/python3.11/site-packages/fastapi/routing.py\", line 191, in run_endpoint_function\n    |     return await dependant.call(**values)\n    |            ^^^^^^^^^^^^^^^^^^^^^^^^^^^^^^\n    |   File \"/Users/sumatidhingra/Documents/AaramBooks/Aaram_Inventory/test_env/lib/python3.11/site-packages/dependency_injector/wiring.py\", line 994, in _patched\n    |     return await _async_inject(\n    |            ^^^^^^^^^^^^^^^^^^^^\n    |   File \"src/dependency_injector/_cwiring.pyx\", line 66, in _async_inject\n    |   File \"/Users/sumatidhingra/Documents/AaramBooks/Aaram_Inventory/src/domains/masters/api/sku.py\", line 22, in list_skus\n    |     response_data = [SKUResponse.model_validate(sku, from_attributes=True) for sku in skus]\n    |                     ^^^^^^^^^^^^^^^^^^^^^^^^^^^^^^^^^^^^^^^^^^^^^^^^^^^^^^^^^^^^^^^^^^^^^^^\n    |   File \"/Users/sumatidhingra/Documents/AaramBooks/Aaram_Inventory/src/domains/masters/api/sku.py\", line 22, in <listcomp>\n    |     response_data = [SKUResponse.model_validate(sku, from_attributes=True) for sku in skus]\n    |                      ^^^^^^^^^^^^^^^^^^^^^^^^^^^^^^^^^^^^^^^^^^^^^^^^^^^^^\n    |   File \"/Users/sumatidhingra/Documents/AaramBooks/Aaram_Inventory/test_env/lib/python3.11/site-packages/pydantic/main.py\", line 551, in model_validate\n    |     return cls.__pydantic_validator__.validate_python(\n    |            ^^^^^^^^^^^^^^^^^^^^^^^^^^^^^^^^^^^^^^^^^^^\n    | pydantic_core._pydantic_core.ValidationError: 1 validation error for SKUResponse\n    | color\n    |   String should have at most 50 characters [type=string_too_long, input_value='French Blue (Base), Must...d Ivory White (Accents)', input_type=str]\n    |     For further information visit https://errors.pydantic.dev/2.7/v/string_too_long\n    +------------------------------------\n\nDuring handling of the above exception, another exception occurred:\n\nTraceback (most recent call last):\n  File \"/Users/sumatidhingra/Documents/AaramBooks/Aaram_Inventory/test_env/lib/python3.11/site-packages/starlette/middleware/errors.py\", line 164, in __call__\n    await self.app(scope, receive, _send)\n  File \"/Users/sumatidhingra/Documents/AaramBooks/Aaram_Inventory/test_env/lib/python3.11/site-packages/starlette/middleware/base.py\", line 189, in __call__\n    with collapse_excgroups():\n  File \"/Library/Frameworks/Python.framework/Versions/3.11/lib/python3.11/contextlib.py\", line 158, in __exit__\n    self.gen.throw(typ, value, traceback)\n  File \"/Users/sumatidhingra/Documents/AaramBooks/Aaram_Inventory/test_env/lib/python3.11/site-packages/starlette/_utils.py\", line 93, in collapse_excgroups\n    raise exc\n  File \"/Users/sumatidhingra/Documents/AaramBooks/Aaram_Inventory/test_env/lib/python3.11/site-packages/starlette/middleware/base.py\", line 191, in __call__\n    response = await self.dispatch_func(request, call_next)\n               ^^^^^^^^^^^^^^^^^^^^^^^^^^^^^^^^^^^^^^^^^^^^\n  File \"/Users/sumatidhingra/Documents/AaramBooks/Aaram_Inventory/src/foundation/api/middleware.py\", line 15, in dispatch\n    response: Response = await call_next(request)\n                         ^^^^^^^^^^^^^^^^^^^^^^^^\n  File \"/Users/sumatidhingra/Documents/AaramBooks/Aaram_Inventory/test_env/lib/python3.11/site-packages/starlette/middleware/base.py\", line 165, in call_next\n    raise app_exc\n  File \"/Users/sumatidhingra/Documents/AaramBooks/Aaram_Inventory/test_env/lib/python3.11/site-packages/starlette/middleware/base.py\", line 151, in coro\n    await self.app(scope, receive_or_disconnect, send_no_error)\n  File \"/Users/sumatidhingra/Documents/AaramBooks/Aaram_Inventory/test_env/lib/python3.11/site-packages/starlette/middleware/cors.py\", line 93, in __call__\n    await self.simple_response(scope, receive, send, request_headers=headers)\n  File \"/Users/sumatidhingra/Documents/AaramBooks/Aaram_Inventory/test_env/lib/python3.11/site-packages/starlette/middleware/cors.py\", line 148, in simple_response\n    await self.app(scope, receive, send)\n  File \"/Users/sumatidhingra/Documents/AaramBooks/Aaram_Inventory/test_env/lib/python3.11/site-packages/starlette/middleware/exceptions.py\", line 65, in __call__\n    await wrap_app_handling_exceptions(self.app, conn)(scope, receive, send)\n  File \"/Users/sumatidhingra/Documents/AaramBooks/Aaram_Inventory/test_env/lib/python3.11/site-packages/starlette/_exception_handler.py\", line 64, in wrapped_app\n    raise exc\n  File \"/Users/sumatidhingra/Documents/AaramBooks/Aaram_Inventory/test_env/lib/python3.11/site-packages/starlette/_exception_handler.py\", line 53, in wrapped_app\n    await app(scope, receive, sender)\n  File \"/Users/sumatidhingra/Documents/AaramBooks/Aaram_Inventory/test_env/lib/python3.11/site-packages/starlette/routing.py\", line 756, in __call__\n    await self.middleware_stack(scope, receive, send)\n  File \"/Users/sumatidhingra/Documents/AaramBooks/Aaram_Inventory/test_env/lib/python3.11/site-packages/starlette/routing.py\", line 776, in app\n    await route.handle(scope, receive, send)\n  File \"/Users/sumatidhingra/Documents/AaramBooks/Aaram_Inventory/test_env/lib/python3.11/site-packages/starlette/routing.py\", line 297, in handle\n    await self.app(scope, receive, send)\n  File \"/Users/sumatidhingra/Documents/AaramBooks/Aaram_Inventory/test_env/lib/python3.11/site-packages/starlette/routing.py\", line 77, in app\n    await wrap_app_handling_exceptions(app, request)(scope, receive, send)\n  File \"/Users/sumatidhingra/Documents/AaramBooks/Aaram_Inventory/test_env/lib/python3.11/site-packages/starlette/_exception_handler.py\", line 64, in wrapped_app\n    raise exc\n  File \"/Users/sumatidhingra/Documents/AaramBooks/Aaram_Inventory/test_env/lib/python3.11/site-packages/starlette/_exception_handler.py\", line 53, in wrapped_app\n    await app(scope, receive, sender)\n  File \"/Users/sumatidhingra/Documents/AaramBooks/Aaram_Inventory/test_env/lib/python3.11/site-packages/starlette/routing.py\", line 72, in app\n    response = await func(request)\n               ^^^^^^^^^^^^^^^^^^^\n  File \"/Users/sumatidhingra/Documents/AaramBooks/Aaram_Inventory/test_env/lib/python3.11/site-packages/fastapi/routing.py\", line 278, in app\n    raw_response = await run_endpoint_function(\n                   ^^^^^^^^^^^^^^^^^^^^^^^^^^^^\n  File \"/Users/sumatidhingra/Documents/AaramBooks/Aaram_Inventory/test_env/lib/python3.11/site-packages/fastapi/routing.py\", line 191, in run_endpoint_function\n    return await dependant.call(**values)\n           ^^^^^^^^^^^^^^^^^^^^^^^^^^^^^^\n  File \"/Users/sumatidhingra/Documents/AaramBooks/Aaram_Inventory/test_env/lib/python3.11/site-packages/dependency_injector/wiring.py\", line 994, in _patched\n    return await _async_inject(\n           ^^^^^^^^^^^^^^^^^^^^\n  File \"src/dependency_injector/_cwiring.pyx\", line 66, in _async_inject\n  File \"/Users/sumatidhingra/Documents/AaramBooks/Aaram_Inventory/src/domains/masters/api/sku.py\", line 22, in list_skus\n    response_data = [SKUResponse.model_validate(sku, from_attributes=True) for sku in skus]\n                    ^^^^^^^^^^^^^^^^^^^^^^^^^^^^^^^^^^^^^^^^^^^^^^^^^^^^^^^^^^^^^^^^^^^^^^^\n  File \"/Users/sumatidhingra/Documents/AaramBooks/Aaram_Inventory/src/domains/masters/api/sku.py\", line 22, in <listcomp>\n    response_data = [SKUResponse.model_validate(sku, from_attributes=True) for sku in skus]\n                     ^^^^^^^^^^^^^^^^^^^^^^^^^^^^^^^^^^^^^^^^^^^^^^^^^^^^^\n  File \"/Users/sumatidhingra/Documents/AaramBooks/Aaram_Inventory/test_env/lib/python3.11/site-packages/pydantic/main.py\", line 551, in model_validate\n    return cls.__pydantic_validator__.validate_python(\n           ^^^^^^^^^^^^^^^^^^^^^^^^^^^^^^^^^^^^^^^^^^^\npydantic_core._pydantic_core.ValidationError: 1 validation error for SKUResponse\ncolor\n  String should have at most 50 characters [type=string_too_long, input_value='French Blue (Base), Must...d Ivory White (Accents)', input_type=str]\n    For further information visit https://errors.pydantic.dev/2.7/v/string_too_long"}
INFO:     127.0.0.1:57344 - "GET /api/v1/masters/skus HTTP/1.1" 500 Internal Server Error
ERROR:    Exception in ASGI application
  + Exception Group Traceback (most recent call last):
  |   File "/Users/sumatidhingra/Documents/AaramBooks/Aaram_Inventory/test_env/lib/python3.11/site-packages/starlette/_utils.py", line 87, in collapse_excgroups
  |     yield
  |   File "/Users/sumatidhingra/Documents/AaramBooks/Aaram_Inventory/test_env/lib/python3.11/site-packages/starlette/middleware/base.py", line 190, in __call__
  |     async with anyio.create_task_group() as task_group:
  |   File "/Users/sumatidhingra/Documents/AaramBooks/Aaram_Inventory/test_env/lib/python3.11/site-packages/anyio/_backends/_asyncio.py", line 815, in __aexit__
  |     raise BaseExceptionGroup(
  | ExceptionGroup: unhandled errors in a TaskGroup (1 sub-exception)
  +-+---------------- 1 ----------------
    | Traceback (most recent call last):
    |   File "/Users/sumatidhingra/Documents/AaramBooks/Aaram_Inventory/test_env/lib/python3.11/site-packages/uvicorn/protocols/http/httptools_impl.py", line 399, in run_asgi
    |     result = await app(  # type: ignore[func-returns-value]
    |              ^^^^^^^^^^^^^^^^^^^^^^^^^^^^^^^^^^^^^^^^^^^^^^
    |   File "/Users/sumatidhingra/Documents/AaramBooks/Aaram_Inventory/test_env/lib/python3.11/site-packages/uvicorn/middleware/proxy_headers.py", line 70, in __call__
    |     return await self.app(scope, receive, send)
    |            ^^^^^^^^^^^^^^^^^^^^^^^^^^^^^^^^^^^^
    |   File "/Users/sumatidhingra/Documents/AaramBooks/Aaram_Inventory/test_env/lib/python3.11/site-packages/fastapi/applications.py", line 1054, in __call__
    |     await super().__call__(scope, receive, send)
    |   File "/Users/sumatidhingra/Documents/AaramBooks/Aaram_Inventory/test_env/lib/python3.11/site-packages/starlette/applications.py", line 123, in __call__
    |     await self.middleware_stack(scope, receive, send)
    |   File "/Users/sumatidhingra/Documents/AaramBooks/Aaram_Inventory/test_env/lib/python3.11/site-packages/starlette/middleware/errors.py", line 186, in __call__
    |     raise exc
    |   File "/Users/sumatidhingra/Documents/AaramBooks/Aaram_Inventory/test_env/lib/python3.11/site-packages/starlette/middleware/errors.py", line 164, in __call__
    |     await self.app(scope, receive, _send)
    |   File "/Users/sumatidhingra/Documents/AaramBooks/Aaram_Inventory/test_env/lib/python3.11/site-packages/starlette/middleware/base.py", line 189, in __call__
    |     with collapse_excgroups():
    |   File "/Library/Frameworks/Python.framework/Versions/3.11/lib/python3.11/contextlib.py", line 158, in __exit__
    |     self.gen.throw(typ, value, traceback)
    |   File "/Users/sumatidhingra/Documents/AaramBooks/Aaram_Inventory/test_env/lib/python3.11/site-packages/starlette/_utils.py", line 93, in collapse_excgroups
    |     raise exc
    |   File "/Users/sumatidhingra/Documents/AaramBooks/Aaram_Inventory/test_env/lib/python3.11/site-packages/starlette/middleware/base.py", line 191, in __call__
    |     response = await self.dispatch_func(request, call_next)
    |                ^^^^^^^^^^^^^^^^^^^^^^^^^^^^^^^^^^^^^^^^^^^^
    |   File "/Users/sumatidhingra/Documents/AaramBooks/Aaram_Inventory/src/foundation/api/middleware.py", line 15, in dispatch
    |     response: Response = await call_next(request)
    |                          ^^^^^^^^^^^^^^^^^^^^^^^^
    |   File "/Users/sumatidhingra/Documents/AaramBooks/Aaram_Inventory/test_env/lib/python3.11/site-packages/starlette/middleware/base.py", line 165, in call_next
    |     raise app_exc
    |   File "/Users/sumatidhingra/Documents/AaramBooks/Aaram_Inventory/test_env/lib/python3.11/site-packages/starlette/middleware/base.py", line 151, in coro
    |     await self.app(scope, receive_or_disconnect, send_no_error)
    |   File "/Users/sumatidhingra/Documents/AaramBooks/Aaram_Inventory/test_env/lib/python3.11/site-packages/starlette/middleware/cors.py", line 93, in __call__
    |     await self.simple_response(scope, receive, send, request_headers=headers)
    |   File "/Users/sumatidhingra/Documents/AaramBooks/Aaram_Inventory/test_env/lib/python3.11/site-packages/starlette/middleware/cors.py", line 148, in simple_response
    |     await self.app(scope, receive, send)
    |   File "/Users/sumatidhingra/Documents/AaramBooks/Aaram_Inventory/test_env/lib/python3.11/site-packages/starlette/middleware/exceptions.py", line 65, in __call__
    |     await wrap_app_handling_exceptions(self.app, conn)(scope, receive, send)
    |   File "/Users/sumatidhingra/Documents/AaramBooks/Aaram_Inventory/test_env/lib/python3.11/site-packages/starlette/_exception_handler.py", line 64, in wrapped_app
    |     raise exc
    |   File "/Users/sumatidhingra/Documents/AaramBooks/Aaram_Inventory/test_env/lib/python3.11/site-packages/starlette/_exception_handler.py", line 53, in wrapped_app
    |     await app(scope, receive, sender)
    |   File "/Users/sumatidhingra/Documents/AaramBooks/Aaram_Inventory/test_env/lib/python3.11/site-packages/starlette/routing.py", line 756, in __call__
    |     await self.middleware_stack(scope, receive, send)
    |   File "/Users/sumatidhingra/Documents/AaramBooks/Aaram_Inventory/test_env/lib/python3.11/site-packages/starlette/routing.py", line 776, in app
    |     await route.handle(scope, receive, send)
    |   File "/Users/sumatidhingra/Documents/AaramBooks/Aaram_Inventory/test_env/lib/python3.11/site-packages/starlette/routing.py", line 297, in handle
    |     await self.app(scope, receive, send)
    |   File "/Users/sumatidhingra/Documents/AaramBooks/Aaram_Inventory/test_env/lib/python3.11/site-packages/starlette/routing.py", line 77, in app
    |     await wrap_app_handling_exceptions(app, request)(scope, receive, send)
    |   File "/Users/sumatidhingra/Documents/AaramBooks/Aaram_Inventory/test_env/lib/python3.11/site-packages/starlette/_exception_handler.py", line 64, in wrapped_app
    |     raise exc
    |   File "/Users/sumatidhingra/Documents/AaramBooks/Aaram_Inventory/test_env/lib/python3.11/site-packages/starlette/_exception_handler.py", line 53, in wrapped_app
    |     await app(scope, receive, sender)
    |   File "/Users/sumatidhingra/Documents/AaramBooks/Aaram_Inventory/test_env/lib/python3.11/site-packages/starlette/routing.py", line 72, in app
    |     response = await func(request)
    |                ^^^^^^^^^^^^^^^^^^^
    |   File "/Users/sumatidhingra/Documents/AaramBooks/Aaram_Inventory/test_env/lib/python3.11/site-packages/fastapi/routing.py", line 278, in app
    |     raw_response = await run_endpoint_function(
    |                    ^^^^^^^^^^^^^^^^^^^^^^^^^^^^
    |   File "/Users/sumatidhingra/Documents/AaramBooks/Aaram_Inventory/test_env/lib/python3.11/site-packages/fastapi/routing.py", line 191, in run_endpoint_function
    |     return await dependant.call(**values)
    |            ^^^^^^^^^^^^^^^^^^^^^^^^^^^^^^
    |   File "/Users/sumatidhingra/Documents/AaramBooks/Aaram_Inventory/test_env/lib/python3.11/site-packages/dependency_injector/wiring.py", line 994, in _patched
    |     return await _async_inject(
    |            ^^^^^^^^^^^^^^^^^^^^
    |   File "src/dependency_injector/_cwiring.pyx", line 66, in _async_inject
    |   File "/Users/sumatidhingra/Documents/AaramBooks/Aaram_Inventory/src/domains/masters/api/sku.py", line 22, in list_skus
    |     response_data = [SKUResponse.model_validate(sku, from_attributes=True) for sku in skus]
    |                     ^^^^^^^^^^^^^^^^^^^^^^^^^^^^^^^^^^^^^^^^^^^^^^^^^^^^^^^^^^^^^^^^^^^^^^^
    |   File "/Users/sumatidhingra/Documents/AaramBooks/Aaram_Inventory/src/domains/masters/api/sku.py", line 22, in <listcomp>
    |     response_data = [SKUResponse.model_validate(sku, from_attributes=True) for sku in skus]
    |                      ^^^^^^^^^^^^^^^^^^^^^^^^^^^^^^^^^^^^^^^^^^^^^^^^^^^^^
    |   File "/Users/sumatidhingra/Documents/AaramBooks/Aaram_Inventory/test_env/lib/python3.11/site-packages/pydantic/main.py", line 551, in model_validate
    |     return cls.__pydantic_validator__.validate_python(
    |            ^^^^^^^^^^^^^^^^^^^^^^^^^^^^^^^^^^^^^^^^^^^
    | pydantic_core._pydantic_core.ValidationError: 1 validation error for SKUResponse
    | color
    |   String should have at most 50 characters [type=string_too_long, input_value='French Blue (Base), Must...d Ivory White (Accents)', input_type=str]
    |     For further information visit https://errors.pydantic.dev/2.7/v/string_too_long
    +------------------------------------

During handling of the above exception, another exception occurred:

Traceback (most recent call last):
  File "/Users/sumatidhingra/Documents/AaramBooks/Aaram_Inventory/test_env/lib/python3.11/site-packages/uvicorn/protocols/http/httptools_impl.py", line 399, in run_asgi
    result = await app(  # type: ignore[func-returns-value]
             ^^^^^^^^^^^^^^^^^^^^^^^^^^^^^^^^^^^^^^^^^^^^^^
  File "/Users/sumatidhingra/Documents/AaramBooks/Aaram_Inventory/test_env/lib/python3.11/site-packages/uvicorn/middleware/proxy_headers.py", line 70, in __call__
    return await self.app(scope, receive, send)
           ^^^^^^^^^^^^^^^^^^^^^^^^^^^^^^^^^^^^
  File "/Users/sumatidhingra/Documents/AaramBooks/Aaram_Inventory/test_env/lib/python3.11/site-packages/fastapi/applications.py", line 1054, in __call__
    await super().__call__(scope, receive, send)
  File "/Users/sumatidhingra/Documents/AaramBooks/Aaram_Inventory/test_env/lib/python3.11/site-packages/starlette/applications.py", line 123, in __call__
    await self.middleware_stack(scope, receive, send)
  File "/Users/sumatidhingra/Documents/AaramBooks/Aaram_Inventory/test_env/lib/python3.11/site-packages/starlette/middleware/errors.py", line 186, in __call__
    raise exc
  File "/Users/sumatidhingra/Documents/AaramBooks/Aaram_Inventory/test_env/lib/python3.11/site-packages/starlette/middleware/errors.py", line 164, in __call__
    await self.app(scope, receive, _send)
  File "/Users/sumatidhingra/Documents/AaramBooks/Aaram_Inventory/test_env/lib/python3.11/site-packages/starlette/middleware/base.py", line 189, in __call__
    with collapse_excgroups():
  File "/Library/Frameworks/Python.framework/Versions/3.11/lib/python3.11/contextlib.py", line 158, in __exit__
    self.gen.throw(typ, value, traceback)
  File "/Users/sumatidhingra/Documents/AaramBooks/Aaram_Inventory/test_env/lib/python3.11/site-packages/starlette/_utils.py", line 93, in collapse_excgroups
    raise exc
  File "/Users/sumatidhingra/Documents/AaramBooks/Aaram_Inventory/test_env/lib/python3.11/site-packages/starlette/middleware/base.py", line 191, in __call__
    response = await self.dispatch_func(request, call_next)
               ^^^^^^^^^^^^^^^^^^^^^^^^^^^^^^^^^^^^^^^^^^^^
  File "/Users/sumatidhingra/Documents/AaramBooks/Aaram_Inventory/src/foundation/api/middleware.py", line 15, in dispatch
    response: Response = await call_next(request)
                         ^^^^^^^^^^^^^^^^^^^^^^^^
  File "/Users/sumatidhingra/Documents/AaramBooks/Aaram_Inventory/test_env/lib/python3.11/site-packages/starlette/middleware/base.py", line 165, in call_next
    raise app_exc
  File "/Users/sumatidhingra/Documents/AaramBooks/Aaram_Inventory/test_env/lib/python3.11/site-packages/starlette/middleware/base.py", line 151, in coro
    await self.app(scope, receive_or_disconnect, send_no_error)
  File "/Users/sumatidhingra/Documents/AaramBooks/Aaram_Inventory/test_env/lib/python3.11/site-packages/starlette/middleware/cors.py", line 93, in __call__
    await self.simple_response(scope, receive, send, request_headers=headers)
  File "/Users/sumatidhingra/Documents/AaramBooks/Aaram_Inventory/test_env/lib/python3.11/site-packages/starlette/middleware/cors.py", line 148, in simple_response
    await self.app(scope, receive, send)
  File "/Users/sumatidhingra/Documents/AaramBooks/Aaram_Inventory/test_env/lib/python3.11/site-packages/starlette/middleware/exceptions.py", line 65, in __call__
    await wrap_app_handling_exceptions(self.app, conn)(scope, receive, send)
  File "/Users/sumatidhingra/Documents/AaramBooks/Aaram_Inventory/test_env/lib/python3.11/site-packages/starlette/_exception_handler.py", line 64, in wrapped_app
    raise exc
  File "/Users/sumatidhingra/Documents/AaramBooks/Aaram_Inventory/test_env/lib/python3.11/site-packages/starlette/_exception_handler.py", line 53, in wrapped_app
    await app(scope, receive, sender)
  File "/Users/sumatidhingra/Documents/AaramBooks/Aaram_Inventory/test_env/lib/python3.11/site-packages/starlette/routing.py", line 756, in __call__
    await self.middleware_stack(scope, receive, send)
  File "/Users/sumatidhingra/Documents/AaramBooks/Aaram_Inventory/test_env/lib/python3.11/site-packages/starlette/routing.py", line 776, in app
    await route.handle(scope, receive, send)
  File "/Users/sumatidhingra/Documents/AaramBooks/Aaram_Inventory/test_env/lib/python3.11/site-packages/starlette/routing.py", line 297, in handle
    await self.app(scope, receive, send)
  File "/Users/sumatidhingra/Documents/AaramBooks/Aaram_Inventory/test_env/lib/python3.11/site-packages/starlette/routing.py", line 77, in app
    await wrap_app_handling_exceptions(app, request)(scope, receive, send)
  File "/Users/sumatidhingra/Documents/AaramBooks/Aaram_Inventory/test_env/lib/python3.11/site-packages/starlette/_exception_handler.py", line 64, in wrapped_app
    raise exc
  File "/Users/sumatidhingra/Documents/AaramBooks/Aaram_Inventory/test_env/lib/python3.11/site-packages/starlette/_exception_handler.py", line 53, in wrapped_app
    await app(scope, receive, sender)
  File "/Users/sumatidhingra/Documents/AaramBooks/Aaram_Inventory/test_env/lib/python3.11/site-packages/starlette/routing.py", line 72, in app
    response = await func(request)
               ^^^^^^^^^^^^^^^^^^^
  File "/Users/sumatidhingra/Documents/AaramBooks/Aaram_Inventory/test_env/lib/python3.11/site-packages/fastapi/routing.py", line 278, in app
    raw_response = await run_endpoint_function(
                   ^^^^^^^^^^^^^^^^^^^^^^^^^^^^
  File "/Users/sumatidhingra/Documents/AaramBooks/Aaram_Inventory/test_env/lib/python3.11/site-packages/fastapi/routing.py", line 191, in run_endpoint_function
    return await dependant.call(**values)
           ^^^^^^^^^^^^^^^^^^^^^^^^^^^^^^
  File "/Users/sumatidhingra/Documents/AaramBooks/Aaram_Inventory/test_env/lib/python3.11/site-packages/dependency_injector/wiring.py", line 994, in _patched
    return await _async_inject(
           ^^^^^^^^^^^^^^^^^^^^
  File "src/dependency_injector/_cwiring.pyx", line 66, in _async_inject
  File "/Users/sumatidhingra/Documents/AaramBooks/Aaram_Inventory/src/domains/masters/api/sku.py", line 22, in list_skus
    response_data = [SKUResponse.model_validate(sku, from_attributes=True) for sku in skus]
                    ^^^^^^^^^^^^^^^^^^^^^^^^^^^^^^^^^^^^^^^^^^^^^^^^^^^^^^^^^^^^^^^^^^^^^^^
  File "/Users/sumatidhingra/Documents/AaramBooks/Aaram_Inventory/src/domains/masters/api/sku.py", line 22, in <listcomp>
    response_data = [SKUResponse.model_validate(sku, from_attributes=True) for sku in skus]
                     ^^^^^^^^^^^^^^^^^^^^^^^^^^^^^^^^^^^^^^^^^^^^^^^^^^^^^
  File "/Users/sumatidhingra/Documents/AaramBooks/Aaram_Inventory/test_env/lib/python3.11/site-packages/pydantic/main.py", line 551, in model_validate
    return cls.__pydantic_validator__.validate_python(
           ^^^^^^^^^^^^^^^^^^^^^^^^^^^^^^^^^^^^^^^^^^^
pydantic_core._pydantic_core.ValidationError: 1 validation error for SKUResponse
color
  String should have at most 50 characters [type=string_too_long, input_value='French Blue (Base), Must...d Ivory White (Accents)', input_type=str]
    For further information visit https://errors.pydantic.dev/2.7/v/string_too_long
{"timestamp": "2026-08-06T10:22:21.772053+00:00Z", "level": "ERROR", "logger": "foundation.exceptions", "message": "Unhandled Exception: 1 validation error for SKUResponse\ncolor\n  String should have at most 50 characters [type=string_too_long, input_value='French Blue (Base), Must...d Ivory White (Accents)', input_type=str]\n    For further information visit https://errors.pydantic.dev/2.7/v/string_too_long", "module": "handlers", "function": "unhandled_exception_handler", "line": 47, "request_id": "06a74605-dbf3-77c9-8000-a8066b7f553d", "exception": "  + Exception Group Traceback (most recent call last):\n  |   File \"/Users/sumatidhingra/Documents/AaramBooks/Aaram_Inventory/test_env/lib/python3.11/site-packages/starlette/_utils.py\", line 87, in collapse_excgroups\n  |     yield\n  |   File \"/Users/sumatidhingra/Documents/AaramBooks/Aaram_Inventory/test_env/lib/python3.11/site-packages/starlette/middleware/base.py\", line 190, in __call__\n  |     async with anyio.create_task_group() as task_group:\n  |   File \"/Users/sumatidhingra/Documents/AaramBooks/Aaram_Inventory/test_env/lib/python3.11/site-packages/anyio/_backends/_asyncio.py\", line 815, in __aexit__\n  |     raise BaseExceptionGroup(\n  | ExceptionGroup: unhandled errors in a TaskGroup (1 sub-exception)\n  +-+---------------- 1 ----------------\n    | Traceback (most recent call last):\n    |   File \"/Users/sumatidhingra/Documents/AaramBooks/Aaram_Inventory/test_env/lib/python3.11/site-packages/starlette/middleware/errors.py\", line 164, in __call__\n    |     await self.app(scope, receive, _send)\n    |   File \"/Users/sumatidhingra/Documents/AaramBooks/Aaram_Inventory/test_env/lib/python3.11/site-packages/starlette/middleware/base.py\", line 189, in __call__\n    |     with collapse_excgroups():\n    |   File \"/Library/Frameworks/Python.framework/Versions/3.11/lib/python3.11/contextlib.py\", line 158, in __exit__\n    |     self.gen.throw(typ, value, traceback)\n    |   File \"/Users/sumatidhingra/Documents/AaramBooks/Aaram_Inventory/test_env/lib/python3.11/site-packages/starlette/_utils.py\", line 93, in collapse_excgroups\n    |     raise exc\n    |   File \"/Users/sumatidhingra/Documents/AaramBooks/Aaram_Inventory/test_env/lib/python3.11/site-packages/starlette/middleware/base.py\", line 191, in __call__\n    |     response = await self.dispatch_func(request, call_next)\n    |                ^^^^^^^^^^^^^^^^^^^^^^^^^^^^^^^^^^^^^^^^^^^^\n    |   File \"/Users/sumatidhingra/Documents/AaramBooks/Aaram_Inventory/src/foundation/api/middleware.py\", line 15, in dispatch\n    |     response: Response = await call_next(request)\n    |                          ^^^^^^^^^^^^^^^^^^^^^^^^\n    |   File \"/Users/sumatidhingra/Documents/AaramBooks/Aaram_Inventory/test_env/lib/python3.11/site-packages/starlette/middleware/base.py\", line 165, in call_next\n    |     raise app_exc\n    |   File \"/Users/sumatidhingra/Documents/AaramBooks/Aaram_Inventory/test_env/lib/python3.11/site-packages/starlette/middleware/base.py\", line 151, in coro\n    |     await self.app(scope, receive_or_disconnect, send_no_error)\n    |   File \"/Users/sumatidhingra/Documents/AaramBooks/Aaram_Inventory/test_env/lib/python3.11/site-packages/starlette/middleware/cors.py\", line 93, in __call__\n    |     await self.simple_response(scope, receive, send, request_headers=headers)\n    |   File \"/Users/sumatidhingra/Documents/AaramBooks/Aaram_Inventory/test_env/lib/python3.11/site-packages/starlette/middleware/cors.py\", line 148, in simple_response\n    |     await self.app(scope, receive, send)\n    |   File \"/Users/sumatidhingra/Documents/AaramBooks/Aaram_Inventory/test_env/lib/python3.11/site-packages/starlette/middleware/exceptions.py\", line 65, in __call__\n    |     await wrap_app_handling_exceptions(self.app, conn)(scope, receive, send)\n    |   File \"/Users/sumatidhingra/Documents/AaramBooks/Aaram_Inventory/test_env/lib/python3.11/site-packages/starlette/_exception_handler.py\", line 64, in wrapped_app\n    |     raise exc\n    |   File \"/Users/sumatidhingra/Documents/AaramBooks/Aaram_Inventory/test_env/lib/python3.11/site-packages/starlette/_exception_handler.py\", line 53, in wrapped_app\n    |     await app(scope, receive, sender)\n    |   File \"/Users/sumatidhingra/Documents/AaramBooks/Aaram_Inventory/test_env/lib/python3.11/site-packages/starlette/routing.py\", line 756, in __call__\n    |     await self.middleware_stack(scope, receive, send)\n    |   File \"/Users/sumatidhingra/Documents/AaramBooks/Aaram_Inventory/test_env/lib/python3.11/site-packages/starlette/routing.py\", line 776, in app\n    |     await route.handle(scope, receive, send)\n    |   File \"/Users/sumatidhingra/Documents/AaramBooks/Aaram_Inventory/test_env/lib/python3.11/site-packages/starlette/routing.py\", line 297, in handle\n    |     await self.app(scope, receive, send)\n    |   File \"/Users/sumatidhingra/Documents/AaramBooks/Aaram_Inventory/test_env/lib/python3.11/site-packages/starlette/routing.py\", line 77, in app\n    |     await wrap_app_handling_exceptions(app, request)(scope, receive, send)\n    |   File \"/Users/sumatidhingra/Documents/AaramBooks/Aaram_Inventory/test_env/lib/python3.11/site-packages/starlette/_exception_handler.py\", line 64, in wrapped_app\n    |     raise exc\n    |   File \"/Users/sumatidhingra/Documents/AaramBooks/Aaram_Inventory/test_env/lib/python3.11/site-packages/starlette/_exception_handler.py\", line 53, in wrapped_app\n    |     await app(scope, receive, sender)\n    |   File \"/Users/sumatidhingra/Documents/AaramBooks/Aaram_Inventory/test_env/lib/python3.11/site-packages/starlette/routing.py\", line 72, in app\n    |     response = await func(request)\n    |                ^^^^^^^^^^^^^^^^^^^\n    |   File \"/Users/sumatidhingra/Documents/AaramBooks/Aaram_Inventory/test_env/lib/python3.11/site-packages/fastapi/routing.py\", line 278, in app\n    |     raw_response = await run_endpoint_function(\n    |                    ^^^^^^^^^^^^^^^^^^^^^^^^^^^^\n    |   File \"/Users/sumatidhingra/Documents/AaramBooks/Aaram_Inventory/test_env/lib/python3.11/site-packages/fastapi/routing.py\", line 191, in run_endpoint_function\n    |     return await dependant.call(**values)\n    |            ^^^^^^^^^^^^^^^^^^^^^^^^^^^^^^\n    |   File \"/Users/sumatidhingra/Documents/AaramBooks/Aaram_Inventory/test_env/lib/python3.11/site-packages/dependency_injector/wiring.py\", line 994, in _patched\n    |     return await _async_inject(\n    |            ^^^^^^^^^^^^^^^^^^^^\n    |   File \"src/dependency_injector/_cwiring.pyx\", line 66, in _async_inject\n    |   File \"/Users/sumatidhingra/Documents/AaramBooks/Aaram_Inventory/src/domains/masters/api/sku.py\", line 22, in list_skus\n    |     response_data = [SKUResponse.model_validate(sku, from_attributes=True) for sku in skus]\n    |                     ^^^^^^^^^^^^^^^^^^^^^^^^^^^^^^^^^^^^^^^^^^^^^^^^^^^^^^^^^^^^^^^^^^^^^^^\n    |   File \"/Users/sumatidhingra/Documents/AaramBooks/Aaram_Inventory/src/domains/masters/api/sku.py\", line 22, in <listcomp>\n    |     response_data = [SKUResponse.model_validate(sku, from_attributes=True) for sku in skus]\n    |                      ^^^^^^^^^^^^^^^^^^^^^^^^^^^^^^^^^^^^^^^^^^^^^^^^^^^^^\n    |   File \"/Users/sumatidhingra/Documents/AaramBooks/Aaram_Inventory/test_env/lib/python3.11/site-packages/pydantic/main.py\", line 551, in model_validate\n    |     return cls.__pydantic_validator__.validate_python(\n    |            ^^^^^^^^^^^^^^^^^^^^^^^^^^^^^^^^^^^^^^^^^^^\n    | pydantic_core._pydantic_core.ValidationError: 1 validation error for SKUResponse\n    | color\n    |   String should have at most 50 characters [type=string_too_long, input_value='French Blue (Base), Must...d Ivory White (Accents)', input_type=str]\n    |     For further information visit https://errors.pydantic.dev/2.7/v/string_too_long\n    +------------------------------------\n\nDuring handling of the above exception, another exception occurred:\n\nTraceback (most recent call last):\n  File \"/Users/sumatidhingra/Documents/AaramBooks/Aaram_Inventory/test_env/lib/python3.11/site-packages/starlette/middleware/errors.py\", line 164, in __call__\n    await self.app(scope, receive, _send)\n  File \"/Users/sumatidhingra/Documents/AaramBooks/Aaram_Inventory/test_env/lib/python3.11/site-packages/starlette/middleware/base.py\", line 189, in __call__\n    with collapse_excgroups():\n  File \"/Library/Frameworks/Python.framework/Versions/3.11/lib/python3.11/contextlib.py\", line 158, in __exit__\n    self.gen.throw(typ, value, traceback)\n  File \"/Users/sumatidhingra/Documents/AaramBooks/Aaram_Inventory/test_env/lib/python3.11/site-packages/starlette/_utils.py\", line 93, in collapse_excgroups\n    raise exc\n  File \"/Users/sumatidhingra/Documents/AaramBooks/Aaram_Inventory/test_env/lib/python3.11/site-packages/starlette/middleware/base.py\", line 191, in __call__\n    response = await self.dispatch_func(request, call_next)\n               ^^^^^^^^^^^^^^^^^^^^^^^^^^^^^^^^^^^^^^^^^^^^\n  File \"/Users/sumatidhingra/Documents/AaramBooks/Aaram_Inventory/src/foundation/api/middleware.py\", line 15, in dispatch\n    response: Response = await call_next(request)\n                         ^^^^^^^^^^^^^^^^^^^^^^^^\n  File \"/Users/sumatidhingra/Documents/AaramBooks/Aaram_Inventory/test_env/lib/python3.11/site-packages/starlette/middleware/base.py\", line 165, in call_next\n    raise app_exc\n  File \"/Users/sumatidhingra/Documents/AaramBooks/Aaram_Inventory/test_env/lib/python3.11/site-packages/starlette/middleware/base.py\", line 151, in coro\n    await self.app(scope, receive_or_disconnect, send_no_error)\n  File \"/Users/sumatidhingra/Documents/AaramBooks/Aaram_Inventory/test_env/lib/python3.11/site-packages/starlette/middleware/cors.py\", line 93, in __call__\n    await self.simple_response(scope, receive, send, request_headers=headers)\n  File \"/Users/sumatidhingra/Documents/AaramBooks/Aaram_Inventory/test_env/lib/python3.11/site-packages/starlette/middleware/cors.py\", line 148, in simple_response\n    await self.app(scope, receive, send)\n  File \"/Users/sumatidhingra/Documents/AaramBooks/Aaram_Inventory/test_env/lib/python3.11/site-packages/starlette/middleware/exceptions.py\", line 65, in __call__\n    await wrap_app_handling_exceptions(self.app, conn)(scope, receive, send)\n  File \"/Users/sumatidhingra/Documents/AaramBooks/Aaram_Inventory/test_env/lib/python3.11/site-packages/starlette/_exception_handler.py\", line 64, in wrapped_app\n    raise exc\n  File \"/Users/sumatidhingra/Documents/AaramBooks/Aaram_Inventory/test_env/lib/python3.11/site-packages/starlette/_exception_handler.py\", line 53, in wrapped_app\n    await app(scope, receive, sender)\n  File \"/Users/sumatidhingra/Documents/AaramBooks/Aaram_Inventory/test_env/lib/python3.11/site-packages/starlette/routing.py\", line 756, in __call__\n    await self.middleware_stack(scope, receive, send)\n  File \"/Users/sumatidhingra/Documents/AaramBooks/Aaram_Inventory/test_env/lib/python3.11/site-packages/starlette/routing.py\", line 776, in app\n    await route.handle(scope, receive, send)\n  File \"/Users/sumatidhingra/Documents/AaramBooks/Aaram_Inventory/test_env/lib/python3.11/site-packages/starlette/routing.py\", line 297, in handle\n    await self.app(scope, receive, send)\n  File \"/Users/sumatidhingra/Documents/AaramBooks/Aaram_Inventory/test_env/lib/python3.11/site-packages/starlette/routing.py\", line 77, in app\n    await wrap_app_handling_exceptions(app, request)(scope, receive, send)\n  File \"/Users/sumatidhingra/Documents/AaramBooks/Aaram_Inventory/test_env/lib/python3.11/site-packages/starlette/_exception_handler.py\", line 64, in wrapped_app\n    raise exc\n  File \"/Users/sumatidhingra/Documents/AaramBooks/Aaram_Inventory/test_env/lib/python3.11/site-packages/starlette/_exception_handler.py\", line 53, in wrapped_app\n    await app(scope, receive, sender)\n  File \"/Users/sumatidhingra/Documents/AaramBooks/Aaram_Inventory/test_env/lib/python3.11/site-packages/starlette/routing.py\", line 72, in app\n    response = await func(request)\n               ^^^^^^^^^^^^^^^^^^^\n  File \"/Users/sumatidhingra/Documents/AaramBooks/Aaram_Inventory/test_env/lib/python3.11/site-packages/fastapi/routing.py\", line 278, in app\n    raw_response = await run_endpoint_function(\n                   ^^^^^^^^^^^^^^^^^^^^^^^^^^^^\n  File \"/Users/sumatidhingra/Documents/AaramBooks/Aaram_Inventory/test_env/lib/python3.11/site-packages/fastapi/routing.py\", line 191, in run_endpoint_function\n    return await dependant.call(**values)\n           ^^^^^^^^^^^^^^^^^^^^^^^^^^^^^^\n  File \"/Users/sumatidhingra/Documents/AaramBooks/Aaram_Inventory/test_env/lib/python3.11/site-packages/dependency_injector/wiring.py\", line 994, in _patched\n    return await _async_inject(\n           ^^^^^^^^^^^^^^^^^^^^\n  File \"src/dependency_injector/_cwiring.pyx\", line 66, in _async_inject\n  File \"/Users/sumatidhingra/Documents/AaramBooks/Aaram_Inventory/src/domains/masters/api/sku.py\", line 22, in list_skus\n    response_data = [SKUResponse.model_validate(sku, from_attributes=True) for sku in skus]\n                    ^^^^^^^^^^^^^^^^^^^^^^^^^^^^^^^^^^^^^^^^^^^^^^^^^^^^^^^^^^^^^^^^^^^^^^^\n  File \"/Users/sumatidhingra/Documents/AaramBooks/Aaram_Inventory/src/domains/masters/api/sku.py\", line 22, in <listcomp>\n    response_data = [SKUResponse.model_validate(sku, from_attributes=True) for sku in skus]\n                     ^^^^^^^^^^^^^^^^^^^^^^^^^^^^^^^^^^^^^^^^^^^^^^^^^^^^^\n  File \"/Users/sumatidhingra/Documents/AaramBooks/Aaram_Inventory/test_env/lib/python3.11/site-packages/pydantic/main.py\", line 551, in model_validate\n    return cls.__pydantic_validator__.validate_python(\n           ^^^^^^^^^^^^^^^^^^^^^^^^^^^^^^^^^^^^^^^^^^^\npydantic_core._pydantic_core.ValidationError: 1 validation error for SKUResponse\ncolor\n  String should have at most 50 characters [type=string_too_long, input_value='French Blue (Base), Must...d Ivory White (Accents)', input_type=str]\n    For further information visit https://errors.pydantic.dev/2.7/v/string_too_long"}
INFO:     127.0.0.1:57345 - "GET /api/v1/masters/skus HTTP/1.1" 500 Internal Server Error
ERROR:    Exception in ASGI application
  + Exception Group Traceback (most recent call last):
  |   File "/Users/sumatidhingra/Documents/AaramBooks/Aaram_Inventory/test_env/lib/python3.11/site-packages/starlette/_utils.py", line 87, in collapse_excgroups
  |     yield
  |   File "/Users/sumatidhingra/Documents/AaramBooks/Aaram_Inventory/test_env/lib/python3.11/site-packages/starlette/middleware/base.py", line 190, in __call__
  |     async with anyio.create_task_group() as task_group:
  |   File "/Users/sumatidhingra/Documents/AaramBooks/Aaram_Inventory/test_env/lib/python3.11/site-packages/anyio/_backends/_asyncio.py", line 815, in __aexit__
  |     raise BaseExceptionGroup(
  | ExceptionGroup: unhandled errors in a TaskGroup (1 sub-exception)
  +-+---------------- 1 ----------------
    | Traceback (most recent call last):
    |   File "/Users/sumatidhingra/Documents/AaramBooks/Aaram_Inventory/test_env/lib/python3.11/site-packages/uvicorn/protocols/http/httptools_impl.py", line 399, in run_asgi
    |     result = await app(  # type: ignore[func-returns-value]
    |              ^^^^^^^^^^^^^^^^^^^^^^^^^^^^^^^^^^^^^^^^^^^^^^
    |   File "/Users/sumatidhingra/Documents/AaramBooks/Aaram_Inventory/test_env/lib/python3.11/site-packages/uvicorn/middleware/proxy_headers.py", line 70, in __call__
    |     return await self.app(scope, receive, send)
    |            ^^^^^^^^^^^^^^^^^^^^^^^^^^^^^^^^^^^^
    |   File "/Users/sumatidhingra/Documents/AaramBooks/Aaram_Inventory/test_env/lib/python3.11/site-packages/fastapi/applications.py", line 1054, in __call__
    |     await super().__call__(scope, receive, send)
    |   File "/Users/sumatidhingra/Documents/AaramBooks/Aaram_Inventory/test_env/lib/python3.11/site-packages/starlette/applications.py", line 123, in __call__
    |     await self.middleware_stack(scope, receive, send)
    |   File "/Users/sumatidhingra/Documents/AaramBooks/Aaram_Inventory/test_env/lib/python3.11/site-packages/starlette/middleware/errors.py", line 186, in __call__
    |     raise exc
    |   File "/Users/sumatidhingra/Documents/AaramBooks/Aaram_Inventory/test_env/lib/python3.11/site-packages/starlette/middleware/errors.py", line 164, in __call__
    |     await self.app(scope, receive, _send)
    |   File "/Users/sumatidhingra/Documents/AaramBooks/Aaram_Inventory/test_env/lib/python3.11/site-packages/starlette/middleware/base.py", line 189, in __call__
    |     with collapse_excgroups():
    |   File "/Library/Frameworks/Python.framework/Versions/3.11/lib/python3.11/contextlib.py", line 158, in __exit__
    |     self.gen.throw(typ, value, traceback)
    |   File "/Users/sumatidhingra/Documents/AaramBooks/Aaram_Inventory/test_env/lib/python3.11/site-packages/starlette/_utils.py", line 93, in collapse_excgroups
    |     raise exc
    |   File "/Users/sumatidhingra/Documents/AaramBooks/Aaram_Inventory/test_env/lib/python3.11/site-packages/starlette/middleware/base.py", line 191, in __call__
    |     response = await self.dispatch_func(request, call_next)
    |                ^^^^^^^^^^^^^^^^^^^^^^^^^^^^^^^^^^^^^^^^^^^^
    |   File "/Users/sumatidhingra/Documents/AaramBooks/Aaram_Inventory/src/foundation/api/middleware.py", line 15, in dispatch
    |     response: Response = await call_next(request)
    |                          ^^^^^^^^^^^^^^^^^^^^^^^^
    |   File "/Users/sumatidhingra/Documents/AaramBooks/Aaram_Inventory/test_env/lib/python3.11/site-packages/starlette/middleware/base.py", line 165, in call_next
    |     raise app_exc
    |   File "/Users/sumatidhingra/Documents/AaramBooks/Aaram_Inventory/test_env/lib/python3.11/site-packages/starlette/middleware/base.py", line 151, in coro
    |     await self.app(scope, receive_or_disconnect, send_no_error)
    |   File "/Users/sumatidhingra/Documents/AaramBooks/Aaram_Inventory/test_env/lib/python3.11/site-packages/starlette/middleware/cors.py", line 93, in __call__
    |     await self.simple_response(scope, receive, send, request_headers=headers)
    |   File "/Users/sumatidhingra/Documents/AaramBooks/Aaram_Inventory/test_env/lib/python3.11/site-packages/starlette/middleware/cors.py", line 148, in simple_response
    |     await self.app(scope, receive, send)
    |   File "/Users/sumatidhingra/Documents/AaramBooks/Aaram_Inventory/test_env/lib/python3.11/site-packages/starlette/middleware/exceptions.py", line 65, in __call__
    |     await wrap_app_handling_exceptions(self.app, conn)(scope, receive, send)
    |   File "/Users/sumatidhingra/Documents/AaramBooks/Aaram_Inventory/test_env/lib/python3.11/site-packages/starlette/_exception_handler.py", line 64, in wrapped_app
    |     raise exc
    |   File "/Users/sumatidhingra/Documents/AaramBooks/Aaram_Inventory/test_env/lib/python3.11/site-packages/starlette/_exception_handler.py", line 53, in wrapped_app
    |     await app(scope, receive, sender)
    |   File "/Users/sumatidhingra/Documents/AaramBooks/Aaram_Inventory/test_env/lib/python3.11/site-packages/starlette/routing.py", line 756, in __call__
    |     await self.middleware_stack(scope, receive, send)
    |   File "/Users/sumatidhingra/Documents/AaramBooks/Aaram_Inventory/test_env/lib/python3.11/site-packages/starlette/routing.py", line 776, in app
    |     await route.handle(scope, receive, send)
    |   File "/Users/sumatidhingra/Documents/AaramBooks/Aaram_Inventory/test_env/lib/python3.11/site-packages/starlette/routing.py", line 297, in handle
    |     await self.app(scope, receive, send)
    |   File "/Users/sumatidhingra/Documents/AaramBooks/Aaram_Inventory/test_env/lib/python3.11/site-packages/starlette/routing.py", line 77, in app
    |     await wrap_app_handling_exceptions(app, request)(scope, receive, send)
    |   File "/Users/sumatidhingra/Documents/AaramBooks/Aaram_Inventory/test_env/lib/python3.11/site-packages/starlette/_exception_handler.py", line 64, in wrapped_app
    |     raise exc
    |   File "/Users/sumatidhingra/Documents/AaramBooks/Aaram_Inventory/test_env/lib/python3.11/site-packages/starlette/_exception_handler.py", line 53, in wrapped_app
    |     await app(scope, receive, sender)
    |   File "/Users/sumatidhingra/Documents/AaramBooks/Aaram_Inventory/test_env/lib/python3.11/site-packages/starlette/routing.py", line 72, in app
    |     response = await func(request)
    |                ^^^^^^^^^^^^^^^^^^^
    |   File "/Users/sumatidhingra/Documents/AaramBooks/Aaram_Inventory/test_env/lib/python3.11/site-packages/fastapi/routing.py", line 278, in app
    |     raw_response = await run_endpoint_function(
    |                    ^^^^^^^^^^^^^^^^^^^^^^^^^^^^
    |   File "/Users/sumatidhingra/Documents/AaramBooks/Aaram_Inventory/test_env/lib/python3.11/site-packages/fastapi/routing.py", line 191, in run_endpoint_function
    |     return await dependant.call(**values)
    |            ^^^^^^^^^^^^^^^^^^^^^^^^^^^^^^
    |   File "/Users/sumatidhingra/Documents/AaramBooks/Aaram_Inventory/test_env/lib/python3.11/site-packages/dependency_injector/wiring.py", line 994, in _patched
    |     return await _async_inject(
    |            ^^^^^^^^^^^^^^^^^^^^
    |   File "src/dependency_injector/_cwiring.pyx", line 66, in _async_inject
    |   File "/Users/sumatidhingra/Documents/AaramBooks/Aaram_Inventory/src/domains/masters/api/sku.py", line 22, in list_skus
    |     response_data = [SKUResponse.model_validate(sku, from_attributes=True) for sku in skus]
    |                     ^^^^^^^^^^^^^^^^^^^^^^^^^^^^^^^^^^^^^^^^^^^^^^^^^^^^^^^^^^^^^^^^^^^^^^^
    |   File "/Users/sumatidhingra/Documents/AaramBooks/Aaram_Inventory/src/domains/masters/api/sku.py", line 22, in <listcomp>
    |     response_data = [SKUResponse.model_validate(sku, from_attributes=True) for sku in skus]
    |                      ^^^^^^^^^^^^^^^^^^^^^^^^^^^^^^^^^^^^^^^^^^^^^^^^^^^^^
    |   File "/Users/sumatidhingra/Documents/AaramBooks/Aaram_Inventory/test_env/lib/python3.11/site-packages/pydantic/main.py", line 551, in model_validate
    |     return cls.__pydantic_validator__.validate_python(
    |            ^^^^^^^^^^^^^^^^^^^^^^^^^^^^^^^^^^^^^^^^^^^
    | pydantic_core._pydantic_core.ValidationError: 1 validation error for SKUResponse
    | color
    |   String should have at most 50 characters [type=string_too_long, input_value='French Blue (Base), Must...d Ivory White (Accents)', input_type=str]
    |     For further information visit https://errors.pydantic.dev/2.7/v/string_too_long
    +------------------------------------

During handling of the above exception, another exception occurred:

Traceback (most recent call last):
  File "/Users/sumatidhingra/Documents/AaramBooks/Aaram_Inventory/test_env/lib/python3.11/site-packages/uvicorn/protocols/http/httptools_impl.py", line 399, in run_asgi
    result = await app(  # type: ignore[func-returns-value]
             ^^^^^^^^^^^^^^^^^^^^^^^^^^^^^^^^^^^^^^^^^^^^^^
  File "/Users/sumatidhingra/Documents/AaramBooks/Aaram_Inventory/test_env/lib/python3.11/site-packages/uvicorn/middleware/proxy_headers.py", line 70, in __call__
    return await self.app(scope, receive, send)
           ^^^^^^^^^^^^^^^^^^^^^^^^^^^^^^^^^^^^
  File "/Users/sumatidhingra/Documents/AaramBooks/Aaram_Inventory/test_env/lib/python3.11/site-packages/fastapi/applications.py", line 1054, in __call__
    await super().__call__(scope, receive, send)
  File "/Users/sumatidhingra/Documents/AaramBooks/Aaram_Inventory/test_env/lib/python3.11/site-packages/starlette/applications.py", line 123, in __call__
    await self.middleware_stack(scope, receive, send)
  File "/Users/sumatidhingra/Documents/AaramBooks/Aaram_Inventory/test_env/lib/python3.11/site-packages/starlette/middleware/errors.py", line 186, in __call__
    raise exc
  File "/Users/sumatidhingra/Documents/AaramBooks/Aaram_Inventory/test_env/lib/python3.11/site-packages/starlette/middleware/errors.py", line 164, in __call__
    await self.app(scope, receive, _send)
  File "/Users/sumatidhingra/Documents/AaramBooks/Aaram_Inventory/test_env/lib/python3.11/site-packages/starlette/middleware/base.py", line 189, in __call__
    with collapse_excgroups():
  File "/Library/Frameworks/Python.framework/Versions/3.11/lib/python3.11/contextlib.py", line 158, in __exit__
    self.gen.throw(typ, value, traceback)
  File "/Users/sumatidhingra/Documents/AaramBooks/Aaram_Inventory/test_env/lib/python3.11/site-packages/starlette/_utils.py", line 93, in collapse_excgroups
    raise exc
  File "/Users/sumatidhingra/Documents/AaramBooks/Aaram_Inventory/test_env/lib/python3.11/site-packages/starlette/middleware/base.py", line 191, in __call__
    response = await self.dispatch_func(request, call_next)
               ^^^^^^^^^^^^^^^^^^^^^^^^^^^^^^^^^^^^^^^^^^^^
  File "/Users/sumatidhingra/Documents/AaramBooks/Aaram_Inventory/src/foundation/api/middleware.py", line 15, in dispatch
    response: Response = await call_next(request)
                         ^^^^^^^^^^^^^^^^^^^^^^^^
  File "/Users/sumatidhingra/Documents/AaramBooks/Aaram_Inventory/test_env/lib/python3.11/site-packages/starlette/middleware/base.py", line 165, in call_next
    raise app_exc
  File "/Users/sumatidhingra/Documents/AaramBooks/Aaram_Inventory/test_env/lib/python3.11/site-packages/starlette/middleware/base.py", line 151, in coro
    await self.app(scope, receive_or_disconnect, send_no_error)
  File "/Users/sumatidhingra/Documents/AaramBooks/Aaram_Inventory/test_env/lib/python3.11/site-packages/starlette/middleware/cors.py", line 93, in __call__
    await self.simple_response(scope, receive, send, request_headers=headers)
  File "/Users/sumatidhingra/Documents/AaramBooks/Aaram_Inventory/test_env/lib/python3.11/site-packages/starlette/middleware/cors.py", line 148, in simple_response
    await self.app(scope, receive, send)
  File "/Users/sumatidhingra/Documents/AaramBooks/Aaram_Inventory/test_env/lib/python3.11/site-packages/starlette/middleware/exceptions.py", line 65, in __call__
    await wrap_app_handling_exceptions(self.app, conn)(scope, receive, send)
  File "/Users/sumatidhingra/Documents/AaramBooks/Aaram_Inventory/test_env/lib/python3.11/site-packages/starlette/_exception_handler.py", line 64, in wrapped_app
    raise exc
  File "/Users/sumatidhingra/Documents/AaramBooks/Aaram_Inventory/test_env/lib/python3.11/site-packages/starlette/_exception_handler.py", line 53, in wrapped_app
    await app(scope, receive, sender)
  File "/Users/sumatidhingra/Documents/AaramBooks/Aaram_Inventory/test_env/lib/python3.11/site-packages/starlette/routing.py", line 756, in __call__
    await self.middleware_stack(scope, receive, send)
  File "/Users/sumatidhingra/Documents/AaramBooks/Aaram_Inventory/test_env/lib/python3.11/site-packages/starlette/routing.py", line 776, in app
    await route.handle(scope, receive, send)
  File "/Users/sumatidhingra/Documents/AaramBooks/Aaram_Inventory/test_env/lib/python3.11/site-packages/starlette/routing.py", line 297, in handle
    await self.app(scope, receive, send)
  File "/Users/sumatidhingra/Documents/AaramBooks/Aaram_Inventory/test_env/lib/python3.11/site-packages/starlette/routing.py", line 77, in app
    await wrap_app_handling_exceptions(app, request)(scope, receive, send)
  File "/Users/sumatidhingra/Documents/AaramBooks/Aaram_Inventory/test_env/lib/python3.11/site-packages/starlette/_exception_handler.py", line 64, in wrapped_app
    raise exc
  File "/Users/sumatidhingra/Documents/AaramBooks/Aaram_Inventory/test_env/lib/python3.11/site-packages/starlette/_exception_handler.py", line 53, in wrapped_app
    await app(scope, receive, sender)
  File "/Users/sumatidhingra/Documents/AaramBooks/Aaram_Inventory/test_env/lib/python3.11/site-packages/starlette/routing.py", line 72, in app
    response = await func(request)
               ^^^^^^^^^^^^^^^^^^^
  File "/Users/sumatidhingra/Documents/AaramBooks/Aaram_Inventory/test_env/lib/python3.11/site-packages/fastapi/routing.py", line 278, in app
    raw_response = await run_endpoint_function(
                   ^^^^^^^^^^^^^^^^^^^^^^^^^^^^
  File "/Users/sumatidhingra/Documents/AaramBooks/Aaram_Inventory/test_env/lib/python3.11/site-packages/fastapi/routing.py", line 191, in run_endpoint_function
    return await dependant.call(**values)
           ^^^^^^^^^^^^^^^^^^^^^^^^^^^^^^
  File "/Users/sumatidhingra/Documents/AaramBooks/Aaram_Inventory/test_env/lib/python3.11/site-packages/dependency_injector/wiring.py", line 994, in _patched
    return await _async_inject(
           ^^^^^^^^^^^^^^^^^^^^
  File "src/dependency_injector/_cwiring.pyx", line 66, in _async_inject
  File "/Users/sumatidhingra/Documents/AaramBooks/Aaram_Inventory/src/domains/masters/api/sku.py", line 22, in list_skus
    response_data = [SKUResponse.model_validate(sku, from_attributes=True) for sku in skus]
                    ^^^^^^^^^^^^^^^^^^^^^^^^^^^^^^^^^^^^^^^^^^^^^^^^^^^^^^^^^^^^^^^^^^^^^^^
  File "/Users/sumatidhingra/Documents/AaramBooks/Aaram_Inventory/src/domains/masters/api/sku.py", line 22, in <listcomp>
    response_data = [SKUResponse.model_validate(sku, from_attributes=True) for sku in skus]
                     ^^^^^^^^^^^^^^^^^^^^^^^^^^^^^^^^^^^^^^^^^^^^^^^^^^^^^
  File "/Users/sumatidhingra/Documents/AaramBooks/Aaram_Inventory/test_env/lib/python3.11/site-packages/pydantic/main.py", line 551, in model_validate
    return cls.__pydantic_validator__.validate_python(
           ^^^^^^^^^^^^^^^^^^^^^^^^^^^^^^^^^^^^^^^^^^^
pydantic_core._pydantic_core.ValidationError: 1 validation error for SKUResponse
color
  String should have at most 50 characters [type=string_too_long, input_value='French Blue (Base), Must...d Ivory White (Accents)', input_type=str]
    For further information visit https://errors.pydantic.dev/2.7/v/string_too_long
INFO:     127.0.0.1:57354 - "GET /api/v1/inventory/balances HTTP/1.1" 200 OK
{"timestamp": "2026-08-06T10:22:23.244761+00:00Z", "level": "ERROR", "logger": "foundation.exceptions", "message": "Unhandled Exception: 1 validation error for SKUResponse\ncolor\n  String should have at most 50 characters [type=string_too_long, input_value='French Blue (Base), Must...d Ivory White (Accents)', input_type=str]\n    For further information visit https://errors.pydantic.dev/2.7/v/string_too_long", "module": "handlers", "function": "unhandled_exception_handler", "line": 47, "request_id": "06a74605-f395-7c85-8000-0b0dd6c1a497", "exception": "  + Exception Group Traceback (most recent call last):\n  |   File \"/Users/sumatidhingra/Documents/AaramBooks/Aaram_Inventory/test_env/lib/python3.11/site-packages/starlette/_utils.py\", line 87, in collapse_excgroups\n  |     yield\n  |   File \"/Users/sumatidhingra/Documents/AaramBooks/Aaram_Inventory/test_env/lib/python3.11/site-packages/starlette/middleware/base.py\", line 190, in __call__\n  |     async with anyio.create_task_group() as task_group:\n  |   File \"/Users/sumatidhingra/Documents/AaramBooks/Aaram_Inventory/test_env/lib/python3.11/site-packages/anyio/_backends/_asyncio.py\", line 815, in __aexit__\n  |     raise BaseExceptionGroup(\n  | ExceptionGroup: unhandled errors in a TaskGroup (1 sub-exception)\n  +-+---------------- 1 ----------------\n    | Traceback (most recent call last):\n    |   File \"/Users/sumatidhingra/Documents/AaramBooks/Aaram_Inventory/test_env/lib/python3.11/site-packages/starlette/middleware/errors.py\", line 164, in __call__\n    |     await self.app(scope, receive, _send)\n    |   File \"/Users/sumatidhingra/Documents/AaramBooks/Aaram_Inventory/test_env/lib/python3.11/site-packages/starlette/middleware/base.py\", line 189, in __call__\n    |     with collapse_excgroups():\n    |   File \"/Library/Frameworks/Python.framework/Versions/3.11/lib/python3.11/contextlib.py\", line 158, in __exit__\n    |     self.gen.throw(typ, value, traceback)\n    |   File \"/Users/sumatidhingra/Documents/AaramBooks/Aaram_Inventory/test_env/lib/python3.11/site-packages/starlette/_utils.py\", line 93, in collapse_excgroups\n    |     raise exc\n    |   File \"/Users/sumatidhingra/Documents/AaramBooks/Aaram_Inventory/test_env/lib/python3.11/site-packages/starlette/middleware/base.py\", line 191, in __call__\n    |     response = await self.dispatch_func(request, call_next)\n    |                ^^^^^^^^^^^^^^^^^^^^^^^^^^^^^^^^^^^^^^^^^^^^\n    |   File \"/Users/sumatidhingra/Documents/AaramBooks/Aaram_Inventory/src/foundation/api/middleware.py\", line 15, in dispatch\n    |     response: Response = await call_next(request)\n    |                          ^^^^^^^^^^^^^^^^^^^^^^^^\n    |   File \"/Users/sumatidhingra/Documents/AaramBooks/Aaram_Inventory/test_env/lib/python3.11/site-packages/starlette/middleware/base.py\", line 165, in call_next\n    |     raise app_exc\n    |   File \"/Users/sumatidhingra/Documents/AaramBooks/Aaram_Inventory/test_env/lib/python3.11/site-packages/starlette/middleware/base.py\", line 151, in coro\n    |     await self.app(scope, receive_or_disconnect, send_no_error)\n    |   File \"/Users/sumatidhingra/Documents/AaramBooks/Aaram_Inventory/test_env/lib/python3.11/site-packages/starlette/middleware/cors.py\", line 93, in __call__\n    |     await self.simple_response(scope, receive, send, request_headers=headers)\n    |   File \"/Users/sumatidhingra/Documents/AaramBooks/Aaram_Inventory/test_env/lib/python3.11/site-packages/starlette/middleware/cors.py\", line 148, in simple_response\n    |     await self.app(scope, receive, send)\n    |   File \"/Users/sumatidhingra/Documents/AaramBooks/Aaram_Inventory/test_env/lib/python3.11/site-packages/starlette/middleware/exceptions.py\", line 65, in __call__\n    |     await wrap_app_handling_exceptions(self.app, conn)(scope, receive, send)\n    |   File \"/Users/sumatidhingra/Documents/AaramBooks/Aaram_Inventory/test_env/lib/python3.11/site-packages/starlette/_exception_handler.py\", line 64, in wrapped_app\n    |     raise exc\n    |   File \"/Users/sumatidhingra/Documents/AaramBooks/Aaram_Inventory/test_env/lib/python3.11/site-packages/starlette/_exception_handler.py\", line 53, in wrapped_app\n    |     await app(scope, receive, sender)\n    |   File \"/Users/sumatidhingra/Documents/AaramBooks/Aaram_Inventory/test_env/lib/python3.11/site-packages/starlette/routing.py\", line 756, in __call__\n    |     await self.middleware_stack(scope, receive, send)\n    |   File \"/Users/sumatidhingra/Documents/AaramBooks/Aaram_Inventory/test_env/lib/python3.11/site-packages/starlette/routing.py\", line 776, in app\n    |     await route.handle(scope, receive, send)\n    |   File \"/Users/sumatidhingra/Documents/AaramBooks/Aaram_Inventory/test_env/lib/python3.11/site-packages/starlette/routing.py\", line 297, in handle\n    |     await self.app(scope, receive, send)\n    |   File \"/Users/sumatidhingra/Documents/AaramBooks/Aaram_Inventory/test_env/lib/python3.11/site-packages/starlette/routing.py\", line 77, in app\n    |     await wrap_app_handling_exceptions(app, request)(scope, receive, send)\n    |   File \"/Users/sumatidhingra/Documents/AaramBooks/Aaram_Inventory/test_env/lib/python3.11/site-packages/starlette/_exception_handler.py\", line 64, in wrapped_app\n    |     raise exc\n    |   File \"/Users/sumatidhingra/Documents/AaramBooks/Aaram_Inventory/test_env/lib/python3.11/site-packages/starlette/_exception_handler.py\", line 53, in wrapped_app\n    |     await app(scope, receive, sender)\n    |   File \"/Users/sumatidhingra/Documents/AaramBooks/Aaram_Inventory/test_env/lib/python3.11/site-packages/starlette/routing.py\", line 72, in app\n    |     response = await func(request)\n    |                ^^^^^^^^^^^^^^^^^^^\n    |   File \"/Users/sumatidhingra/Documents/AaramBooks/Aaram_Inventory/test_env/lib/python3.11/site-packages/fastapi/routing.py\", line 278, in app\n    |     raw_response = await run_endpoint_function(\n    |                    ^^^^^^^^^^^^^^^^^^^^^^^^^^^^\n    |   File \"/Users/sumatidhingra/Documents/AaramBooks/Aaram_Inventory/test_env/lib/python3.11/site-packages/fastapi/routing.py\", line 191, in run_endpoint_function\n    |     return await dependant.call(**values)\n    |            ^^^^^^^^^^^^^^^^^^^^^^^^^^^^^^\n    |   File \"/Users/sumatidhingra/Documents/AaramBooks/Aaram_Inventory/test_env/lib/python3.11/site-packages/dependency_injector/wiring.py\", line 994, in _patched\n    |     return await _async_inject(\n    |            ^^^^^^^^^^^^^^^^^^^^\n    |   File \"src/dependency_injector/_cwiring.pyx\", line 66, in _async_inject\n    |   File \"/Users/sumatidhingra/Documents/AaramBooks/Aaram_Inventory/src/domains/masters/api/sku.py\", line 22, in list_skus\n    |     response_data = [SKUResponse.model_validate(sku, from_attributes=True) for sku in skus]\n    |                     ^^^^^^^^^^^^^^^^^^^^^^^^^^^^^^^^^^^^^^^^^^^^^^^^^^^^^^^^^^^^^^^^^^^^^^^\n    |   File \"/Users/sumatidhingra/Documents/AaramBooks/Aaram_Inventory/src/domains/masters/api/sku.py\", line 22, in <listcomp>\n    |     response_data = [SKUResponse.model_validate(sku, from_attributes=True) for sku in skus]\n    |                      ^^^^^^^^^^^^^^^^^^^^^^^^^^^^^^^^^^^^^^^^^^^^^^^^^^^^^\n    |   File \"/Users/sumatidhingra/Documents/AaramBooks/Aaram_Inventory/test_env/lib/python3.11/site-packages/pydantic/main.py\", line 551, in model_validate\n    |     return cls.__pydantic_validator__.validate_python(\n    |            ^^^^^^^^^^^^^^^^^^^^^^^^^^^^^^^^^^^^^^^^^^^\n    | pydantic_core._pydantic_core.ValidationError: 1 validation error for SKUResponse\n    | color\n    |   String should have at most 50 characters [type=string_too_long, input_value='French Blue (Base), Must...d Ivory White (Accents)', input_type=str]\n    |     For further information visit https://errors.pydantic.dev/2.7/v/string_too_long\n    +------------------------------------\n\nDuring handling of the above exception, another exception occurred:\n\nTraceback (most recent call last):\n  File \"/Users/sumatidhingra/Documents/AaramBooks/Aaram_Inventory/test_env/lib/python3.11/site-packages/starlette/middleware/errors.py\", line 164, in __call__\n    await self.app(scope, receive, _send)\n  File \"/Users/sumatidhingra/Documents/AaramBooks/Aaram_Inventory/test_env/lib/python3.11/site-packages/starlette/middleware/base.py\", line 189, in __call__\n    with collapse_excgroups():\n  File \"/Library/Frameworks/Python.framework/Versions/3.11/lib/python3.11/contextlib.py\", line 158, in __exit__\n    self.gen.throw(typ, value, traceback)\n  File \"/Users/sumatidhingra/Documents/AaramBooks/Aaram_Inventory/test_env/lib/python3.11/site-packages/starlette/_utils.py\", line 93, in collapse_excgroups\n    raise exc\n  File \"/Users/sumatidhingra/Documents/AaramBooks/Aaram_Inventory/test_env/lib/python3.11/site-packages/starlette/middleware/base.py\", line 191, in __call__\n    response = await self.dispatch_func(request, call_next)\n               ^^^^^^^^^^^^^^^^^^^^^^^^^^^^^^^^^^^^^^^^^^^^\n  File \"/Users/sumatidhingra/Documents/AaramBooks/Aaram_Inventory/src/foundation/api/middleware.py\", line 15, in dispatch\n    response: Response = await call_next(request)\n                         ^^^^^^^^^^^^^^^^^^^^^^^^\n  File \"/Users/sumatidhingra/Documents/AaramBooks/Aaram_Inventory/test_env/lib/python3.11/site-packages/starlette/middleware/base.py\", line 165, in call_next\n    raise app_exc\n  File \"/Users/sumatidhingra/Documents/AaramBooks/Aaram_Inventory/test_env/lib/python3.11/site-packages/starlette/middleware/base.py\", line 151, in coro\n    await self.app(scope, receive_or_disconnect, send_no_error)\n  File \"/Users/sumatidhingra/Documents/AaramBooks/Aaram_Inventory/test_env/lib/python3.11/site-packages/starlette/middleware/cors.py\", line 93, in __call__\n    await self.simple_response(scope, receive, send, request_headers=headers)\n  File \"/Users/sumatidhingra/Documents/AaramBooks/Aaram_Inventory/test_env/lib/python3.11/site-packages/starlette/middleware/cors.py\", line 148, in simple_response\n    await self.app(scope, receive, send)\n  File \"/Users/sumatidhingra/Documents/AaramBooks/Aaram_Inventory/test_env/lib/python3.11/site-packages/starlette/middleware/exceptions.py\", line 65, in __call__\n    await wrap_app_handling_exceptions(self.app, conn)(scope, receive, send)\n  File \"/Users/sumatidhingra/Documents/AaramBooks/Aaram_Inventory/test_env/lib/python3.11/site-packages/starlette/_exception_handler.py\", line 64, in wrapped_app\n    raise exc\n  File \"/Users/sumatidhingra/Documents/AaramBooks/Aaram_Inventory/test_env/lib/python3.11/site-packages/starlette/_exception_handler.py\", line 53, in wrapped_app\n    await app(scope, receive, sender)\n  File \"/Users/sumatidhingra/Documents/AaramBooks/Aaram_Inventory/test_env/lib/python3.11/site-packages/starlette/routing.py\", line 756, in __call__\n    await self.middleware_stack(scope, receive, send)\n  File \"/Users/sumatidhingra/Documents/AaramBooks/Aaram_Inventory/test_env/lib/python3.11/site-packages/starlette/routing.py\", line 776, in app\n    await route.handle(scope, receive, send)\n  File \"/Users/sumatidhingra/Documents/AaramBooks/Aaram_Inventory/test_env/lib/python3.11/site-packages/starlette/routing.py\", line 297, in handle\n    await self.app(scope, receive, send)\n  File \"/Users/sumatidhingra/Documents/AaramBooks/Aaram_Inventory/test_env/lib/python3.11/site-packages/starlette/routing.py\", line 77, in app\n    await wrap_app_handling_exceptions(app, request)(scope, receive, send)\n  File \"/Users/sumatidhingra/Documents/AaramBooks/Aaram_Inventory/test_env/lib/python3.11/site-packages/starlette/_exception_handler.py\", line 64, in wrapped_app\n    raise exc\n  File \"/Users/sumatidhingra/Documents/AaramBooks/Aaram_Inventory/test_env/lib/python3.11/site-packages/starlette/_exception_handler.py\", line 53, in wrapped_app\n    await app(scope, receive, sender)\n  File \"/Users/sumatidhingra/Documents/AaramBooks/Aaram_Inventory/test_env/lib/python3.11/site-packages/starlette/routing.py\", line 72, in app\n    response = await func(request)\n               ^^^^^^^^^^^^^^^^^^^\n  File \"/Users/sumatidhingra/Documents/AaramBooks/Aaram_Inventory/test_env/lib/python3.11/site-packages/fastapi/routing.py\", line 278, in app\n    raw_response = await run_endpoint_function(\n                   ^^^^^^^^^^^^^^^^^^^^^^^^^^^^\n  File \"/Users/sumatidhingra/Documents/AaramBooks/Aaram_Inventory/test_env/lib/python3.11/site-packages/fastapi/routing.py\", line 191, in run_endpoint_function\n    return await dependant.call(**values)\n           ^^^^^^^^^^^^^^^^^^^^^^^^^^^^^^\n  File \"/Users/sumatidhingra/Documents/AaramBooks/Aaram_Inventory/test_env/lib/python3.11/site-packages/dependency_injector/wiring.py\", line 994, in _patched\n    return await _async_inject(\n           ^^^^^^^^^^^^^^^^^^^^\n  File \"src/dependency_injector/_cwiring.pyx\", line 66, in _async_inject\n  File \"/Users/sumatidhingra/Documents/AaramBooks/Aaram_Inventory/src/domains/masters/api/sku.py\", line 22, in list_skus\n    response_data = [SKUResponse.model_validate(sku, from_attributes=True) for sku in skus]\n                    ^^^^^^^^^^^^^^^^^^^^^^^^^^^^^^^^^^^^^^^^^^^^^^^^^^^^^^^^^^^^^^^^^^^^^^^\n  File \"/Users/sumatidhingra/Documents/AaramBooks/Aaram_Inventory/src/domains/masters/api/sku.py\", line 22, in <listcomp>\n    response_data = [SKUResponse.model_validate(sku, from_attributes=True) for sku in skus]\n                     ^^^^^^^^^^^^^^^^^^^^^^^^^^^^^^^^^^^^^^^^^^^^^^^^^^^^^\n  File \"/Users/sumatidhingra/Documents/AaramBooks/Aaram_Inventory/test_env/lib/python3.11/site-packages/pydantic/main.py\", line 551, in model_validate\n    return cls.__pydantic_validator__.validate_python(\n           ^^^^^^^^^^^^^^^^^^^^^^^^^^^^^^^^^^^^^^^^^^^\npydantic_core._pydantic_core.ValidationError: 1 validation error for SKUResponse\ncolor\n  String should have at most 50 characters [type=string_too_long, input_value='French Blue (Base), Must...d Ivory White (Accents)', input_type=str]\n    For further information visit https://errors.pydantic.dev/2.7/v/string_too_long"}
INFO:     127.0.0.1:57353 - "GET /api/v1/masters/skus HTTP/1.1" 500 Internal Server Error
ERROR:    Exception in ASGI application
  + Exception Group Traceback (most recent call last):
  |   File "/Users/sumatidhingra/Documents/AaramBooks/Aaram_Inventory/test_env/lib/python3.11/site-packages/starlette/_utils.py", line 87, in collapse_excgroups
  |     yield
  |   File "/Users/sumatidhingra/Documents/AaramBooks/Aaram_Inventory/test_env/lib/python3.11/site-packages/starlette/middleware/base.py", line 190, in __call__
  |     async with anyio.create_task_group() as task_group:
  |   File "/Users/sumatidhingra/Documents/AaramBooks/Aaram_Inventory/test_env/lib/python3.11/site-packages/anyio/_backends/_asyncio.py", line 815, in __aexit__
  |     raise BaseExceptionGroup(
  | ExceptionGroup: unhandled errors in a TaskGroup (1 sub-exception)
  +-+---------------- 1 ----------------
    | Traceback (most recent call last):
    |   File "/Users/sumatidhingra/Documents/AaramBooks/Aaram_Inventory/test_env/lib/python3.11/site-packages/uvicorn/protocols/http/httptools_impl.py", line 399, in run_asgi
    |     result = await app(  # type: ignore[func-returns-value]
    |              ^^^^^^^^^^^^^^^^^^^^^^^^^^^^^^^^^^^^^^^^^^^^^^
    |   File "/Users/sumatidhingra/Documents/AaramBooks/Aaram_Inventory/test_env/lib/python3.11/site-packages/uvicorn/middleware/proxy_headers.py", line 70, in __call__
    |     return await self.app(scope, receive, send)
    |            ^^^^^^^^^^^^^^^^^^^^^^^^^^^^^^^^^^^^
    |   File "/Users/sumatidhingra/Documents/AaramBooks/Aaram_Inventory/test_env/lib/python3.11/site-packages/fastapi/applications.py", line 1054, in __call__
    |     await super().__call__(scope, receive, send)
    |   File "/Users/sumatidhingra/Documents/AaramBooks/Aaram_Inventory/test_env/lib/python3.11/site-packages/starlette/applications.py", line 123, in __call__
    |     await self.middleware_stack(scope, receive, send)
    |   File "/Users/sumatidhingra/Documents/AaramBooks/Aaram_Inventory/test_env/lib/python3.11/site-packages/starlette/middleware/errors.py", line 186, in __call__
    |     raise exc
    |   File "/Users/sumatidhingra/Documents/AaramBooks/Aaram_Inventory/test_env/lib/python3.11/site-packages/starlette/middleware/errors.py", line 164, in __call__
    |     await self.app(scope, receive, _send)
    |   File "/Users/sumatidhingra/Documents/AaramBooks/Aaram_Inventory/test_env/lib/python3.11/site-packages/starlette/middleware/base.py", line 189, in __call__
    |     with collapse_excgroups():
    |   File "/Library/Frameworks/Python.framework/Versions/3.11/lib/python3.11/contextlib.py", line 158, in __exit__
    |     self.gen.throw(typ, value, traceback)
    |   File "/Users/sumatidhingra/Documents/AaramBooks/Aaram_Inventory/test_env/lib/python3.11/site-packages/starlette/_utils.py", line 93, in collapse_excgroups
    |     raise exc
    |   File "/Users/sumatidhingra/Documents/AaramBooks/Aaram_Inventory/test_env/lib/python3.11/site-packages/starlette/middleware/base.py", line 191, in __call__
    |     response = await self.dispatch_func(request, call_next)
    |                ^^^^^^^^^^^^^^^^^^^^^^^^^^^^^^^^^^^^^^^^^^^^
    |   File "/Users/sumatidhingra/Documents/AaramBooks/Aaram_Inventory/src/foundation/api/middleware.py", line 15, in dispatch
    |     response: Response = await call_next(request)
    |                          ^^^^^^^^^^^^^^^^^^^^^^^^
    |   File "/Users/sumatidhingra/Documents/AaramBooks/Aaram_Inventory/test_env/lib/python3.11/site-packages/starlette/middleware/base.py", line 165, in call_next
    |     raise app_exc
    |   File "/Users/sumatidhingra/Documents/AaramBooks/Aaram_Inventory/test_env/lib/python3.11/site-packages/starlette/middleware/base.py", line 151, in coro
    |     await self.app(scope, receive_or_disconnect, send_no_error)
    |   File "/Users/sumatidhingra/Documents/AaramBooks/Aaram_Inventory/test_env/lib/python3.11/site-packages/starlette/middleware/cors.py", line 93, in __call__
    |     await self.simple_response(scope, receive, send, request_headers=headers)
    |   File "/Users/sumatidhingra/Documents/AaramBooks/Aaram_Inventory/test_env/lib/python3.11/site-packages/starlette/middleware/cors.py", line 148, in simple_response
    |     await self.app(scope, receive, send)
    |   File "/Users/sumatidhingra/Documents/AaramBooks/Aaram_Inventory/test_env/lib/python3.11/site-packages/starlette/middleware/exceptions.py", line 65, in __call__
    |     await wrap_app_handling_exceptions(self.app, conn)(scope, receive, send)
    |   File "/Users/sumatidhingra/Documents/AaramBooks/Aaram_Inventory/test_env/lib/python3.11/site-packages/starlette/_exception_handler.py", line 64, in wrapped_app
    |     raise exc
    |   File "/Users/sumatidhingra/Documents/AaramBooks/Aaram_Inventory/test_env/lib/python3.11/site-packages/starlette/_exception_handler.py", line 53, in wrapped_app
    |     await app(scope, receive, sender)
    |   File "/Users/sumatidhingra/Documents/AaramBooks/Aaram_Inventory/test_env/lib/python3.11/site-packages/starlette/routing.py", line 756, in __call__
    |     await self.middleware_stack(scope, receive, send)
    |   File "/Users/sumatidhingra/Documents/AaramBooks/Aaram_Inventory/test_env/lib/python3.11/site-packages/starlette/routing.py", line 776, in app
    |     await route.handle(scope, receive, send)
    |   File "/Users/sumatidhingra/Documents/AaramBooks/Aaram_Inventory/test_env/lib/python3.11/site-packages/starlette/routing.py", line 297, in handle
    |     await self.app(scope, receive, send)
    |   File "/Users/sumatidhingra/Documents/AaramBooks/Aaram_Inventory/test_env/lib/python3.11/site-packages/starlette/routing.py", line 77, in app
    |     await wrap_app_handling_exceptions(app, request)(scope, receive, send)
    |   File "/Users/sumatidhingra/Documents/AaramBooks/Aaram_Inventory/test_env/lib/python3.11/site-packages/starlette/_exception_handler.py", line 64, in wrapped_app
    |     raise exc
    |   File "/Users/sumatidhingra/Documents/AaramBooks/Aaram_Inventory/test_env/lib/python3.11/site-packages/starlette/_exception_handler.py", line 53, in wrapped_app
    |     await app(scope, receive, sender)
    |   File "/Users/sumatidhingra/Documents/AaramBooks/Aaram_Inventory/test_env/lib/python3.11/site-packages/starlette/routing.py", line 72, in app
    |     response = await func(request)
    |                ^^^^^^^^^^^^^^^^^^^
    |   File "/Users/sumatidhingra/Documents/AaramBooks/Aaram_Inventory/test_env/lib/python3.11/site-packages/fastapi/routing.py", line 278, in app
    |     raw_response = await run_endpoint_function(
    |                    ^^^^^^^^^^^^^^^^^^^^^^^^^^^^
    |   File "/Users/sumatidhingra/Documents/AaramBooks/Aaram_Inventory/test_env/lib/python3.11/site-packages/fastapi/routing.py", line 191, in run_endpoint_function
    |     return await dependant.call(**values)
    |            ^^^^^^^^^^^^^^^^^^^^^^^^^^^^^^
    |   File "/Users/sumatidhingra/Documents/AaramBooks/Aaram_Inventory/test_env/lib/python3.11/site-packages/dependency_injector/wiring.py", line 994, in _patched
    |     return await _async_inject(
    |            ^^^^^^^^^^^^^^^^^^^^
    |   File "src/dependency_injector/_cwiring.pyx", line 66, in _async_inject
    |   File "/Users/sumatidhingra/Documents/AaramBooks/Aaram_Inventory/src/domains/masters/api/sku.py", line 22, in list_skus
    |     response_data = [SKUResponse.model_validate(sku, from_attributes=True) for sku in skus]
    |                     ^^^^^^^^^^^^^^^^^^^^^^^^^^^^^^^^^^^^^^^^^^^^^^^^^^^^^^^^^^^^^^^^^^^^^^^
    |   File "/Users/sumatidhingra/Documents/AaramBooks/Aaram_Inventory/src/domains/masters/api/sku.py", line 22, in <listcomp>
    |     response_data = [SKUResponse.model_validate(sku, from_attributes=True) for sku in skus]
    |                      ^^^^^^^^^^^^^^^^^^^^^^^^^^^^^^^^^^^^^^^^^^^^^^^^^^^^^
    |   File "/Users/sumatidhingra/Documents/AaramBooks/Aaram_Inventory/test_env/lib/python3.11/site-packages/pydantic/main.py", line 551, in model_validate
    |     return cls.__pydantic_validator__.validate_python(
    |            ^^^^^^^^^^^^^^^^^^^^^^^^^^^^^^^^^^^^^^^^^^^
    | pydantic_core._pydantic_core.ValidationError: 1 validation error for SKUResponse
    | color
    |   String should have at most 50 characters [type=string_too_long, input_value='French Blue (Base), Must...d Ivory White (Accents)', input_type=str]
    |     For further information visit https://errors.pydantic.dev/2.7/v/string_too_long
    +------------------------------------

During handling of the above exception, another exception occurred:

Traceback (most recent call last):
  File "/Users/sumatidhingra/Documents/AaramBooks/Aaram_Inventory/test_env/lib/python3.11/site-packages/uvicorn/protocols/http/httptools_impl.py", line 399, in run_asgi
    result = await app(  # type: ignore[func-returns-value]
             ^^^^^^^^^^^^^^^^^^^^^^^^^^^^^^^^^^^^^^^^^^^^^^
  File "/Users/sumatidhingra/Documents/AaramBooks/Aaram_Inventory/test_env/lib/python3.11/site-packages/uvicorn/middleware/proxy_headers.py", line 70, in __call__
    return await self.app(scope, receive, send)
           ^^^^^^^^^^^^^^^^^^^^^^^^^^^^^^^^^^^^
  File "/Users/sumatidhingra/Documents/AaramBooks/Aaram_Inventory/test_env/lib/python3.11/site-packages/fastapi/applications.py", line 1054, in __call__
    await super().__call__(scope, receive, send)
  File "/Users/sumatidhingra/Documents/AaramBooks/Aaram_Inventory/test_env/lib/python3.11/site-packages/starlette/applications.py", line 123, in __call__
    await self.middleware_stack(scope, receive, send)
  File "/Users/sumatidhingra/Documents/AaramBooks/Aaram_Inventory/test_env/lib/python3.11/site-packages/starlette/middleware/errors.py", line 186, in __call__
    raise exc
  File "/Users/sumatidhingra/Documents/AaramBooks/Aaram_Inventory/test_env/lib/python3.11/site-packages/starlette/middleware/errors.py", line 164, in __call__
    await self.app(scope, receive, _send)
  File "/Users/sumatidhingra/Documents/AaramBooks/Aaram_Inventory/test_env/lib/python3.11/site-packages/starlette/middleware/base.py", line 189, in __call__
    with collapse_excgroups():
  File "/Library/Frameworks/Python.framework/Versions/3.11/lib/python3.11/contextlib.py", line 158, in __exit__
    self.gen.throw(typ, value, traceback)
  File "/Users/sumatidhingra/Documents/AaramBooks/Aaram_Inventory/test_env/lib/python3.11/site-packages/starlette/_utils.py", line 93, in collapse_excgroups
    raise exc
  File "/Users/sumatidhingra/Documents/AaramBooks/Aaram_Inventory/test_env/lib/python3.11/site-packages/starlette/middleware/base.py", line 191, in __call__
    response = await self.dispatch_func(request, call_next)
               ^^^^^^^^^^^^^^^^^^^^^^^^^^^^^^^^^^^^^^^^^^^^
  File "/Users/sumatidhingra/Documents/AaramBooks/Aaram_Inventory/src/foundation/api/middleware.py", line 15, in dispatch
    response: Response = await call_next(request)
                         ^^^^^^^^^^^^^^^^^^^^^^^^
  File "/Users/sumatidhingra/Documents/AaramBooks/Aaram_Inventory/test_env/lib/python3.11/site-packages/starlette/middleware/base.py", line 165, in call_next
    raise app_exc
  File "/Users/sumatidhingra/Documents/AaramBooks/Aaram_Inventory/test_env/lib/python3.11/site-packages/starlette/middleware/base.py", line 151, in coro
    await self.app(scope, receive_or_disconnect, send_no_error)
  File "/Users/sumatidhingra/Documents/AaramBooks/Aaram_Inventory/test_env/lib/python3.11/site-packages/starlette/middleware/cors.py", line 93, in __call__
    await self.simple_response(scope, receive, send, request_headers=headers)
  File "/Users/sumatidhingra/Documents/AaramBooks/Aaram_Inventory/test_env/lib/python3.11/site-packages/starlette/middleware/cors.py", line 148, in simple_response
    await self.app(scope, receive, send)
  File "/Users/sumatidhingra/Documents/AaramBooks/Aaram_Inventory/test_env/lib/python3.11/site-packages/starlette/middleware/exceptions.py", line 65, in __call__
    await wrap_app_handling_exceptions(self.app, conn)(scope, receive, send)
  File "/Users/sumatidhingra/Documents/AaramBooks/Aaram_Inventory/test_env/lib/python3.11/site-packages/starlette/_exception_handler.py", line 64, in wrapped_app
    raise exc
  File "/Users/sumatidhingra/Documents/AaramBooks/Aaram_Inventory/test_env/lib/python3.11/site-packages/starlette/_exception_handler.py", line 53, in wrapped_app
    await app(scope, receive, sender)
  File "/Users/sumatidhingra/Documents/AaramBooks/Aaram_Inventory/test_env/lib/python3.11/site-packages/starlette/routing.py", line 756, in __call__
    await self.middleware_stack(scope, receive, send)
  File "/Users/sumatidhingra/Documents/AaramBooks/Aaram_Inventory/test_env/lib/python3.11/site-packages/starlette/routing.py", line 776, in app
    await route.handle(scope, receive, send)
  File "/Users/sumatidhingra/Documents/AaramBooks/Aaram_Inventory/test_env/lib/python3.11/site-packages/starlette/routing.py", line 297, in handle
    await self.app(scope, receive, send)
  File "/Users/sumatidhingra/Documents/AaramBooks/Aaram_Inventory/test_env/lib/python3.11/site-packages/starlette/routing.py", line 77, in app
    await wrap_app_handling_exceptions(app, request)(scope, receive, send)
  File "/Users/sumatidhingra/Documents/AaramBooks/Aaram_Inventory/test_env/lib/python3.11/site-packages/starlette/_exception_handler.py", line 64, in wrapped_app
    raise exc
  File "/Users/sumatidhingra/Documents/AaramBooks/Aaram_Inventory/test_env/lib/python3.11/site-packages/starlette/_exception_handler.py", line 53, in wrapped_app
    await app(scope, receive, sender)
  File "/Users/sumatidhingra/Documents/AaramBooks/Aaram_Inventory/test_env/lib/python3.11/site-packages/starlette/routing.py", line 72, in app
    response = await func(request)
               ^^^^^^^^^^^^^^^^^^^
  File "/Users/sumatidhingra/Documents/AaramBooks/Aaram_Inventory/test_env/lib/python3.11/site-packages/fastapi/routing.py", line 278, in app
    raw_response = await run_endpoint_function(
                   ^^^^^^^^^^^^^^^^^^^^^^^^^^^^
  File "/Users/sumatidhingra/Documents/AaramBooks/Aaram_Inventory/test_env/lib/python3.11/site-packages/fastapi/routing.py", line 191, in run_endpoint_function
    return await dependant.call(**values)
           ^^^^^^^^^^^^^^^^^^^^^^^^^^^^^^
  File "/Users/sumatidhingra/Documents/AaramBooks/Aaram_Inventory/test_env/lib/python3.11/site-packages/dependency_injector/wiring.py", line 994, in _patched
    return await _async_inject(
           ^^^^^^^^^^^^^^^^^^^^
  File "src/dependency_injector/_cwiring.pyx", line 66, in _async_inject
  File "/Users/sumatidhingra/Documents/AaramBooks/Aaram_Inventory/src/domains/masters/api/sku.py", line 22, in list_skus
    response_data = [SKUResponse.model_validate(sku, from_attributes=True) for sku in skus]
                    ^^^^^^^^^^^^^^^^^^^^^^^^^^^^^^^^^^^^^^^^^^^^^^^^^^^^^^^^^^^^^^^^^^^^^^^
  File "/Users/sumatidhingra/Documents/AaramBooks/Aaram_Inventory/src/domains/masters/api/sku.py", line 22, in <listcomp>
    response_data = [SKUResponse.model_validate(sku, from_attributes=True) for sku in skus]
                     ^^^^^^^^^^^^^^^^^^^^^^^^^^^^^^^^^^^^^^^^^^^^^^^^^^^^^
  File "/Users/sumatidhingra/Documents/AaramBooks/Aaram_Inventory/test_env/lib/python3.11/site-packages/pydantic/main.py", line 551, in model_validate
    return cls.__pydantic_validator__.validate_python(
           ^^^^^^^^^^^^^^^^^^^^^^^^^^^^^^^^^^^^^^^^^^^
pydantic_core._pydantic_core.ValidationError: 1 validation error for SKUResponse
color
  String should have at most 50 characters [type=string_too_long, input_value='French Blue (Base), Must...d Ivory White (Accents)', input_type=str]
    For further information visit https://errors.pydantic.dev/2.7/v/string_too_long
{"timestamp": "2026-08-06T10:22:24.276610+00:00Z", "level": "ERROR", "logger": "foundation.exceptions", "message": "Unhandled Exception: 1 validation error for SKUResponse\ncolor\n  String should have at most 50 characters [type=string_too_long, input_value='French Blue (Base), Must...d Ivory White (Accents)', input_type=str]\n    For further information visit https://errors.pydantic.dev/2.7/v/string_too_long", "module": "handlers", "function": "unhandled_exception_handler", "line": 47, "request_id": "06a74606-040c-7be1-8000-3148fd40e4c8", "exception": "  + Exception Group Traceback (most recent call last):\n  |   File \"/Users/sumatidhingra/Documents/AaramBooks/Aaram_Inventory/test_env/lib/python3.11/site-packages/starlette/_utils.py\", line 87, in collapse_excgroups\n  |     yield\n  |   File \"/Users/sumatidhingra/Documents/AaramBooks/Aaram_Inventory/test_env/lib/python3.11/site-packages/starlette/middleware/base.py\", line 190, in __call__\n  |     async with anyio.create_task_group() as task_group:\n  |   File \"/Users/sumatidhingra/Documents/AaramBooks/Aaram_Inventory/test_env/lib/python3.11/site-packages/anyio/_backends/_asyncio.py\", line 815, in __aexit__\n  |     raise BaseExceptionGroup(\n  | ExceptionGroup: unhandled errors in a TaskGroup (1 sub-exception)\n  +-+---------------- 1 ----------------\n    | Traceback (most recent call last):\n    |   File \"/Users/sumatidhingra/Documents/AaramBooks/Aaram_Inventory/test_env/lib/python3.11/site-packages/starlette/middleware/errors.py\", line 164, in __call__\n    |     await self.app(scope, receive, _send)\n    |   File \"/Users/sumatidhingra/Documents/AaramBooks/Aaram_Inventory/test_env/lib/python3.11/site-packages/starlette/middleware/base.py\", line 189, in __call__\n    |     with collapse_excgroups():\n    |   File \"/Library/Frameworks/Python.framework/Versions/3.11/lib/python3.11/contextlib.py\", line 158, in __exit__\n    |     self.gen.throw(typ, value, traceback)\n    |   File \"/Users/sumatidhingra/Documents/AaramBooks/Aaram_Inventory/test_env/lib/python3.11/site-packages/starlette/_utils.py\", line 93, in collapse_excgroups\n    |     raise exc\n    |   File \"/Users/sumatidhingra/Documents/AaramBooks/Aaram_Inventory/test_env/lib/python3.11/site-packages/starlette/middleware/base.py\", line 191, in __call__\n    |     response = await self.dispatch_func(request, call_next)\n    |                ^^^^^^^^^^^^^^^^^^^^^^^^^^^^^^^^^^^^^^^^^^^^\n    |   File \"/Users/sumatidhingra/Documents/AaramBooks/Aaram_Inventory/src/foundation/api/middleware.py\", line 15, in dispatch\n    |     response: Response = await call_next(request)\n    |                          ^^^^^^^^^^^^^^^^^^^^^^^^\n    |   File \"/Users/sumatidhingra/Documents/AaramBooks/Aaram_Inventory/test_env/lib/python3.11/site-packages/starlette/middleware/base.py\", line 165, in call_next\n    |     raise app_exc\n    |   File \"/Users/sumatidhingra/Documents/AaramBooks/Aaram_Inventory/test_env/lib/python3.11/site-packages/starlette/middleware/base.py\", line 151, in coro\n    |     await self.app(scope, receive_or_disconnect, send_no_error)\n    |   File \"/Users/sumatidhingra/Documents/AaramBooks/Aaram_Inventory/test_env/lib/python3.11/site-packages/starlette/middleware/cors.py\", line 93, in __call__\n    |     await self.simple_response(scope, receive, send, request_headers=headers)\n    |   File \"/Users/sumatidhingra/Documents/AaramBooks/Aaram_Inventory/test_env/lib/python3.11/site-packages/starlette/middleware/cors.py\", line 148, in simple_response\n    |     await self.app(scope, receive, send)\n    |   File \"/Users/sumatidhingra/Documents/AaramBooks/Aaram_Inventory/test_env/lib/python3.11/site-packages/starlette/middleware/exceptions.py\", line 65, in __call__\n    |     await wrap_app_handling_exceptions(self.app, conn)(scope, receive, send)\n    |   File \"/Users/sumatidhingra/Documents/AaramBooks/Aaram_Inventory/test_env/lib/python3.11/site-packages/starlette/_exception_handler.py\", line 64, in wrapped_app\n    |     raise exc\n    |   File \"/Users/sumatidhingra/Documents/AaramBooks/Aaram_Inventory/test_env/lib/python3.11/site-packages/starlette/_exception_handler.py\", line 53, in wrapped_app\n    |     await app(scope, receive, sender)\n    |   File \"/Users/sumatidhingra/Documents/AaramBooks/Aaram_Inventory/test_env/lib/python3.11/site-packages/starlette/routing.py\", line 756, in __call__\n    |     await self.middleware_stack(scope, receive, send)\n    |   File \"/Users/sumatidhingra/Documents/AaramBooks/Aaram_Inventory/test_env/lib/python3.11/site-packages/starlette/routing.py\", line 776, in app\n    |     await route.handle(scope, receive, send)\n    |   File \"/Users/sumatidhingra/Documents/AaramBooks/Aaram_Inventory/test_env/lib/python3.11/site-packages/starlette/routing.py\", line 297, in handle\n    |     await self.app(scope, receive, send)\n    |   File \"/Users/sumatidhingra/Documents/AaramBooks/Aaram_Inventory/test_env/lib/python3.11/site-packages/starlette/routing.py\", line 77, in app\n    |     await wrap_app_handling_exceptions(app, request)(scope, receive, send)\n    |   File \"/Users/sumatidhingra/Documents/AaramBooks/Aaram_Inventory/test_env/lib/python3.11/site-packages/starlette/_exception_handler.py\", line 64, in wrapped_app\n    |     raise exc\n    |   File \"/Users/sumatidhingra/Documents/AaramBooks/Aaram_Inventory/test_env/lib/python3.11/site-packages/starlette/_exception_handler.py\", line 53, in wrapped_app\n    |     await app(scope, receive, sender)\n    |   File \"/Users/sumatidhingra/Documents/AaramBooks/Aaram_Inventory/test_env/lib/python3.11/site-packages/starlette/routing.py\", line 72, in app\n    |     response = await func(request)\n    |                ^^^^^^^^^^^^^^^^^^^\n    |   File \"/Users/sumatidhingra/Documents/AaramBooks/Aaram_Inventory/test_env/lib/python3.11/site-packages/fastapi/routing.py\", line 278, in app\n    |     raw_response = await run_endpoint_function(\n    |                    ^^^^^^^^^^^^^^^^^^^^^^^^^^^^\n    |   File \"/Users/sumatidhingra/Documents/AaramBooks/Aaram_Inventory/test_env/lib/python3.11/site-packages/fastapi/routing.py\", line 191, in run_endpoint_function\n    |     return await dependant.call(**values)\n    |            ^^^^^^^^^^^^^^^^^^^^^^^^^^^^^^\n    |   File \"/Users/sumatidhingra/Documents/AaramBooks/Aaram_Inventory/test_env/lib/python3.11/site-packages/dependency_injector/wiring.py\", line 994, in _patched\n    |     return await _async_inject(\n    |            ^^^^^^^^^^^^^^^^^^^^\n    |   File \"src/dependency_injector/_cwiring.pyx\", line 66, in _async_inject\n    |   File \"/Users/sumatidhingra/Documents/AaramBooks/Aaram_Inventory/src/domains/masters/api/sku.py\", line 22, in list_skus\n    |     response_data = [SKUResponse.model_validate(sku, from_attributes=True) for sku in skus]\n    |                     ^^^^^^^^^^^^^^^^^^^^^^^^^^^^^^^^^^^^^^^^^^^^^^^^^^^^^^^^^^^^^^^^^^^^^^^\n    |   File \"/Users/sumatidhingra/Documents/AaramBooks/Aaram_Inventory/src/domains/masters/api/sku.py\", line 22, in <listcomp>\n    |     response_data = [SKUResponse.model_validate(sku, from_attributes=True) for sku in skus]\n    |                      ^^^^^^^^^^^^^^^^^^^^^^^^^^^^^^^^^^^^^^^^^^^^^^^^^^^^^\n    |   File \"/Users/sumatidhingra/Documents/AaramBooks/Aaram_Inventory/test_env/lib/python3.11/site-packages/pydantic/main.py\", line 551, in model_validate\n    |     return cls.__pydantic_validator__.validate_python(\n    |            ^^^^^^^^^^^^^^^^^^^^^^^^^^^^^^^^^^^^^^^^^^^\n    | pydantic_core._pydantic_core.ValidationError: 1 validation error for SKUResponse\n    | color\n    |   String should have at most 50 characters [type=string_too_long, input_value='French Blue (Base), Must...d Ivory White (Accents)', input_type=str]\n    |     For further information visit https://errors.pydantic.dev/2.7/v/string_too_long\n    +------------------------------------\n\nDuring handling of the above exception, another exception occurred:\n\nTraceback (most recent call last):\n  File \"/Users/sumatidhingra/Documents/AaramBooks/Aaram_Inventory/test_env/lib/python3.11/site-packages/starlette/middleware/errors.py\", line 164, in __call__\n    await self.app(scope, receive, _send)\n  File \"/Users/sumatidhingra/Documents/AaramBooks/Aaram_Inventory/test_env/lib/python3.11/site-packages/starlette/middleware/base.py\", line 189, in __call__\n    with collapse_excgroups():\n  File \"/Library/Frameworks/Python.framework/Versions/3.11/lib/python3.11/contextlib.py\", line 158, in __exit__\n    self.gen.throw(typ, value, traceback)\n  File \"/Users/sumatidhingra/Documents/AaramBooks/Aaram_Inventory/test_env/lib/python3.11/site-packages/starlette/_utils.py\", line 93, in collapse_excgroups\n    raise exc\n  File \"/Users/sumatidhingra/Documents/AaramBooks/Aaram_Inventory/test_env/lib/python3.11/site-packages/starlette/middleware/base.py\", line 191, in __call__\n    response = await self.dispatch_func(request, call_next)\n               ^^^^^^^^^^^^^^^^^^^^^^^^^^^^^^^^^^^^^^^^^^^^\n  File \"/Users/sumatidhingra/Documents/AaramBooks/Aaram_Inventory/src/foundation/api/middleware.py\", line 15, in dispatch\n    response: Response = await call_next(request)\n                         ^^^^^^^^^^^^^^^^^^^^^^^^\n  File \"/Users/sumatidhingra/Documents/AaramBooks/Aaram_Inventory/test_env/lib/python3.11/site-packages/starlette/middleware/base.py\", line 165, in call_next\n    raise app_exc\n  File \"/Users/sumatidhingra/Documents/AaramBooks/Aaram_Inventory/test_env/lib/python3.11/site-packages/starlette/middleware/base.py\", line 151, in coro\n    await self.app(scope, receive_or_disconnect, send_no_error)\n  File \"/Users/sumatidhingra/Documents/AaramBooks/Aaram_Inventory/test_env/lib/python3.11/site-packages/starlette/middleware/cors.py\", line 93, in __call__\n    await self.simple_response(scope, receive, send, request_headers=headers)\n  File \"/Users/sumatidhingra/Documents/AaramBooks/Aaram_Inventory/test_env/lib/python3.11/site-packages/starlette/middleware/cors.py\", line 148, in simple_response\n    await self.app(scope, receive, send)\n  File \"/Users/sumatidhingra/Documents/AaramBooks/Aaram_Inventory/test_env/lib/python3.11/site-packages/starlette/middleware/exceptions.py\", line 65, in __call__\n    await wrap_app_handling_exceptions(self.app, conn)(scope, receive, send)\n  File \"/Users/sumatidhingra/Documents/AaramBooks/Aaram_Inventory/test_env/lib/python3.11/site-packages/starlette/_exception_handler.py\", line 64, in wrapped_app\n    raise exc\n  File \"/Users/sumatidhingra/Documents/AaramBooks/Aaram_Inventory/test_env/lib/python3.11/site-packages/starlette/_exception_handler.py\", line 53, in wrapped_app\n    await app(scope, receive, sender)\n  File \"/Users/sumatidhingra/Documents/AaramBooks/Aaram_Inventory/test_env/lib/python3.11/site-packages/starlette/routing.py\", line 756, in __call__\n    await self.middleware_stack(scope, receive, send)\n  File \"/Users/sumatidhingra/Documents/AaramBooks/Aaram_Inventory/test_env/lib/python3.11/site-packages/starlette/routing.py\", line 776, in app\n    await route.handle(scope, receive, send)\n  File \"/Users/sumatidhingra/Documents/AaramBooks/Aaram_Inventory/test_env/lib/python3.11/site-packages/starlette/routing.py\", line 297, in handle\n    await self.app(scope, receive, send)\n  File \"/Users/sumatidhingra/Documents/AaramBooks/Aaram_Inventory/test_env/lib/python3.11/site-packages/starlette/routing.py\", line 77, in app\n    await wrap_app_handling_exceptions(app, request)(scope, receive, send)\n  File \"/Users/sumatidhingra/Documents/AaramBooks/Aaram_Inventory/test_env/lib/python3.11/site-packages/starlette/_exception_handler.py\", line 64, in wrapped_app\n    raise exc\n  File \"/Users/sumatidhingra/Documents/AaramBooks/Aaram_Inventory/test_env/lib/python3.11/site-packages/starlette/_exception_handler.py\", line 53, in wrapped_app\n    await app(scope, receive, sender)\n  File \"/Users/sumatidhingra/Documents/AaramBooks/Aaram_Inventory/test_env/lib/python3.11/site-packages/starlette/routing.py\", line 72, in app\n    response = await func(request)\n               ^^^^^^^^^^^^^^^^^^^\n  File \"/Users/sumatidhingra/Documents/AaramBooks/Aaram_Inventory/test_env/lib/python3.11/site-packages/fastapi/routing.py\", line 278, in app\n    raw_response = await run_endpoint_function(\n                   ^^^^^^^^^^^^^^^^^^^^^^^^^^^^\n  File \"/Users/sumatidhingra/Documents/AaramBooks/Aaram_Inventory/test_env/lib/python3.11/site-packages/fastapi/routing.py\", line 191, in run_endpoint_function\n    return await dependant.call(**values)\n           ^^^^^^^^^^^^^^^^^^^^^^^^^^^^^^\n  File \"/Users/sumatidhingra/Documents/AaramBooks/Aaram_Inventory/test_env/lib/python3.11/site-packages/dependency_injector/wiring.py\", line 994, in _patched\n    return await _async_inject(\n           ^^^^^^^^^^^^^^^^^^^^\n  File \"src/dependency_injector/_cwiring.pyx\", line 66, in _async_inject\n  File \"/Users/sumatidhingra/Documents/AaramBooks/Aaram_Inventory/src/domains/masters/api/sku.py\", line 22, in list_skus\n    response_data = [SKUResponse.model_validate(sku, from_attributes=True) for sku in skus]\n                    ^^^^^^^^^^^^^^^^^^^^^^^^^^^^^^^^^^^^^^^^^^^^^^^^^^^^^^^^^^^^^^^^^^^^^^^\n  File \"/Users/sumatidhingra/Documents/AaramBooks/Aaram_Inventory/src/domains/masters/api/sku.py\", line 22, in <listcomp>\n    response_data = [SKUResponse.model_validate(sku, from_attributes=True) for sku in skus]\n                     ^^^^^^^^^^^^^^^^^^^^^^^^^^^^^^^^^^^^^^^^^^^^^^^^^^^^^\n  File \"/Users/sumatidhingra/Documents/AaramBooks/Aaram_Inventory/test_env/lib/python3.11/site-packages/pydantic/main.py\", line 551, in model_validate\n    return cls.__pydantic_validator__.validate_python(\n           ^^^^^^^^^^^^^^^^^^^^^^^^^^^^^^^^^^^^^^^^^^^\npydantic_core._pydantic_core.ValidationError: 1 validation error for SKUResponse\ncolor\n  String should have at most 50 characters [type=string_too_long, input_value='French Blue (Base), Must...d Ivory White (Accents)', input_type=str]\n    For further information visit https://errors.pydantic.dev/2.7/v/string_too_long"}
INFO:     127.0.0.1:57354 - "GET /api/v1/masters/skus HTTP/1.1" 500 Internal Server Error
ERROR:    Exception in ASGI application
  + Exception Group Traceback (most recent call last):
  |   File "/Users/sumatidhingra/Documents/AaramBooks/Aaram_Inventory/test_env/lib/python3.11/site-packages/starlette/_utils.py", line 87, in collapse_excgroups
  |     yield
  |   File "/Users/sumatidhingra/Documents/AaramBooks/Aaram_Inventory/test_env/lib/python3.11/site-packages/starlette/middleware/base.py", line 190, in __call__
  |     async with anyio.create_task_group() as task_group:
  |   File "/Users/sumatidhingra/Documents/AaramBooks/Aaram_Inventory/test_env/lib/python3.11/site-packages/anyio/_backends/_asyncio.py", line 815, in __aexit__
  |     raise BaseExceptionGroup(
  | ExceptionGroup: unhandled errors in a TaskGroup (1 sub-exception)
  +-+---------------- 1 ----------------
    | Traceback (most recent call last):
    |   File "/Users/sumatidhingra/Documents/AaramBooks/Aaram_Inventory/test_env/lib/python3.11/site-packages/uvicorn/protocols/http/httptools_impl.py", line 399, in run_asgi
    |     result = await app(  # type: ignore[func-returns-value]
    |              ^^^^^^^^^^^^^^^^^^^^^^^^^^^^^^^^^^^^^^^^^^^^^^
    |   File "/Users/sumatidhingra/Documents/AaramBooks/Aaram_Inventory/test_env/lib/python3.11/site-packages/uvicorn/middleware/proxy_headers.py", line 70, in __call__
    |     return await self.app(scope, receive, send)
    |            ^^^^^^^^^^^^^^^^^^^^^^^^^^^^^^^^^^^^
    |   File "/Users/sumatidhingra/Documents/AaramBooks/Aaram_Inventory/test_env/lib/python3.11/site-packages/fastapi/applications.py", line 1054, in __call__
    |     await super().__call__(scope, receive, send)
    |   File "/Users/sumatidhingra/Documents/AaramBooks/Aaram_Inventory/test_env/lib/python3.11/site-packages/starlette/applications.py", line 123, in __call__
    |     await self.middleware_stack(scope, receive, send)
    |   File "/Users/sumatidhingra/Documents/AaramBooks/Aaram_Inventory/test_env/lib/python3.11/site-packages/starlette/middleware/errors.py", line 186, in __call__
    |     raise exc
    |   File "/Users/sumatidhingra/Documents/AaramBooks/Aaram_Inventory/test_env/lib/python3.11/site-packages/starlette/middleware/errors.py", line 164, in __call__
    |     await self.app(scope, receive, _send)
    |   File "/Users/sumatidhingra/Documents/AaramBooks/Aaram_Inventory/test_env/lib/python3.11/site-packages/starlette/middleware/base.py", line 189, in __call__
    |     with collapse_excgroups():
    |   File "/Library/Frameworks/Python.framework/Versions/3.11/lib/python3.11/contextlib.py", line 158, in __exit__
    |     self.gen.throw(typ, value, traceback)
    |   File "/Users/sumatidhingra/Documents/AaramBooks/Aaram_Inventory/test_env/lib/python3.11/site-packages/starlette/_utils.py", line 93, in collapse_excgroups
    |     raise exc
    |   File "/Users/sumatidhingra/Documents/AaramBooks/Aaram_Inventory/test_env/lib/python3.11/site-packages/starlette/middleware/base.py", line 191, in __call__
    |     response = await self.dispatch_func(request, call_next)
    |                ^^^^^^^^^^^^^^^^^^^^^^^^^^^^^^^^^^^^^^^^^^^^
    |   File "/Users/sumatidhingra/Documents/AaramBooks/Aaram_Inventory/src/foundation/api/middleware.py", line 15, in dispatch
    |     response: Response = await call_next(request)
    |                          ^^^^^^^^^^^^^^^^^^^^^^^^
    |   File "/Users/sumatidhingra/Documents/AaramBooks/Aaram_Inventory/test_env/lib/python3.11/site-packages/starlette/middleware/base.py", line 165, in call_next
    |     raise app_exc
    |   File "/Users/sumatidhingra/Documents/AaramBooks/Aaram_Inventory/test_env/lib/python3.11/site-packages/starlette/middleware/base.py", line 151, in coro
    |     await self.app(scope, receive_or_disconnect, send_no_error)
    |   File "/Users/sumatidhingra/Documents/AaramBooks/Aaram_Inventory/test_env/lib/python3.11/site-packages/starlette/middleware/cors.py", line 93, in __call__
    |     await self.simple_response(scope, receive, send, request_headers=headers)
    |   File "/Users/sumatidhingra/Documents/AaramBooks/Aaram_Inventory/test_env/lib/python3.11/site-packages/starlette/middleware/cors.py", line 148, in simple_response
    |     await self.app(scope, receive, send)
    |   File "/Users/sumatidhingra/Documents/AaramBooks/Aaram_Inventory/test_env/lib/python3.11/site-packages/starlette/middleware/exceptions.py", line 65, in __call__
    |     await wrap_app_handling_exceptions(self.app, conn)(scope, receive, send)
    |   File "/Users/sumatidhingra/Documents/AaramBooks/Aaram_Inventory/test_env/lib/python3.11/site-packages/starlette/_exception_handler.py", line 64, in wrapped_app
    |     raise exc
    |   File "/Users/sumatidhingra/Documents/AaramBooks/Aaram_Inventory/test_env/lib/python3.11/site-packages/starlette/_exception_handler.py", line 53, in wrapped_app
    |     await app(scope, receive, sender)
    |   File "/Users/sumatidhingra/Documents/AaramBooks/Aaram_Inventory/test_env/lib/python3.11/site-packages/starlette/routing.py", line 756, in __call__
    |     await self.middleware_stack(scope, receive, send)
    |   File "/Users/sumatidhingra/Documents/AaramBooks/Aaram_Inventory/test_env/lib/python3.11/site-packages/starlette/routing.py", line 776, in app
    |     await route.handle(scope, receive, send)
    |   File "/Users/sumatidhingra/Documents/AaramBooks/Aaram_Inventory/test_env/lib/python3.11/site-packages/starlette/routing.py", line 297, in handle
    |     await self.app(scope, receive, send)
    |   File "/Users/sumatidhingra/Documents/AaramBooks/Aaram_Inventory/test_env/lib/python3.11/site-packages/starlette/routing.py", line 77, in app
    |     await wrap_app_handling_exceptions(app, request)(scope, receive, send)
    |   File "/Users/sumatidhingra/Documents/AaramBooks/Aaram_Inventory/test_env/lib/python3.11/site-packages/starlette/_exception_handler.py", line 64, in wrapped_app
    |     raise exc
    |   File "/Users/sumatidhingra/Documents/AaramBooks/Aaram_Inventory/test_env/lib/python3.11/site-packages/starlette/_exception_handler.py", line 53, in wrapped_app
    |     await app(scope, receive, sender)
    |   File "/Users/sumatidhingra/Documents/AaramBooks/Aaram_Inventory/test_env/lib/python3.11/site-packages/starlette/routing.py", line 72, in app
    |     response = await func(request)
    |                ^^^^^^^^^^^^^^^^^^^
    |   File "/Users/sumatidhingra/Documents/AaramBooks/Aaram_Inventory/test_env/lib/python3.11/site-packages/fastapi/routing.py", line 278, in app
    |     raw_response = await run_endpoint_function(
    |                    ^^^^^^^^^^^^^^^^^^^^^^^^^^^^
    |   File "/Users/sumatidhingra/Documents/AaramBooks/Aaram_Inventory/test_env/lib/python3.11/site-packages/fastapi/routing.py", line 191, in run_endpoint_function
    |     return await dependant.call(**values)
    |            ^^^^^^^^^^^^^^^^^^^^^^^^^^^^^^
    |   File "/Users/sumatidhingra/Documents/AaramBooks/Aaram_Inventory/test_env/lib/python3.11/site-packages/dependency_injector/wiring.py", line 994, in _patched
    |     return await _async_inject(
    |            ^^^^^^^^^^^^^^^^^^^^
    |   File "src/dependency_injector/_cwiring.pyx", line 66, in _async_inject
    |   File "/Users/sumatidhingra/Documents/AaramBooks/Aaram_Inventory/src/domains/masters/api/sku.py", line 22, in list_skus
    |     response_data = [SKUResponse.model_validate(sku, from_attributes=True) for sku in skus]
    |                     ^^^^^^^^^^^^^^^^^^^^^^^^^^^^^^^^^^^^^^^^^^^^^^^^^^^^^^^^^^^^^^^^^^^^^^^
    |   File "/Users/sumatidhingra/Documents/AaramBooks/Aaram_Inventory/src/domains/masters/api/sku.py", line 22, in <listcomp>
    |     response_data = [SKUResponse.model_validate(sku, from_attributes=True) for sku in skus]
    |                      ^^^^^^^^^^^^^^^^^^^^^^^^^^^^^^^^^^^^^^^^^^^^^^^^^^^^^
    |   File "/Users/sumatidhingra/Documents/AaramBooks/Aaram_Inventory/test_env/lib/python3.11/site-packages/pydantic/main.py", line 551, in model_validate
    |     return cls.__pydantic_validator__.validate_python(
    |            ^^^^^^^^^^^^^^^^^^^^^^^^^^^^^^^^^^^^^^^^^^^
    | pydantic_core._pydantic_core.ValidationError: 1 validation error for SKUResponse
    | color
    |   String should have at most 50 characters [type=string_too_long, input_value='French Blue (Base), Must...d Ivory White (Accents)', input_type=str]
    |     For further information visit https://errors.pydantic.dev/2.7/v/string_too_long
    +------------------------------------

During handling of the above exception, another exception occurred:

Traceback (most recent call last):
  File "/Users/sumatidhingra/Documents/AaramBooks/Aaram_Inventory/test_env/lib/python3.11/site-packages/uvicorn/protocols/http/httptools_impl.py", line 399, in run_asgi
    result = await app(  # type: ignore[func-returns-value]
             ^^^^^^^^^^^^^^^^^^^^^^^^^^^^^^^^^^^^^^^^^^^^^^
  File "/Users/sumatidhingra/Documents/AaramBooks/Aaram_Inventory/test_env/lib/python3.11/site-packages/uvicorn/middleware/proxy_headers.py", line 70, in __call__
    return await self.app(scope, receive, send)
           ^^^^^^^^^^^^^^^^^^^^^^^^^^^^^^^^^^^^
  File "/Users/sumatidhingra/Documents/AaramBooks/Aaram_Inventory/test_env/lib/python3.11/site-packages/fastapi/applications.py", line 1054, in __call__
    await super().__call__(scope, receive, send)
  File "/Users/sumatidhingra/Documents/AaramBooks/Aaram_Inventory/test_env/lib/python3.11/site-packages/starlette/applications.py", line 123, in __call__
    await self.middleware_stack(scope, receive, send)
  File "/Users/sumatidhingra/Documents/AaramBooks/Aaram_Inventory/test_env/lib/python3.11/site-packages/starlette/middleware/errors.py", line 186, in __call__
    raise exc
  File "/Users/sumatidhingra/Documents/AaramBooks/Aaram_Inventory/test_env/lib/python3.11/site-packages/starlette/middleware/errors.py", line 164, in __call__
    await self.app(scope, receive, _send)
  File "/Users/sumatidhingra/Documents/AaramBooks/Aaram_Inventory/test_env/lib/python3.11/site-packages/starlette/middleware/base.py", line 189, in __call__
    with collapse_excgroups():
  File "/Library/Frameworks/Python.framework/Versions/3.11/lib/python3.11/contextlib.py", line 158, in __exit__
    self.gen.throw(typ, value, traceback)
  File "/Users/sumatidhingra/Documents/AaramBooks/Aaram_Inventory/test_env/lib/python3.11/site-packages/starlette/_utils.py", line 93, in collapse_excgroups
    raise exc
  File "/Users/sumatidhingra/Documents/AaramBooks/Aaram_Inventory/test_env/lib/python3.11/site-packages/starlette/middleware/base.py", line 191, in __call__
    response = await self.dispatch_func(request, call_next)
               ^^^^^^^^^^^^^^^^^^^^^^^^^^^^^^^^^^^^^^^^^^^^
  File "/Users/sumatidhingra/Documents/AaramBooks/Aaram_Inventory/src/foundation/api/middleware.py", line 15, in dispatch
    response: Response = await call_next(request)
                         ^^^^^^^^^^^^^^^^^^^^^^^^
  File "/Users/sumatidhingra/Documents/AaramBooks/Aaram_Inventory/test_env/lib/python3.11/site-packages/starlette/middleware/base.py", line 165, in call_next
    raise app_exc
  File "/Users/sumatidhingra/Documents/AaramBooks/Aaram_Inventory/test_env/lib/python3.11/site-packages/starlette/middleware/base.py", line 151, in coro
    await self.app(scope, receive_or_disconnect, send_no_error)
  File "/Users/sumatidhingra/Documents/AaramBooks/Aaram_Inventory/test_env/lib/python3.11/site-packages/starlette/middleware/cors.py", line 93, in __call__
    await self.simple_response(scope, receive, send, request_headers=headers)
  File "/Users/sumatidhingra/Documents/AaramBooks/Aaram_Inventory/test_env/lib/python3.11/site-packages/starlette/middleware/cors.py", line 148, in simple_response
    await self.app(scope, receive, send)
  File "/Users/sumatidhingra/Documents/AaramBooks/Aaram_Inventory/test_env/lib/python3.11/site-packages/starlette/middleware/exceptions.py", line 65, in __call__
    await wrap_app_handling_exceptions(self.app, conn)(scope, receive, send)
  File "/Users/sumatidhingra/Documents/AaramBooks/Aaram_Inventory/test_env/lib/python3.11/site-packages/starlette/_exception_handler.py", line 64, in wrapped_app
    raise exc
  File "/Users/sumatidhingra/Documents/AaramBooks/Aaram_Inventory/test_env/lib/python3.11/site-packages/starlette/_exception_handler.py", line 53, in wrapped_app
    await app(scope, receive, sender)
  File "/Users/sumatidhingra/Documents/AaramBooks/Aaram_Inventory/test_env/lib/python3.11/site-packages/starlette/routing.py", line 756, in __call__
    await self.middleware_stack(scope, receive, send)
  File "/Users/sumatidhingra/Documents/AaramBooks/Aaram_Inventory/test_env/lib/python3.11/site-packages/starlette/routing.py", line 776, in app
    await route.handle(scope, receive, send)
  File "/Users/sumatidhingra/Documents/AaramBooks/Aaram_Inventory/test_env/lib/python3.11/site-packages/starlette/routing.py", line 297, in handle
    await self.app(scope, receive, send)
  File "/Users/sumatidhingra/Documents/AaramBooks/Aaram_Inventory/test_env/lib/python3.11/site-packages/starlette/routing.py", line 77, in app
    await wrap_app_handling_exceptions(app, request)(scope, receive, send)
  File "/Users/sumatidhingra/Documents/AaramBooks/Aaram_Inventory/test_env/lib/python3.11/site-packages/starlette/_exception_handler.py", line 64, in wrapped_app
    raise exc
  File "/Users/sumatidhingra/Documents/AaramBooks/Aaram_Inventory/test_env/lib/python3.11/site-packages/starlette/_exception_handler.py", line 53, in wrapped_app
    await app(scope, receive, sender)
  File "/Users/sumatidhingra/Documents/AaramBooks/Aaram_Inventory/test_env/lib/python3.11/site-packages/starlette/routing.py", line 72, in app
    response = await func(request)
               ^^^^^^^^^^^^^^^^^^^
  File "/Users/sumatidhingra/Documents/AaramBooks/Aaram_Inventory/test_env/lib/python3.11/site-packages/fastapi/routing.py", line 278, in app
    raw_response = await run_endpoint_function(
                   ^^^^^^^^^^^^^^^^^^^^^^^^^^^^
  File "/Users/sumatidhingra/Documents/AaramBooks/Aaram_Inventory/test_env/lib/python3.11/site-packages/fastapi/routing.py", line 191, in run_endpoint_function
    return await dependant.call(**values)
           ^^^^^^^^^^^^^^^^^^^^^^^^^^^^^^
  File "/Users/sumatidhingra/Documents/AaramBooks/Aaram_Inventory/test_env/lib/python3.11/site-packages/dependency_injector/wiring.py", line 994, in _patched
    return await _async_inject(
           ^^^^^^^^^^^^^^^^^^^^
  File "src/dependency_injector/_cwiring.pyx", line 66, in _async_inject
  File "/Users/sumatidhingra/Documents/AaramBooks/Aaram_Inventory/src/domains/masters/api/sku.py", line 22, in list_skus
    response_data = [SKUResponse.model_validate(sku, from_attributes=True) for sku in skus]
                    ^^^^^^^^^^^^^^^^^^^^^^^^^^^^^^^^^^^^^^^^^^^^^^^^^^^^^^^^^^^^^^^^^^^^^^^
  File "/Users/sumatidhingra/Documents/AaramBooks/Aaram_Inventory/src/domains/masters/api/sku.py", line 22, in <listcomp>
    response_data = [SKUResponse.model_validate(sku, from_attributes=True) for sku in skus]
                     ^^^^^^^^^^^^^^^^^^^^^^^^^^^^^^^^^^^^^^^^^^^^^^^^^^^^^
  File "/Users/sumatidhingra/Documents/AaramBooks/Aaram_Inventory/test_env/lib/python3.11/site-packages/pydantic/main.py", line 551, in model_validate
    return cls.__pydantic_validator__.validate_python(
           ^^^^^^^^^^^^^^^^^^^^^^^^^^^^^^^^^^^^^^^^^^^
pydantic_core._pydantic_core.ValidationError: 1 validation error for SKUResponse
color
  String should have at most 50 characters [type=string_too_long, input_value='French Blue (Base), Must...d Ivory White (Accents)', input_type=str]
    For further information visit https://errors.pydantic.dev/2.7/v/string_too_long
INFO:     127.0.0.1:57357 - "GET /api/v1/inventory/balances HTTP/1.1" 200 OK
{"timestamp": "2026-08-06T10:22:28.712828+00:00Z", "level": "ERROR", "logger": "foundation.exceptions", "message": "Unhandled Exception: 1 validation error for SKUResponse\ncolor\n  String should have at most 50 characters [type=string_too_long, input_value='French Blue (Base), Must...d Ivory White (Accents)', input_type=str]\n    For further information visit https://errors.pydantic.dev/2.7/v/string_too_long", "module": "handlers", "function": "unhandled_exception_handler", "line": 47, "request_id": "06a74606-4b03-72a8-8000-6183efcff25f", "exception": "  + Exception Group Traceback (most recent call last):\n  |   File \"/Users/sumatidhingra/Documents/AaramBooks/Aaram_Inventory/test_env/lib/python3.11/site-packages/starlette/_utils.py\", line 87, in collapse_excgroups\n  |     yield\n  |   File \"/Users/sumatidhingra/Documents/AaramBooks/Aaram_Inventory/test_env/lib/python3.11/site-packages/starlette/middleware/base.py\", line 190, in __call__\n  |     async with anyio.create_task_group() as task_group:\n  |   File \"/Users/sumatidhingra/Documents/AaramBooks/Aaram_Inventory/test_env/lib/python3.11/site-packages/anyio/_backends/_asyncio.py\", line 815, in __aexit__\n  |     raise BaseExceptionGroup(\n  | ExceptionGroup: unhandled errors in a TaskGroup (1 sub-exception)\n  +-+---------------- 1 ----------------\n    | Traceback (most recent call last):\n    |   File \"/Users/sumatidhingra/Documents/AaramBooks/Aaram_Inventory/test_env/lib/python3.11/site-packages/starlette/middleware/errors.py\", line 164, in __call__\n    |     await self.app(scope, receive, _send)\n    |   File \"/Users/sumatidhingra/Documents/AaramBooks/Aaram_Inventory/test_env/lib/python3.11/site-packages/starlette/middleware/base.py\", line 189, in __call__\n    |     with collapse_excgroups():\n    |   File \"/Library/Frameworks/Python.framework/Versions/3.11/lib/python3.11/contextlib.py\", line 158, in __exit__\n    |     self.gen.throw(typ, value, traceback)\n    |   File \"/Users/sumatidhingra/Documents/AaramBooks/Aaram_Inventory/test_env/lib/python3.11/site-packages/starlette/_utils.py\", line 93, in collapse_excgroups\n    |     raise exc\n    |   File \"/Users/sumatidhingra/Documents/AaramBooks/Aaram_Inventory/test_env/lib/python3.11/site-packages/starlette/middleware/base.py\", line 191, in __call__\n    |     response = await self.dispatch_func(request, call_next)\n    |                ^^^^^^^^^^^^^^^^^^^^^^^^^^^^^^^^^^^^^^^^^^^^\n    |   File \"/Users/sumatidhingra/Documents/AaramBooks/Aaram_Inventory/src/foundation/api/middleware.py\", line 15, in dispatch\n    |     response: Response = await call_next(request)\n    |                          ^^^^^^^^^^^^^^^^^^^^^^^^\n    |   File \"/Users/sumatidhingra/Documents/AaramBooks/Aaram_Inventory/test_env/lib/python3.11/site-packages/starlette/middleware/base.py\", line 165, in call_next\n    |     raise app_exc\n    |   File \"/Users/sumatidhingra/Documents/AaramBooks/Aaram_Inventory/test_env/lib/python3.11/site-packages/starlette/middleware/base.py\", line 151, in coro\n    |     await self.app(scope, receive_or_disconnect, send_no_error)\n    |   File \"/Users/sumatidhingra/Documents/AaramBooks/Aaram_Inventory/test_env/lib/python3.11/site-packages/starlette/middleware/cors.py\", line 93, in __call__\n    |     await self.simple_response(scope, receive, send, request_headers=headers)\n    |   File \"/Users/sumatidhingra/Documents/AaramBooks/Aaram_Inventory/test_env/lib/python3.11/site-packages/starlette/middleware/cors.py\", line 148, in simple_response\n    |     await self.app(scope, receive, send)\n    |   File \"/Users/sumatidhingra/Documents/AaramBooks/Aaram_Inventory/test_env/lib/python3.11/site-packages/starlette/middleware/exceptions.py\", line 65, in __call__\n    |     await wrap_app_handling_exceptions(self.app, conn)(scope, receive, send)\n    |   File \"/Users/sumatidhingra/Documents/AaramBooks/Aaram_Inventory/test_env/lib/python3.11/site-packages/starlette/_exception_handler.py\", line 64, in wrapped_app\n    |     raise exc\n    |   File \"/Users/sumatidhingra/Documents/AaramBooks/Aaram_Inventory/test_env/lib/python3.11/site-packages/starlette/_exception_handler.py\", line 53, in wrapped_app\n    |     await app(scope, receive, sender)\n    |   File \"/Users/sumatidhingra/Documents/AaramBooks/Aaram_Inventory/test_env/lib/python3.11/site-packages/starlette/routing.py\", line 756, in __call__\n    |     await self.middleware_stack(scope, receive, send)\n    |   File \"/Users/sumatidhingra/Documents/AaramBooks/Aaram_Inventory/test_env/lib/python3.11/site-packages/starlette/routing.py\", line 776, in app\n    |     await route.handle(scope, receive, send)\n    |   File \"/Users/sumatidhingra/Documents/AaramBooks/Aaram_Inventory/test_env/lib/python3.11/site-packages/starlette/routing.py\", line 297, in handle\n    |     await self.app(scope, receive, send)\n    |   File \"/Users/sumatidhingra/Documents/AaramBooks/Aaram_Inventory/test_env/lib/python3.11/site-packages/starlette/routing.py\", line 77, in app\n    |     await wrap_app_handling_exceptions(app, request)(scope, receive, send)\n    |   File \"/Users/sumatidhingra/Documents/AaramBooks/Aaram_Inventory/test_env/lib/python3.11/site-packages/starlette/_exception_handler.py\", line 64, in wrapped_app\n    |     raise exc\n    |   File \"/Users/sumatidhingra/Documents/AaramBooks/Aaram_Inventory/test_env/lib/python3.11/site-packages/starlette/_exception_handler.py\", line 53, in wrapped_app\n    |     await app(scope, receive, sender)\n    |   File \"/Users/sumatidhingra/Documents/AaramBooks/Aaram_Inventory/test_env/lib/python3.11/site-packages/starlette/routing.py\", line 72, in app\n    |     response = await func(request)\n    |                ^^^^^^^^^^^^^^^^^^^\n    |   File \"/Users/sumatidhingra/Documents/AaramBooks/Aaram_Inventory/test_env/lib/python3.11/site-packages/fastapi/routing.py\", line 278, in app\n    |     raw_response = await run_endpoint_function(\n    |                    ^^^^^^^^^^^^^^^^^^^^^^^^^^^^\n    |   File \"/Users/sumatidhingra/Documents/AaramBooks/Aaram_Inventory/test_env/lib/python3.11/site-packages/fastapi/routing.py\", line 191, in run_endpoint_function\n    |     return await dependant.call(**values)\n    |            ^^^^^^^^^^^^^^^^^^^^^^^^^^^^^^\n    |   File \"/Users/sumatidhingra/Documents/AaramBooks/Aaram_Inventory/test_env/lib/python3.11/site-packages/dependency_injector/wiring.py\", line 994, in _patched\n    |     return await _async_inject(\n    |            ^^^^^^^^^^^^^^^^^^^^\n    |   File \"src/dependency_injector/_cwiring.pyx\", line 66, in _async_inject\n    |   File \"/Users/sumatidhingra/Documents/AaramBooks/Aaram_Inventory/src/domains/masters/api/sku.py\", line 22, in list_skus\n    |     response_data = [SKUResponse.model_validate(sku, from_attributes=True) for sku in skus]\n    |                     ^^^^^^^^^^^^^^^^^^^^^^^^^^^^^^^^^^^^^^^^^^^^^^^^^^^^^^^^^^^^^^^^^^^^^^^\n    |   File \"/Users/sumatidhingra/Documents/AaramBooks/Aaram_Inventory/src/domains/masters/api/sku.py\", line 22, in <listcomp>\n    |     response_data = [SKUResponse.model_validate(sku, from_attributes=True) for sku in skus]\n    |                      ^^^^^^^^^^^^^^^^^^^^^^^^^^^^^^^^^^^^^^^^^^^^^^^^^^^^^\n    |   File \"/Users/sumatidhingra/Documents/AaramBooks/Aaram_Inventory/test_env/lib/python3.11/site-packages/pydantic/main.py\", line 551, in model_validate\n    |     return cls.__pydantic_validator__.validate_python(\n    |            ^^^^^^^^^^^^^^^^^^^^^^^^^^^^^^^^^^^^^^^^^^^\n    | pydantic_core._pydantic_core.ValidationError: 1 validation error for SKUResponse\n    | color\n    |   String should have at most 50 characters [type=string_too_long, input_value='French Blue (Base), Must...d Ivory White (Accents)', input_type=str]\n    |     For further information visit https://errors.pydantic.dev/2.7/v/string_too_long\n    +------------------------------------\n\nDuring handling of the above exception, another exception occurred:\n\nTraceback (most recent call last):\n  File \"/Users/sumatidhingra/Documents/AaramBooks/Aaram_Inventory/test_env/lib/python3.11/site-packages/starlette/middleware/errors.py\", line 164, in __call__\n    await self.app(scope, receive, _send)\n  File \"/Users/sumatidhingra/Documents/AaramBooks/Aaram_Inventory/test_env/lib/python3.11/site-packages/starlette/middleware/base.py\", line 189, in __call__\n    with collapse_excgroups():\n  File \"/Library/Frameworks/Python.framework/Versions/3.11/lib/python3.11/contextlib.py\", line 158, in __exit__\n    self.gen.throw(typ, value, traceback)\n  File \"/Users/sumatidhingra/Documents/AaramBooks/Aaram_Inventory/test_env/lib/python3.11/site-packages/starlette/_utils.py\", line 93, in collapse_excgroups\n    raise exc\n  File \"/Users/sumatidhingra/Documents/AaramBooks/Aaram_Inventory/test_env/lib/python3.11/site-packages/starlette/middleware/base.py\", line 191, in __call__\n    response = await self.dispatch_func(request, call_next)\n               ^^^^^^^^^^^^^^^^^^^^^^^^^^^^^^^^^^^^^^^^^^^^\n  File \"/Users/sumatidhingra/Documents/AaramBooks/Aaram_Inventory/src/foundation/api/middleware.py\", line 15, in dispatch\n    response: Response = await call_next(request)\n                         ^^^^^^^^^^^^^^^^^^^^^^^^\n  File \"/Users/sumatidhingra/Documents/AaramBooks/Aaram_Inventory/test_env/lib/python3.11/site-packages/starlette/middleware/base.py\", line 165, in call_next\n    raise app_exc\n  File \"/Users/sumatidhingra/Documents/AaramBooks/Aaram_Inventory/test_env/lib/python3.11/site-packages/starlette/middleware/base.py\", line 151, in coro\n    await self.app(scope, receive_or_disconnect, send_no_error)\n  File \"/Users/sumatidhingra/Documents/AaramBooks/Aaram_Inventory/test_env/lib/python3.11/site-packages/starlette/middleware/cors.py\", line 93, in __call__\n    await self.simple_response(scope, receive, send, request_headers=headers)\n  File \"/Users/sumatidhingra/Documents/AaramBooks/Aaram_Inventory/test_env/lib/python3.11/site-packages/starlette/middleware/cors.py\", line 148, in simple_response\n    await self.app(scope, receive, send)\n  File \"/Users/sumatidhingra/Documents/AaramBooks/Aaram_Inventory/test_env/lib/python3.11/site-packages/starlette/middleware/exceptions.py\", line 65, in __call__\n    await wrap_app_handling_exceptions(self.app, conn)(scope, receive, send)\n  File \"/Users/sumatidhingra/Documents/AaramBooks/Aaram_Inventory/test_env/lib/python3.11/site-packages/starlette/_exception_handler.py\", line 64, in wrapped_app\n    raise exc\n  File \"/Users/sumatidhingra/Documents/AaramBooks/Aaram_Inventory/test_env/lib/python3.11/site-packages/starlette/_exception_handler.py\", line 53, in wrapped_app\n    await app(scope, receive, sender)\n  File \"/Users/sumatidhingra/Documents/AaramBooks/Aaram_Inventory/test_env/lib/python3.11/site-packages/starlette/routing.py\", line 756, in __call__\n    await self.middleware_stack(scope, receive, send)\n  File \"/Users/sumatidhingra/Documents/AaramBooks/Aaram_Inventory/test_env/lib/python3.11/site-packages/starlette/routing.py\", line 776, in app\n    await route.handle(scope, receive, send)\n  File \"/Users/sumatidhingra/Documents/AaramBooks/Aaram_Inventory/test_env/lib/python3.11/site-packages/starlette/routing.py\", line 297, in handle\n    await self.app(scope, receive, send)\n  File \"/Users/sumatidhingra/Documents/AaramBooks/Aaram_Inventory/test_env/lib/python3.11/site-packages/starlette/routing.py\", line 77, in app\n    await wrap_app_handling_exceptions(app, request)(scope, receive, send)\n  File \"/Users/sumatidhingra/Documents/AaramBooks/Aaram_Inventory/test_env/lib/python3.11/site-packages/starlette/_exception_handler.py\", line 64, in wrapped_app\n    raise exc\n  File \"/Users/sumatidhingra/Documents/AaramBooks/Aaram_Inventory/test_env/lib/python3.11/site-packages/starlette/_exception_handler.py\", line 53, in wrapped_app\n    await app(scope, receive, sender)\n  File \"/Users/sumatidhingra/Documents/AaramBooks/Aaram_Inventory/test_env/lib/python3.11/site-packages/starlette/routing.py\", line 72, in app\n    response = await func(request)\n               ^^^^^^^^^^^^^^^^^^^\n  File \"/Users/sumatidhingra/Documents/AaramBooks/Aaram_Inventory/test_env/lib/python3.11/site-packages/fastapi/routing.py\", line 278, in app\n    raw_response = await run_endpoint_function(\n                   ^^^^^^^^^^^^^^^^^^^^^^^^^^^^\n  File \"/Users/sumatidhingra/Documents/AaramBooks/Aaram_Inventory/test_env/lib/python3.11/site-packages/fastapi/routing.py\", line 191, in run_endpoint_function\n    return await dependant.call(**values)\n           ^^^^^^^^^^^^^^^^^^^^^^^^^^^^^^\n  File \"/Users/sumatidhingra/Documents/AaramBooks/Aaram_Inventory/test_env/lib/python3.11/site-packages/dependency_injector/wiring.py\", line 994, in _patched\n    return await _async_inject(\n           ^^^^^^^^^^^^^^^^^^^^\n  File \"src/dependency_injector/_cwiring.pyx\", line 66, in _async_inject\n  File \"/Users/sumatidhingra/Documents/AaramBooks/Aaram_Inventory/src/domains/masters/api/sku.py\", line 22, in list_skus\n    response_data = [SKUResponse.model_validate(sku, from_attributes=True) for sku in skus]\n                    ^^^^^^^^^^^^^^^^^^^^^^^^^^^^^^^^^^^^^^^^^^^^^^^^^^^^^^^^^^^^^^^^^^^^^^^\n  File \"/Users/sumatidhingra/Documents/AaramBooks/Aaram_Inventory/src/domains/masters/api/sku.py\", line 22, in <listcomp>\n    response_data = [SKUResponse.model_validate(sku, from_attributes=True) for sku in skus]\n                     ^^^^^^^^^^^^^^^^^^^^^^^^^^^^^^^^^^^^^^^^^^^^^^^^^^^^^\n  File \"/Users/sumatidhingra/Documents/AaramBooks/Aaram_Inventory/test_env/lib/python3.11/site-packages/pydantic/main.py\", line 551, in model_validate\n    return cls.__pydantic_validator__.validate_python(\n           ^^^^^^^^^^^^^^^^^^^^^^^^^^^^^^^^^^^^^^^^^^^\npydantic_core._pydantic_core.ValidationError: 1 validation error for SKUResponse\ncolor\n  String should have at most 50 characters [type=string_too_long, input_value='French Blue (Base), Must...d Ivory White (Accents)', input_type=str]\n    For further information visit https://errors.pydantic.dev/2.7/v/string_too_long"}
INFO:     127.0.0.1:57356 - "GET /api/v1/masters/skus HTTP/1.1" 500 Internal Server Error
ERROR:    Exception in ASGI application
  + Exception Group Traceback (most recent call last):
  |   File "/Users/sumatidhingra/Documents/AaramBooks/Aaram_Inventory/test_env/lib/python3.11/site-packages/starlette/_utils.py", line 87, in collapse_excgroups
  |     yield
  |   File "/Users/sumatidhingra/Documents/AaramBooks/Aaram_Inventory/test_env/lib/python3.11/site-packages/starlette/middleware/base.py", line 190, in __call__
  |     async with anyio.create_task_group() as task_group:
  |   File "/Users/sumatidhingra/Documents/AaramBooks/Aaram_Inventory/test_env/lib/python3.11/site-packages/anyio/_backends/_asyncio.py", line 815, in __aexit__
  |     raise BaseExceptionGroup(
  | ExceptionGroup: unhandled errors in a TaskGroup (1 sub-exception)
  +-+---------------- 1 ----------------
    | Traceback (most recent call last):
    |   File "/Users/sumatidhingra/Documents/AaramBooks/Aaram_Inventory/test_env/lib/python3.11/site-packages/uvicorn/protocols/http/httptools_impl.py", line 399, in run_asgi
    |     result = await app(  # type: ignore[func-returns-value]
    |              ^^^^^^^^^^^^^^^^^^^^^^^^^^^^^^^^^^^^^^^^^^^^^^
    |   File "/Users/sumatidhingra/Documents/AaramBooks/Aaram_Inventory/test_env/lib/python3.11/site-packages/uvicorn/middleware/proxy_headers.py", line 70, in __call__
    |     return await self.app(scope, receive, send)
    |            ^^^^^^^^^^^^^^^^^^^^^^^^^^^^^^^^^^^^
    |   File "/Users/sumatidhingra/Documents/AaramBooks/Aaram_Inventory/test_env/lib/python3.11/site-packages/fastapi/applications.py", line 1054, in __call__
    |     await super().__call__(scope, receive, send)
    |   File "/Users/sumatidhingra/Documents/AaramBooks/Aaram_Inventory/test_env/lib/python3.11/site-packages/starlette/applications.py", line 123, in __call__
    |     await self.middleware_stack(scope, receive, send)
    |   File "/Users/sumatidhingra/Documents/AaramBooks/Aaram_Inventory/test_env/lib/python3.11/site-packages/starlette/middleware/errors.py", line 186, in __call__
    |     raise exc
    |   File "/Users/sumatidhingra/Documents/AaramBooks/Aaram_Inventory/test_env/lib/python3.11/site-packages/starlette/middleware/errors.py", line 164, in __call__
    |     await self.app(scope, receive, _send)
    |   File "/Users/sumatidhingra/Documents/AaramBooks/Aaram_Inventory/test_env/lib/python3.11/site-packages/starlette/middleware/base.py", line 189, in __call__
    |     with collapse_excgroups():
    |   File "/Library/Frameworks/Python.framework/Versions/3.11/lib/python3.11/contextlib.py", line 158, in __exit__
    |     self.gen.throw(typ, value, traceback)
    |   File "/Users/sumatidhingra/Documents/AaramBooks/Aaram_Inventory/test_env/lib/python3.11/site-packages/starlette/_utils.py", line 93, in collapse_excgroups
    |     raise exc
    |   File "/Users/sumatidhingra/Documents/AaramBooks/Aaram_Inventory/test_env/lib/python3.11/site-packages/starlette/middleware/base.py", line 191, in __call__
    |     response = await self.dispatch_func(request, call_next)
    |                ^^^^^^^^^^^^^^^^^^^^^^^^^^^^^^^^^^^^^^^^^^^^
    |   File "/Users/sumatidhingra/Documents/AaramBooks/Aaram_Inventory/src/foundation/api/middleware.py", line 15, in dispatch
    |     response: Response = await call_next(request)
    |                          ^^^^^^^^^^^^^^^^^^^^^^^^
    |   File "/Users/sumatidhingra/Documents/AaramBooks/Aaram_Inventory/test_env/lib/python3.11/site-packages/starlette/middleware/base.py", line 165, in call_next
    |     raise app_exc
    |   File "/Users/sumatidhingra/Documents/AaramBooks/Aaram_Inventory/test_env/lib/python3.11/site-packages/starlette/middleware/base.py", line 151, in coro
    |     await self.app(scope, receive_or_disconnect, send_no_error)
    |   File "/Users/sumatidhingra/Documents/AaramBooks/Aaram_Inventory/test_env/lib/python3.11/site-packages/starlette/middleware/cors.py", line 93, in __call__
    |     await self.simple_response(scope, receive, send, request_headers=headers)
    |   File "/Users/sumatidhingra/Documents/AaramBooks/Aaram_Inventory/test_env/lib/python3.11/site-packages/starlette/middleware/cors.py", line 148, in simple_response
    |     await self.app(scope, receive, send)
    |   File "/Users/sumatidhingra/Documents/AaramBooks/Aaram_Inventory/test_env/lib/python3.11/site-packages/starlette/middleware/exceptions.py", line 65, in __call__
    |     await wrap_app_handling_exceptions(self.app, conn)(scope, receive, send)
    |   File "/Users/sumatidhingra/Documents/AaramBooks/Aaram_Inventory/test_env/lib/python3.11/site-packages/starlette/_exception_handler.py", line 64, in wrapped_app
    |     raise exc
    |   File "/Users/sumatidhingra/Documents/AaramBooks/Aaram_Inventory/test_env/lib/python3.11/site-packages/starlette/_exception_handler.py", line 53, in wrapped_app
    |     await app(scope, receive, sender)
    |   File "/Users/sumatidhingra/Documents/AaramBooks/Aaram_Inventory/test_env/lib/python3.11/site-packages/starlette/routing.py", line 756, in __call__
    |     await self.middleware_stack(scope, receive, send)
    |   File "/Users/sumatidhingra/Documents/AaramBooks/Aaram_Inventory/test_env/lib/python3.11/site-packages/starlette/routing.py", line 776, in app
    |     await route.handle(scope, receive, send)
    |   File "/Users/sumatidhingra/Documents/AaramBooks/Aaram_Inventory/test_env/lib/python3.11/site-packages/starlette/routing.py", line 297, in handle
    |     await self.app(scope, receive, send)
    |   File "/Users/sumatidhingra/Documents/AaramBooks/Aaram_Inventory/test_env/lib/python3.11/site-packages/starlette/routing.py", line 77, in app
    |     await wrap_app_handling_exceptions(app, request)(scope, receive, send)
    |   File "/Users/sumatidhingra/Documents/AaramBooks/Aaram_Inventory/test_env/lib/python3.11/site-packages/starlette/_exception_handler.py", line 64, in wrapped_app
    |     raise exc
    |   File "/Users/sumatidhingra/Documents/AaramBooks/Aaram_Inventory/test_env/lib/python3.11/site-packages/starlette/_exception_handler.py", line 53, in wrapped_app
    |     await app(scope, receive, sender)
    |   File "/Users/sumatidhingra/Documents/AaramBooks/Aaram_Inventory/test_env/lib/python3.11/site-packages/starlette/routing.py", line 72, in app
    |     response = await func(request)
    |                ^^^^^^^^^^^^^^^^^^^
    |   File "/Users/sumatidhingra/Documents/AaramBooks/Aaram_Inventory/test_env/lib/python3.11/site-packages/fastapi/routing.py", line 278, in app
    |     raw_response = await run_endpoint_function(
    |                    ^^^^^^^^^^^^^^^^^^^^^^^^^^^^
    |   File "/Users/sumatidhingra/Documents/AaramBooks/Aaram_Inventory/test_env/lib/python3.11/site-packages/fastapi/routing.py", line 191, in run_endpoint_function
    |     return await dependant.call(**values)
    |            ^^^^^^^^^^^^^^^^^^^^^^^^^^^^^^
    |   File "/Users/sumatidhingra/Documents/AaramBooks/Aaram_Inventory/test_env/lib/python3.11/site-packages/dependency_injector/wiring.py", line 994, in _patched
    |     return await _async_inject(
    |            ^^^^^^^^^^^^^^^^^^^^
    |   File "src/dependency_injector/_cwiring.pyx", line 66, in _async_inject
    |   File "/Users/sumatidhingra/Documents/AaramBooks/Aaram_Inventory/src/domains/masters/api/sku.py", line 22, in list_skus
    |     response_data = [SKUResponse.model_validate(sku, from_attributes=True) for sku in skus]
    |                     ^^^^^^^^^^^^^^^^^^^^^^^^^^^^^^^^^^^^^^^^^^^^^^^^^^^^^^^^^^^^^^^^^^^^^^^
    |   File "/Users/sumatidhingra/Documents/AaramBooks/Aaram_Inventory/src/domains/masters/api/sku.py", line 22, in <listcomp>
    |     response_data = [SKUResponse.model_validate(sku, from_attributes=True) for sku in skus]
    |                      ^^^^^^^^^^^^^^^^^^^^^^^^^^^^^^^^^^^^^^^^^^^^^^^^^^^^^
    |   File "/Users/sumatidhingra/Documents/AaramBooks/Aaram_Inventory/test_env/lib/python3.11/site-packages/pydantic/main.py", line 551, in model_validate
    |     return cls.__pydantic_validator__.validate_python(
    |            ^^^^^^^^^^^^^^^^^^^^^^^^^^^^^^^^^^^^^^^^^^^
    | pydantic_core._pydantic_core.ValidationError: 1 validation error for SKUResponse
    | color
    |   String should have at most 50 characters [type=string_too_long, input_value='French Blue (Base), Must...d Ivory White (Accents)', input_type=str]
    |     For further information visit https://errors.pydantic.dev/2.7/v/string_too_long
    +------------------------------------

During handling of the above exception, another exception occurred:

Traceback (most recent call last):
  File "/Users/sumatidhingra/Documents/AaramBooks/Aaram_Inventory/test_env/lib/python3.11/site-packages/uvicorn/protocols/http/httptools_impl.py", line 399, in run_asgi
    result = await app(  # type: ignore[func-returns-value]
             ^^^^^^^^^^^^^^^^^^^^^^^^^^^^^^^^^^^^^^^^^^^^^^
  File "/Users/sumatidhingra/Documents/AaramBooks/Aaram_Inventory/test_env/lib/python3.11/site-packages/uvicorn/middleware/proxy_headers.py", line 70, in __call__
    return await self.app(scope, receive, send)
           ^^^^^^^^^^^^^^^^^^^^^^^^^^^^^^^^^^^^
  File "/Users/sumatidhingra/Documents/AaramBooks/Aaram_Inventory/test_env/lib/python3.11/site-packages/fastapi/applications.py", line 1054, in __call__
    await super().__call__(scope, receive, send)
  File "/Users/sumatidhingra/Documents/AaramBooks/Aaram_Inventory/test_env/lib/python3.11/site-packages/starlette/applications.py", line 123, in __call__
    await self.middleware_stack(scope, receive, send)
  File "/Users/sumatidhingra/Documents/AaramBooks/Aaram_Inventory/test_env/lib/python3.11/site-packages/starlette/middleware/errors.py", line 186, in __call__
    raise exc
  File "/Users/sumatidhingra/Documents/AaramBooks/Aaram_Inventory/test_env/lib/python3.11/site-packages/starlette/middleware/errors.py", line 164, in __call__
    await self.app(scope, receive, _send)
  File "/Users/sumatidhingra/Documents/AaramBooks/Aaram_Inventory/test_env/lib/python3.11/site-packages/starlette/middleware/base.py", line 189, in __call__
    with collapse_excgroups():
  File "/Library/Frameworks/Python.framework/Versions/3.11/lib/python3.11/contextlib.py", line 158, in __exit__
    self.gen.throw(typ, value, traceback)
  File "/Users/sumatidhingra/Documents/AaramBooks/Aaram_Inventory/test_env/lib/python3.11/site-packages/starlette/_utils.py", line 93, in collapse_excgroups
    raise exc
  File "/Users/sumatidhingra/Documents/AaramBooks/Aaram_Inventory/test_env/lib/python3.11/site-packages/starlette/middleware/base.py", line 191, in __call__
    response = await self.dispatch_func(request, call_next)
               ^^^^^^^^^^^^^^^^^^^^^^^^^^^^^^^^^^^^^^^^^^^^
  File "/Users/sumatidhingra/Documents/AaramBooks/Aaram_Inventory/src/foundation/api/middleware.py", line 15, in dispatch
    response: Response = await call_next(request)
                         ^^^^^^^^^^^^^^^^^^^^^^^^
  File "/Users/sumatidhingra/Documents/AaramBooks/Aaram_Inventory/test_env/lib/python3.11/site-packages/starlette/middleware/base.py", line 165, in call_next
    raise app_exc
  File "/Users/sumatidhingra/Documents/AaramBooks/Aaram_Inventory/test_env/lib/python3.11/site-packages/starlette/middleware/base.py", line 151, in coro
    await self.app(scope, receive_or_disconnect, send_no_error)
  File "/Users/sumatidhingra/Documents/AaramBooks/Aaram_Inventory/test_env/lib/python3.11/site-packages/starlette/middleware/cors.py", line 93, in __call__
    await self.simple_response(scope, receive, send, request_headers=headers)
  File "/Users/sumatidhingra/Documents/AaramBooks/Aaram_Inventory/test_env/lib/python3.11/site-packages/starlette/middleware/cors.py", line 148, in simple_response
    await self.app(scope, receive, send)
  File "/Users/sumatidhingra/Documents/AaramBooks/Aaram_Inventory/test_env/lib/python3.11/site-packages/starlette/middleware/exceptions.py", line 65, in __call__
    await wrap_app_handling_exceptions(self.app, conn)(scope, receive, send)
  File "/Users/sumatidhingra/Documents/AaramBooks/Aaram_Inventory/test_env/lib/python3.11/site-packages/starlette/_exception_handler.py", line 64, in wrapped_app
    raise exc
  File "/Users/sumatidhingra/Documents/AaramBooks/Aaram_Inventory/test_env/lib/python3.11/site-packages/starlette/_exception_handler.py", line 53, in wrapped_app
    await app(scope, receive, sender)
  File "/Users/sumatidhingra/Documents/AaramBooks/Aaram_Inventory/test_env/lib/python3.11/site-packages/starlette/routing.py", line 756, in __call__
    await self.middleware_stack(scope, receive, send)
  File "/Users/sumatidhingra/Documents/AaramBooks/Aaram_Inventory/test_env/lib/python3.11/site-packages/starlette/routing.py", line 776, in app
    await route.handle(scope, receive, send)
  File "/Users/sumatidhingra/Documents/AaramBooks/Aaram_Inventory/test_env/lib/python3.11/site-packages/starlette/routing.py", line 297, in handle
    await self.app(scope, receive, send)
  File "/Users/sumatidhingra/Documents/AaramBooks/Aaram_Inventory/test_env/lib/python3.11/site-packages/starlette/routing.py", line 77, in app
    await wrap_app_handling_exceptions(app, request)(scope, receive, send)
  File "/Users/sumatidhingra/Documents/AaramBooks/Aaram_Inventory/test_env/lib/python3.11/site-packages/starlette/_exception_handler.py", line 64, in wrapped_app
    raise exc
  File "/Users/sumatidhingra/Documents/AaramBooks/Aaram_Inventory/test_env/lib/python3.11/site-packages/starlette/_exception_handler.py", line 53, in wrapped_app
    await app(scope, receive, sender)
  File "/Users/sumatidhingra/Documents/AaramBooks/Aaram_Inventory/test_env/lib/python3.11/site-packages/starlette/routing.py", line 72, in app
    response = await func(request)
               ^^^^^^^^^^^^^^^^^^^
  File "/Users/sumatidhingra/Documents/AaramBooks/Aaram_Inventory/test_env/lib/python3.11/site-packages/fastapi/routing.py", line 278, in app
    raw_response = await run_endpoint_function(
                   ^^^^^^^^^^^^^^^^^^^^^^^^^^^^
  File "/Users/sumatidhingra/Documents/AaramBooks/Aaram_Inventory/test_env/lib/python3.11/site-packages/fastapi/routing.py", line 191, in run_endpoint_function
    return await dependant.call(**values)
           ^^^^^^^^^^^^^^^^^^^^^^^^^^^^^^
  File "/Users/sumatidhingra/Documents/AaramBooks/Aaram_Inventory/test_env/lib/python3.11/site-packages/dependency_injector/wiring.py", line 994, in _patched
    return await _async_inject(
           ^^^^^^^^^^^^^^^^^^^^
  File "src/dependency_injector/_cwiring.pyx", line 66, in _async_inject
  File "/Users/sumatidhingra/Documents/AaramBooks/Aaram_Inventory/src/domains/masters/api/sku.py", line 22, in list_skus
    response_data = [SKUResponse.model_validate(sku, from_attributes=True) for sku in skus]
                    ^^^^^^^^^^^^^^^^^^^^^^^^^^^^^^^^^^^^^^^^^^^^^^^^^^^^^^^^^^^^^^^^^^^^^^^
  File "/Users/sumatidhingra/Documents/AaramBooks/Aaram_Inventory/src/domains/masters/api/sku.py", line 22, in <listcomp>
    response_data = [SKUResponse.model_validate(sku, from_attributes=True) for sku in skus]
                     ^^^^^^^^^^^^^^^^^^^^^^^^^^^^^^^^^^^^^^^^^^^^^^^^^^^^^
  File "/Users/sumatidhingra/Documents/AaramBooks/Aaram_Inventory/test_env/lib/python3.11/site-packages/pydantic/main.py", line 551, in model_validate
    return cls.__pydantic_validator__.validate_python(
           ^^^^^^^^^^^^^^^^^^^^^^^^^^^^^^^^^^^^^^^^^^^
pydantic_core._pydantic_core.ValidationError: 1 validation error for SKUResponse
color
  String should have at most 50 characters [type=string_too_long, input_value='French Blue (Base), Must...d Ivory White (Accents)', input_type=str]
    For further information visit https://errors.pydantic.dev/2.7/v/string_too_long
{"timestamp": "2026-08-06T10:22:29.746287+00:00Z", "level": "ERROR", "logger": "foundation.exceptions", "message": "Unhandled Exception: 1 validation error for SKUResponse\ncolor\n  String should have at most 50 characters [type=string_too_long, input_value='French Blue (Base), Must...d Ivory White (Accents)', input_type=str]\n    For further information visit https://errors.pydantic.dev/2.7/v/string_too_long", "module": "handlers", "function": "unhandled_exception_handler", "line": 47, "request_id": "06a74606-5b89-7a67-8000-c0e115cfa283", "exception": "  + Exception Group Traceback (most recent call last):\n  |   File \"/Users/sumatidhingra/Documents/AaramBooks/Aaram_Inventory/test_env/lib/python3.11/site-packages/starlette/_utils.py\", line 87, in collapse_excgroups\n  |     yield\n  |   File \"/Users/sumatidhingra/Documents/AaramBooks/Aaram_Inventory/test_env/lib/python3.11/site-packages/starlette/middleware/base.py\", line 190, in __call__\n  |     async with anyio.create_task_group() as task_group:\n  |   File \"/Users/sumatidhingra/Documents/AaramBooks/Aaram_Inventory/test_env/lib/python3.11/site-packages/anyio/_backends/_asyncio.py\", line 815, in __aexit__\n  |     raise BaseExceptionGroup(\n  | ExceptionGroup: unhandled errors in a TaskGroup (1 sub-exception)\n  +-+---------------- 1 ----------------\n    | Traceback (most recent call last):\n    |   File \"/Users/sumatidhingra/Documents/AaramBooks/Aaram_Inventory/test_env/lib/python3.11/site-packages/starlette/middleware/errors.py\", line 164, in __call__\n    |     await self.app(scope, receive, _send)\n    |   File \"/Users/sumatidhingra/Documents/AaramBooks/Aaram_Inventory/test_env/lib/python3.11/site-packages/starlette/middleware/base.py\", line 189, in __call__\n    |     with collapse_excgroups():\n    |   File \"/Library/Frameworks/Python.framework/Versions/3.11/lib/python3.11/contextlib.py\", line 158, in __exit__\n    |     self.gen.throw(typ, value, traceback)\n    |   File \"/Users/sumatidhingra/Documents/AaramBooks/Aaram_Inventory/test_env/lib/python3.11/site-packages/starlette/_utils.py\", line 93, in collapse_excgroups\n    |     raise exc\n    |   File \"/Users/sumatidhingra/Documents/AaramBooks/Aaram_Inventory/test_env/lib/python3.11/site-packages/starlette/middleware/base.py\", line 191, in __call__\n    |     response = await self.dispatch_func(request, call_next)\n    |                ^^^^^^^^^^^^^^^^^^^^^^^^^^^^^^^^^^^^^^^^^^^^\n    |   File \"/Users/sumatidhingra/Documents/AaramBooks/Aaram_Inventory/src/foundation/api/middleware.py\", line 15, in dispatch\n    |     response: Response = await call_next(request)\n    |                          ^^^^^^^^^^^^^^^^^^^^^^^^\n    |   File \"/Users/sumatidhingra/Documents/AaramBooks/Aaram_Inventory/test_env/lib/python3.11/site-packages/starlette/middleware/base.py\", line 165, in call_next\n    |     raise app_exc\n    |   File \"/Users/sumatidhingra/Documents/AaramBooks/Aaram_Inventory/test_env/lib/python3.11/site-packages/starlette/middleware/base.py\", line 151, in coro\n    |     await self.app(scope, receive_or_disconnect, send_no_error)\n    |   File \"/Users/sumatidhingra/Documents/AaramBooks/Aaram_Inventory/test_env/lib/python3.11/site-packages/starlette/middleware/cors.py\", line 93, in __call__\n    |     await self.simple_response(scope, receive, send, request_headers=headers)\n    |   File \"/Users/sumatidhingra/Documents/AaramBooks/Aaram_Inventory/test_env/lib/python3.11/site-packages/starlette/middleware/cors.py\", line 148, in simple_response\n    |     await self.app(scope, receive, send)\n    |   File \"/Users/sumatidhingra/Documents/AaramBooks/Aaram_Inventory/test_env/lib/python3.11/site-packages/starlette/middleware/exceptions.py\", line 65, in __call__\n    |     await wrap_app_handling_exceptions(self.app, conn)(scope, receive, send)\n    |   File \"/Users/sumatidhingra/Documents/AaramBooks/Aaram_Inventory/test_env/lib/python3.11/site-packages/starlette/_exception_handler.py\", line 64, in wrapped_app\n    |     raise exc\n    |   File \"/Users/sumatidhingra/Documents/AaramBooks/Aaram_Inventory/test_env/lib/python3.11/site-packages/starlette/_exception_handler.py\", line 53, in wrapped_app\n    |     await app(scope, receive, sender)\n    |   File \"/Users/sumatidhingra/Documents/AaramBooks/Aaram_Inventory/test_env/lib/python3.11/site-packages/starlette/routing.py\", line 756, in __call__\n    |     await self.middleware_stack(scope, receive, send)\n    |   File \"/Users/sumatidhingra/Documents/AaramBooks/Aaram_Inventory/test_env/lib/python3.11/site-packages/starlette/routing.py\", line 776, in app\n    |     await route.handle(scope, receive, send)\n    |   File \"/Users/sumatidhingra/Documents/AaramBooks/Aaram_Inventory/test_env/lib/python3.11/site-packages/starlette/routing.py\", line 297, in handle\n    |     await self.app(scope, receive, send)\n    |   File \"/Users/sumatidhingra/Documents/AaramBooks/Aaram_Inventory/test_env/lib/python3.11/site-packages/starlette/routing.py\", line 77, in app\n    |     await wrap_app_handling_exceptions(app, request)(scope, receive, send)\n    |   File \"/Users/sumatidhingra/Documents/AaramBooks/Aaram_Inventory/test_env/lib/python3.11/site-packages/starlette/_exception_handler.py\", line 64, in wrapped_app\n    |     raise exc\n    |   File \"/Users/sumatidhingra/Documents/AaramBooks/Aaram_Inventory/test_env/lib/python3.11/site-packages/starlette/_exception_handler.py\", line 53, in wrapped_app\n    |     await app(scope, receive, sender)\n    |   File \"/Users/sumatidhingra/Documents/AaramBooks/Aaram_Inventory/test_env/lib/python3.11/site-packages/starlette/routing.py\", line 72, in app\n    |     response = await func(request)\n    |                ^^^^^^^^^^^^^^^^^^^\n    |   File \"/Users/sumatidhingra/Documents/AaramBooks/Aaram_Inventory/test_env/lib/python3.11/site-packages/fastapi/routing.py\", line 278, in app\n    |     raw_response = await run_endpoint_function(\n    |                    ^^^^^^^^^^^^^^^^^^^^^^^^^^^^\n    |   File \"/Users/sumatidhingra/Documents/AaramBooks/Aaram_Inventory/test_env/lib/python3.11/site-packages/fastapi/routing.py\", line 191, in run_endpoint_function\n    |     return await dependant.call(**values)\n    |            ^^^^^^^^^^^^^^^^^^^^^^^^^^^^^^\n    |   File \"/Users/sumatidhingra/Documents/AaramBooks/Aaram_Inventory/test_env/lib/python3.11/site-packages/dependency_injector/wiring.py\", line 994, in _patched\n    |     return await _async_inject(\n    |            ^^^^^^^^^^^^^^^^^^^^\n    |   File \"src/dependency_injector/_cwiring.pyx\", line 66, in _async_inject\n    |   File \"/Users/sumatidhingra/Documents/AaramBooks/Aaram_Inventory/src/domains/masters/api/sku.py\", line 22, in list_skus\n    |     response_data = [SKUResponse.model_validate(sku, from_attributes=True) for sku in skus]\n    |                     ^^^^^^^^^^^^^^^^^^^^^^^^^^^^^^^^^^^^^^^^^^^^^^^^^^^^^^^^^^^^^^^^^^^^^^^\n    |   File \"/Users/sumatidhingra/Documents/AaramBooks/Aaram_Inventory/src/domains/masters/api/sku.py\", line 22, in <listcomp>\n    |     response_data = [SKUResponse.model_validate(sku, from_attributes=True) for sku in skus]\n    |                      ^^^^^^^^^^^^^^^^^^^^^^^^^^^^^^^^^^^^^^^^^^^^^^^^^^^^^\n    |   File \"/Users/sumatidhingra/Documents/AaramBooks/Aaram_Inventory/test_env/lib/python3.11/site-packages/pydantic/main.py\", line 551, in model_validate\n    |     return cls.__pydantic_validator__.validate_python(\n    |            ^^^^^^^^^^^^^^^^^^^^^^^^^^^^^^^^^^^^^^^^^^^\n    | pydantic_core._pydantic_core.ValidationError: 1 validation error for SKUResponse\n    | color\n    |   String should have at most 50 characters [type=string_too_long, input_value='French Blue (Base), Must...d Ivory White (Accents)', input_type=str]\n    |     For further information visit https://errors.pydantic.dev/2.7/v/string_too_long\n    +------------------------------------\n\nDuring handling of the above exception, another exception occurred:\n\nTraceback (most recent call last):\n  File \"/Users/sumatidhingra/Documents/AaramBooks/Aaram_Inventory/test_env/lib/python3.11/site-packages/starlette/middleware/errors.py\", line 164, in __call__\n    await self.app(scope, receive, _send)\n  File \"/Users/sumatidhingra/Documents/AaramBooks/Aaram_Inventory/test_env/lib/python3.11/site-packages/starlette/middleware/base.py\", line 189, in __call__\n    with collapse_excgroups():\n  File \"/Library/Frameworks/Python.framework/Versions/3.11/lib/python3.11/contextlib.py\", line 158, in __exit__\n    self.gen.throw(typ, value, traceback)\n  File \"/Users/sumatidhingra/Documents/AaramBooks/Aaram_Inventory/test_env/lib/python3.11/site-packages/starlette/_utils.py\", line 93, in collapse_excgroups\n    raise exc\n  File \"/Users/sumatidhingra/Documents/AaramBooks/Aaram_Inventory/test_env/lib/python3.11/site-packages/starlette/middleware/base.py\", line 191, in __call__\n    response = await self.dispatch_func(request, call_next)\n               ^^^^^^^^^^^^^^^^^^^^^^^^^^^^^^^^^^^^^^^^^^^^\n  File \"/Users/sumatidhingra/Documents/AaramBooks/Aaram_Inventory/src/foundation/api/middleware.py\", line 15, in dispatch\n    response: Response = await call_next(request)\n                         ^^^^^^^^^^^^^^^^^^^^^^^^\n  File \"/Users/sumatidhingra/Documents/AaramBooks/Aaram_Inventory/test_env/lib/python3.11/site-packages/starlette/middleware/base.py\", line 165, in call_next\n    raise app_exc\n  File \"/Users/sumatidhingra/Documents/AaramBooks/Aaram_Inventory/test_env/lib/python3.11/site-packages/starlette/middleware/base.py\", line 151, in coro\n    await self.app(scope, receive_or_disconnect, send_no_error)\n  File \"/Users/sumatidhingra/Documents/AaramBooks/Aaram_Inventory/test_env/lib/python3.11/site-packages/starlette/middleware/cors.py\", line 93, in __call__\n    await self.simple_response(scope, receive, send, request_headers=headers)\n  File \"/Users/sumatidhingra/Documents/AaramBooks/Aaram_Inventory/test_env/lib/python3.11/site-packages/starlette/middleware/cors.py\", line 148, in simple_response\n    await self.app(scope, receive, send)\n  File \"/Users/sumatidhingra/Documents/AaramBooks/Aaram_Inventory/test_env/lib/python3.11/site-packages/starlette/middleware/exceptions.py\", line 65, in __call__\n    await wrap_app_handling_exceptions(self.app, conn)(scope, receive, send)\n  File \"/Users/sumatidhingra/Documents/AaramBooks/Aaram_Inventory/test_env/lib/python3.11/site-packages/starlette/_exception_handler.py\", line 64, in wrapped_app\n    raise exc\n  File \"/Users/sumatidhingra/Documents/AaramBooks/Aaram_Inventory/test_env/lib/python3.11/site-packages/starlette/_exception_handler.py\", line 53, in wrapped_app\n    await app(scope, receive, sender)\n  File \"/Users/sumatidhingra/Documents/AaramBooks/Aaram_Inventory/test_env/lib/python3.11/site-packages/starlette/routing.py\", line 756, in __call__\n    await self.middleware_stack(scope, receive, send)\n  File \"/Users/sumatidhingra/Documents/AaramBooks/Aaram_Inventory/test_env/lib/python3.11/site-packages/starlette/routing.py\", line 776, in app\n    await route.handle(scope, receive, send)\n  File \"/Users/sumatidhingra/Documents/AaramBooks/Aaram_Inventory/test_env/lib/python3.11/site-packages/starlette/routing.py\", line 297, in handle\n    await self.app(scope, receive, send)\n  File \"/Users/sumatidhingra/Documents/AaramBooks/Aaram_Inventory/test_env/lib/python3.11/site-packages/starlette/routing.py\", line 77, in app\n    await wrap_app_handling_exceptions(app, request)(scope, receive, send)\n  File \"/Users/sumatidhingra/Documents/AaramBooks/Aaram_Inventory/test_env/lib/python3.11/site-packages/starlette/_exception_handler.py\", line 64, in wrapped_app\n    raise exc\n  File \"/Users/sumatidhingra/Documents/AaramBooks/Aaram_Inventory/test_env/lib/python3.11/site-packages/starlette/_exception_handler.py\", line 53, in wrapped_app\n    await app(scope, receive, sender)\n  File \"/Users/sumatidhingra/Documents/AaramBooks/Aaram_Inventory/test_env/lib/python3.11/site-packages/starlette/routing.py\", line 72, in app\n    response = await func(request)\n               ^^^^^^^^^^^^^^^^^^^\n  File \"/Users/sumatidhingra/Documents/AaramBooks/Aaram_Inventory/test_env/lib/python3.11/site-packages/fastapi/routing.py\", line 278, in app\n    raw_response = await run_endpoint_function(\n                   ^^^^^^^^^^^^^^^^^^^^^^^^^^^^\n  File \"/Users/sumatidhingra/Documents/AaramBooks/Aaram_Inventory/test_env/lib/python3.11/site-packages/fastapi/routing.py\", line 191, in run_endpoint_function\n    return await dependant.call(**values)\n           ^^^^^^^^^^^^^^^^^^^^^^^^^^^^^^\n  File \"/Users/sumatidhingra/Documents/AaramBooks/Aaram_Inventory/test_env/lib/python3.11/site-packages/dependency_injector/wiring.py\", line 994, in _patched\n    return await _async_inject(\n           ^^^^^^^^^^^^^^^^^^^^\n  File \"src/dependency_injector/_cwiring.pyx\", line 66, in _async_inject\n  File \"/Users/sumatidhingra/Documents/AaramBooks/Aaram_Inventory/src/domains/masters/api/sku.py\", line 22, in list_skus\n    response_data = [SKUResponse.model_validate(sku, from_attributes=True) for sku in skus]\n                    ^^^^^^^^^^^^^^^^^^^^^^^^^^^^^^^^^^^^^^^^^^^^^^^^^^^^^^^^^^^^^^^^^^^^^^^\n  File \"/Users/sumatidhingra/Documents/AaramBooks/Aaram_Inventory/src/domains/masters/api/sku.py\", line 22, in <listcomp>\n    response_data = [SKUResponse.model_validate(sku, from_attributes=True) for sku in skus]\n                     ^^^^^^^^^^^^^^^^^^^^^^^^^^^^^^^^^^^^^^^^^^^^^^^^^^^^^\n  File \"/Users/sumatidhingra/Documents/AaramBooks/Aaram_Inventory/test_env/lib/python3.11/site-packages/pydantic/main.py\", line 551, in model_validate\n    return cls.__pydantic_validator__.validate_python(\n           ^^^^^^^^^^^^^^^^^^^^^^^^^^^^^^^^^^^^^^^^^^^\npydantic_core._pydantic_core.ValidationError: 1 validation error for SKUResponse\ncolor\n  String should have at most 50 characters [type=string_too_long, input_value='French Blue (Base), Must...d Ivory White (Accents)', input_type=str]\n    For further information visit https://errors.pydantic.dev/2.7/v/string_too_long"}
INFO:     127.0.0.1:57357 - "GET /api/v1/masters/skus HTTP/1.1" 500 Internal Server Error
ERROR:    Exception in ASGI application
  + Exception Group Traceback (most recent call last):
  |   File "/Users/sumatidhingra/Documents/AaramBooks/Aaram_Inventory/test_env/lib/python3.11/site-packages/starlette/_utils.py", line 87, in collapse_excgroups
  |     yield
  |   File "/Users/sumatidhingra/Documents/AaramBooks/Aaram_Inventory/test_env/lib/python3.11/site-packages/starlette/middleware/base.py", line 190, in __call__
  |     async with anyio.create_task_group() as task_group:
  |   File "/Users/sumatidhingra/Documents/AaramBooks/Aaram_Inventory/test_env/lib/python3.11/site-packages/anyio/_backends/_asyncio.py", line 815, in __aexit__
  |     raise BaseExceptionGroup(
  | ExceptionGroup: unhandled errors in a TaskGroup (1 sub-exception)
  +-+---------------- 1 ----------------
    | Traceback (most recent call last):
    |   File "/Users/sumatidhingra/Documents/AaramBooks/Aaram_Inventory/test_env/lib/python3.11/site-packages/uvicorn/protocols/http/httptools_impl.py", line 399, in run_asgi
    |     result = await app(  # type: ignore[func-returns-value]
    |              ^^^^^^^^^^^^^^^^^^^^^^^^^^^^^^^^^^^^^^^^^^^^^^
    |   File "/Users/sumatidhingra/Documents/AaramBooks/Aaram_Inventory/test_env/lib/python3.11/site-packages/uvicorn/middleware/proxy_headers.py", line 70, in __call__
    |     return await self.app(scope, receive, send)
    |            ^^^^^^^^^^^^^^^^^^^^^^^^^^^^^^^^^^^^
    |   File "/Users/sumatidhingra/Documents/AaramBooks/Aaram_Inventory/test_env/lib/python3.11/site-packages/fastapi/applications.py", line 1054, in __call__
    |     await super().__call__(scope, receive, send)
    |   File "/Users/sumatidhingra/Documents/AaramBooks/Aaram_Inventory/test_env/lib/python3.11/site-packages/starlette/applications.py", line 123, in __call__
    |     await self.middleware_stack(scope, receive, send)
    |   File "/Users/sumatidhingra/Documents/AaramBooks/Aaram_Inventory/test_env/lib/python3.11/site-packages/starlette/middleware/errors.py", line 186, in __call__
    |     raise exc
    |   File "/Users/sumatidhingra/Documents/AaramBooks/Aaram_Inventory/test_env/lib/python3.11/site-packages/starlette/middleware/errors.py", line 164, in __call__
    |     await self.app(scope, receive, _send)
    |   File "/Users/sumatidhingra/Documents/AaramBooks/Aaram_Inventory/test_env/lib/python3.11/site-packages/starlette/middleware/base.py", line 189, in __call__
    |     with collapse_excgroups():
    |   File "/Library/Frameworks/Python.framework/Versions/3.11/lib/python3.11/contextlib.py", line 158, in __exit__
    |     self.gen.throw(typ, value, traceback)
    |   File "/Users/sumatidhingra/Documents/AaramBooks/Aaram_Inventory/test_env/lib/python3.11/site-packages/starlette/_utils.py", line 93, in collapse_excgroups
    |     raise exc
    |   File "/Users/sumatidhingra/Documents/AaramBooks/Aaram_Inventory/test_env/lib/python3.11/site-packages/starlette/middleware/base.py", line 191, in __call__
    |     response = await self.dispatch_func(request, call_next)
    |                ^^^^^^^^^^^^^^^^^^^^^^^^^^^^^^^^^^^^^^^^^^^^
    |   File "/Users/sumatidhingra/Documents/AaramBooks/Aaram_Inventory/src/foundation/api/middleware.py", line 15, in dispatch
    |     response: Response = await call_next(request)
    |                          ^^^^^^^^^^^^^^^^^^^^^^^^
    |   File "/Users/sumatidhingra/Documents/AaramBooks/Aaram_Inventory/test_env/lib/python3.11/site-packages/starlette/middleware/base.py", line 165, in call_next
    |     raise app_exc
    |   File "/Users/sumatidhingra/Documents/AaramBooks/Aaram_Inventory/test_env/lib/python3.11/site-packages/starlette/middleware/base.py", line 151, in coro
    |     await self.app(scope, receive_or_disconnect, send_no_error)
    |   File "/Users/sumatidhingra/Documents/AaramBooks/Aaram_Inventory/test_env/lib/python3.11/site-packages/starlette/middleware/cors.py", line 93, in __call__
    |     await self.simple_response(scope, receive, send, request_headers=headers)
    |   File "/Users/sumatidhingra/Documents/AaramBooks/Aaram_Inventory/test_env/lib/python3.11/site-packages/starlette/middleware/cors.py", line 148, in simple_response
    |     await self.app(scope, receive, send)
    |   File "/Users/sumatidhingra/Documents/AaramBooks/Aaram_Inventory/test_env/lib/python3.11/site-packages/starlette/middleware/exceptions.py", line 65, in __call__
    |     await wrap_app_handling_exceptions(self.app, conn)(scope, receive, send)
    |   File "/Users/sumatidhingra/Documents/AaramBooks/Aaram_Inventory/test_env/lib/python3.11/site-packages/starlette/_exception_handler.py", line 64, in wrapped_app
    |     raise exc
    |   File "/Users/sumatidhingra/Documents/AaramBooks/Aaram_Inventory/test_env/lib/python3.11/site-packages/starlette/_exception_handler.py", line 53, in wrapped_app
    |     await app(scope, receive, sender)
    |   File "/Users/sumatidhingra/Documents/AaramBooks/Aaram_Inventory/test_env/lib/python3.11/site-packages/starlette/routing.py", line 756, in __call__
    |     await self.middleware_stack(scope, receive, send)
    |   File "/Users/sumatidhingra/Documents/AaramBooks/Aaram_Inventory/test_env/lib/python3.11/site-packages/starlette/routing.py", line 776, in app
    |     await route.handle(scope, receive, send)
    |   File "/Users/sumatidhingra/Documents/AaramBooks/Aaram_Inventory/test_env/lib/python3.11/site-packages/starlette/routing.py", line 297, in handle
    |     await self.app(scope, receive, send)
    |   File "/Users/sumatidhingra/Documents/AaramBooks/Aaram_Inventory/test_env/lib/python3.11/site-packages/starlette/routing.py", line 77, in app
    |     await wrap_app_handling_exceptions(app, request)(scope, receive, send)
    |   File "/Users/sumatidhingra/Documents/AaramBooks/Aaram_Inventory/test_env/lib/python3.11/site-packages/starlette/_exception_handler.py", line 64, in wrapped_app
    |     raise exc
    |   File "/Users/sumatidhingra/Documents/AaramBooks/Aaram_Inventory/test_env/lib/python3.11/site-packages/starlette/_exception_handler.py", line 53, in wrapped_app
    |     await app(scope, receive, sender)
    |   File "/Users/sumatidhingra/Documents/AaramBooks/Aaram_Inventory/test_env/lib/python3.11/site-packages/starlette/routing.py", line 72, in app
    |     response = await func(request)
    |                ^^^^^^^^^^^^^^^^^^^
    |   File "/Users/sumatidhingra/Documents/AaramBooks/Aaram_Inventory/test_env/lib/python3.11/site-packages/fastapi/routing.py", line 278, in app
    |     raw_response = await run_endpoint_function(
    |                    ^^^^^^^^^^^^^^^^^^^^^^^^^^^^
    |   File "/Users/sumatidhingra/Documents/AaramBooks/Aaram_Inventory/test_env/lib/python3.11/site-packages/fastapi/routing.py", line 191, in run_endpoint_function
    |     return await dependant.call(**values)
    |            ^^^^^^^^^^^^^^^^^^^^^^^^^^^^^^
    |   File "/Users/sumatidhingra/Documents/AaramBooks/Aaram_Inventory/test_env/lib/python3.11/site-packages/dependency_injector/wiring.py", line 994, in _patched
    |     return await _async_inject(
    |            ^^^^^^^^^^^^^^^^^^^^
    |   File "src/dependency_injector/_cwiring.pyx", line 66, in _async_inject
    |   File "/Users/sumatidhingra/Documents/AaramBooks/Aaram_Inventory/src/domains/masters/api/sku.py", line 22, in list_skus
    |     response_data = [SKUResponse.model_validate(sku, from_attributes=True) for sku in skus]
    |                     ^^^^^^^^^^^^^^^^^^^^^^^^^^^^^^^^^^^^^^^^^^^^^^^^^^^^^^^^^^^^^^^^^^^^^^^
    |   File "/Users/sumatidhingra/Documents/AaramBooks/Aaram_Inventory/src/domains/masters/api/sku.py", line 22, in <listcomp>
    |     response_data = [SKUResponse.model_validate(sku, from_attributes=True) for sku in skus]
    |                      ^^^^^^^^^^^^^^^^^^^^^^^^^^^^^^^^^^^^^^^^^^^^^^^^^^^^^
    |   File "/Users/sumatidhingra/Documents/AaramBooks/Aaram_Inventory/test_env/lib/python3.11/site-packages/pydantic/main.py", line 551, in model_validate
    |     return cls.__pydantic_validator__.validate_python(
    |            ^^^^^^^^^^^^^^^^^^^^^^^^^^^^^^^^^^^^^^^^^^^
    | pydantic_core._pydantic_core.ValidationError: 1 validation error for SKUResponse
    | color
    |   String should have at most 50 characters [type=string_too_long, input_value='French Blue (Base), Must...d Ivory White (Accents)', input_type=str]
    |     For further information visit https://errors.pydantic.dev/2.7/v/string_too_long
    +------------------------------------

During handling of the above exception, another exception occurred:

Traceback (most recent call last):
  File "/Users/sumatidhingra/Documents/AaramBooks/Aaram_Inventory/test_env/lib/python3.11/site-packages/uvicorn/protocols/http/httptools_impl.py", line 399, in run_asgi
    result = await app(  # type: ignore[func-returns-value]
             ^^^^^^^^^^^^^^^^^^^^^^^^^^^^^^^^^^^^^^^^^^^^^^
  File "/Users/sumatidhingra/Documents/AaramBooks/Aaram_Inventory/test_env/lib/python3.11/site-packages/uvicorn/middleware/proxy_headers.py", line 70, in __call__
    return await self.app(scope, receive, send)
           ^^^^^^^^^^^^^^^^^^^^^^^^^^^^^^^^^^^^
  File "/Users/sumatidhingra/Documents/AaramBooks/Aaram_Inventory/test_env/lib/python3.11/site-packages/fastapi/applications.py", line 1054, in __call__
    await super().__call__(scope, receive, send)
  File "/Users/sumatidhingra/Documents/AaramBooks/Aaram_Inventory/test_env/lib/python3.11/site-packages/starlette/applications.py", line 123, in __call__
    await self.middleware_stack(scope, receive, send)
  File "/Users/sumatidhingra/Documents/AaramBooks/Aaram_Inventory/test_env/lib/python3.11/site-packages/starlette/middleware/errors.py", line 186, in __call__
    raise exc
  File "/Users/sumatidhingra/Documents/AaramBooks/Aaram_Inventory/test_env/lib/python3.11/site-packages/starlette/middleware/errors.py", line 164, in __call__
    await self.app(scope, receive, _send)
  File "/Users/sumatidhingra/Documents/AaramBooks/Aaram_Inventory/test_env/lib/python3.11/site-packages/starlette/middleware/base.py", line 189, in __call__
    with collapse_excgroups():
  File "/Library/Frameworks/Python.framework/Versions/3.11/lib/python3.11/contextlib.py", line 158, in __exit__
    self.gen.throw(typ, value, traceback)
  File "/Users/sumatidhingra/Documents/AaramBooks/Aaram_Inventory/test_env/lib/python3.11/site-packages/starlette/_utils.py", line 93, in collapse_excgroups
    raise exc
  File "/Users/sumatidhingra/Documents/AaramBooks/Aaram_Inventory/test_env/lib/python3.11/site-packages/starlette/middleware/base.py", line 191, in __call__
    response = await self.dispatch_func(request, call_next)
               ^^^^^^^^^^^^^^^^^^^^^^^^^^^^^^^^^^^^^^^^^^^^
  File "/Users/sumatidhingra/Documents/AaramBooks/Aaram_Inventory/src/foundation/api/middleware.py", line 15, in dispatch
    response: Response = await call_next(request)
                         ^^^^^^^^^^^^^^^^^^^^^^^^
  File "/Users/sumatidhingra/Documents/AaramBooks/Aaram_Inventory/test_env/lib/python3.11/site-packages/starlette/middleware/base.py", line 165, in call_next
    raise app_exc
  File "/Users/sumatidhingra/Documents/AaramBooks/Aaram_Inventory/test_env/lib/python3.11/site-packages/starlette/middleware/base.py", line 151, in coro
    await self.app(scope, receive_or_disconnect, send_no_error)
  File "/Users/sumatidhingra/Documents/AaramBooks/Aaram_Inventory/test_env/lib/python3.11/site-packages/starlette/middleware/cors.py", line 93, in __call__
    await self.simple_response(scope, receive, send, request_headers=headers)
  File "/Users/sumatidhingra/Documents/AaramBooks/Aaram_Inventory/test_env/lib/python3.11/site-packages/starlette/middleware/cors.py", line 148, in simple_response
    await self.app(scope, receive, send)
  File "/Users/sumatidhingra/Documents/AaramBooks/Aaram_Inventory/test_env/lib/python3.11/site-packages/starlette/middleware/exceptions.py", line 65, in __call__
    await wrap_app_handling_exceptions(self.app, conn)(scope, receive, send)
  File "/Users/sumatidhingra/Documents/AaramBooks/Aaram_Inventory/test_env/lib/python3.11/site-packages/starlette/_exception_handler.py", line 64, in wrapped_app
    raise exc
  File "/Users/sumatidhingra/Documents/AaramBooks/Aaram_Inventory/test_env/lib/python3.11/site-packages/starlette/_exception_handler.py", line 53, in wrapped_app
    await app(scope, receive, sender)
  File "/Users/sumatidhingra/Documents/AaramBooks/Aaram_Inventory/test_env/lib/python3.11/site-packages/starlette/routing.py", line 756, in __call__
    await self.middleware_stack(scope, receive, send)
  File "/Users/sumatidhingra/Documents/AaramBooks/Aaram_Inventory/test_env/lib/python3.11/site-packages/starlette/routing.py", line 776, in app
    await route.handle(scope, receive, send)
  File "/Users/sumatidhingra/Documents/AaramBooks/Aaram_Inventory/test_env/lib/python3.11/site-packages/starlette/routing.py", line 297, in handle
    await self.app(scope, receive, send)
  File "/Users/sumatidhingra/Documents/AaramBooks/Aaram_Inventory/test_env/lib/python3.11/site-packages/starlette/routing.py", line 77, in app
    await wrap_app_handling_exceptions(app, request)(scope, receive, send)
  File "/Users/sumatidhingra/Documents/AaramBooks/Aaram_Inventory/test_env/lib/python3.11/site-packages/starlette/_exception_handler.py", line 64, in wrapped_app
    raise exc
  File "/Users/sumatidhingra/Documents/AaramBooks/Aaram_Inventory/test_env/lib/python3.11/site-packages/starlette/_exception_handler.py", line 53, in wrapped_app
    await app(scope, receive, sender)
  File "/Users/sumatidhingra/Documents/AaramBooks/Aaram_Inventory/test_env/lib/python3.11/site-packages/starlette/routing.py", line 72, in app
    response = await func(request)
               ^^^^^^^^^^^^^^^^^^^
  File "/Users/sumatidhingra/Documents/AaramBooks/Aaram_Inventory/test_env/lib/python3.11/site-packages/fastapi/routing.py", line 278, in app
    raw_response = await run_endpoint_function(
                   ^^^^^^^^^^^^^^^^^^^^^^^^^^^^
  File "/Users/sumatidhingra/Documents/AaramBooks/Aaram_Inventory/test_env/lib/python3.11/site-packages/fastapi/routing.py", line 191, in run_endpoint_function
    return await dependant.call(**values)
           ^^^^^^^^^^^^^^^^^^^^^^^^^^^^^^
  File "/Users/sumatidhingra/Documents/AaramBooks/Aaram_Inventory/test_env/lib/python3.11/site-packages/dependency_injector/wiring.py", line 994, in _patched
    return await _async_inject(
           ^^^^^^^^^^^^^^^^^^^^
  File "src/dependency_injector/_cwiring.pyx", line 66, in _async_inject
  File "/Users/sumatidhingra/Documents/AaramBooks/Aaram_Inventory/src/domains/masters/api/sku.py", line 22, in list_skus
    response_data = [SKUResponse.model_validate(sku, from_attributes=True) for sku in skus]
                    ^^^^^^^^^^^^^^^^^^^^^^^^^^^^^^^^^^^^^^^^^^^^^^^^^^^^^^^^^^^^^^^^^^^^^^^
  File "/Users/sumatidhingra/Documents/AaramBooks/Aaram_Inventory/src/domains/masters/api/sku.py", line 22, in <listcomp>
    response_data = [SKUResponse.model_validate(sku, from_attributes=True) for sku in skus]
                     ^^^^^^^^^^^^^^^^^^^^^^^^^^^^^^^^^^^^^^^^^^^^^^^^^^^^^
  File "/Users/sumatidhingra/Documents/AaramBooks/Aaram_Inventory/test_env/lib/python3.11/site-packages/pydantic/main.py", line 551, in model_validate
    return cls.__pydantic_validator__.validate_python(
           ^^^^^^^^^^^^^^^^^^^^^^^^^^^^^^^^^^^^^^^^^^^
pydantic_core._pydantic_core.ValidationError: 1 validation error for SKUResponse
color
  String should have at most 50 characters [type=string_too_long, input_value='French Blue (Base), Must...d Ivory White (Accents)', input_type=str]
    For further information visit https://errors.pydantic.dev/2.7/v/string_too_long
{"timestamp": "2026-08-06T10:22:31.785143+00:00Z", "level": "ERROR", "logger": "foundation.exceptions", "message": "Unhandled Exception: 1 validation error for SKUResponse\ncolor\n  String should have at most 50 characters [type=string_too_long, input_value='French Blue (Base), Must...d Ivory White (Accents)', input_type=str]\n    For further information visit https://errors.pydantic.dev/2.7/v/string_too_long", "module": "handlers", "function": "unhandled_exception_handler", "line": 47, "request_id": "06a74606-7c2d-72fe-8000-1eecdaa5e3be", "exception": "  + Exception Group Traceback (most recent call last):\n  |   File \"/Users/sumatidhingra/Documents/AaramBooks/Aaram_Inventory/test_env/lib/python3.11/site-packages/starlette/_utils.py\", line 87, in collapse_excgroups\n  |     yield\n  |   File \"/Users/sumatidhingra/Documents/AaramBooks/Aaram_Inventory/test_env/lib/python3.11/site-packages/starlette/middleware/base.py\", line 190, in __call__\n  |     async with anyio.create_task_group() as task_group:\n  |   File \"/Users/sumatidhingra/Documents/AaramBooks/Aaram_Inventory/test_env/lib/python3.11/site-packages/anyio/_backends/_asyncio.py\", line 815, in __aexit__\n  |     raise BaseExceptionGroup(\n  | ExceptionGroup: unhandled errors in a TaskGroup (1 sub-exception)\n  +-+---------------- 1 ----------------\n    | Traceback (most recent call last):\n    |   File \"/Users/sumatidhingra/Documents/AaramBooks/Aaram_Inventory/test_env/lib/python3.11/site-packages/starlette/middleware/errors.py\", line 164, in __call__\n    |     await self.app(scope, receive, _send)\n    |   File \"/Users/sumatidhingra/Documents/AaramBooks/Aaram_Inventory/test_env/lib/python3.11/site-packages/starlette/middleware/base.py\", line 189, in __call__\n    |     with collapse_excgroups():\n    |   File \"/Library/Frameworks/Python.framework/Versions/3.11/lib/python3.11/contextlib.py\", line 158, in __exit__\n    |     self.gen.throw(typ, value, traceback)\n    |   File \"/Users/sumatidhingra/Documents/AaramBooks/Aaram_Inventory/test_env/lib/python3.11/site-packages/starlette/_utils.py\", line 93, in collapse_excgroups\n    |     raise exc\n    |   File \"/Users/sumatidhingra/Documents/AaramBooks/Aaram_Inventory/test_env/lib/python3.11/site-packages/starlette/middleware/base.py\", line 191, in __call__\n    |     response = await self.dispatch_func(request, call_next)\n    |                ^^^^^^^^^^^^^^^^^^^^^^^^^^^^^^^^^^^^^^^^^^^^\n    |   File \"/Users/sumatidhingra/Documents/AaramBooks/Aaram_Inventory/src/foundation/api/middleware.py\", line 15, in dispatch\n    |     response: Response = await call_next(request)\n    |                          ^^^^^^^^^^^^^^^^^^^^^^^^\n    |   File \"/Users/sumatidhingra/Documents/AaramBooks/Aaram_Inventory/test_env/lib/python3.11/site-packages/starlette/middleware/base.py\", line 165, in call_next\n    |     raise app_exc\n    |   File \"/Users/sumatidhingra/Documents/AaramBooks/Aaram_Inventory/test_env/lib/python3.11/site-packages/starlette/middleware/base.py\", line 151, in coro\n    |     await self.app(scope, receive_or_disconnect, send_no_error)\n    |   File \"/Users/sumatidhingra/Documents/AaramBooks/Aaram_Inventory/test_env/lib/python3.11/site-packages/starlette/middleware/cors.py\", line 93, in __call__\n    |     await self.simple_response(scope, receive, send, request_headers=headers)\n    |   File \"/Users/sumatidhingra/Documents/AaramBooks/Aaram_Inventory/test_env/lib/python3.11/site-packages/starlette/middleware/cors.py\", line 148, in simple_response\n    |     await self.app(scope, receive, send)\n    |   File \"/Users/sumatidhingra/Documents/AaramBooks/Aaram_Inventory/test_env/lib/python3.11/site-packages/starlette/middleware/exceptions.py\", line 65, in __call__\n    |     await wrap_app_handling_exceptions(self.app, conn)(scope, receive, send)\n    |   File \"/Users/sumatidhingra/Documents/AaramBooks/Aaram_Inventory/test_env/lib/python3.11/site-packages/starlette/_exception_handler.py\", line 64, in wrapped_app\n    |     raise exc\n    |   File \"/Users/sumatidhingra/Documents/AaramBooks/Aaram_Inventory/test_env/lib/python3.11/site-packages/starlette/_exception_handler.py\", line 53, in wrapped_app\n    |     await app(scope, receive, sender)\n    |   File \"/Users/sumatidhingra/Documents/AaramBooks/Aaram_Inventory/test_env/lib/python3.11/site-packages/starlette/routing.py\", line 756, in __call__\n    |     await self.middleware_stack(scope, receive, send)\n    |   File \"/Users/sumatidhingra/Documents/AaramBooks/Aaram_Inventory/test_env/lib/python3.11/site-packages/starlette/routing.py\", line 776, in app\n    |     await route.handle(scope, receive, send)\n    |   File \"/Users/sumatidhingra/Documents/AaramBooks/Aaram_Inventory/test_env/lib/python3.11/site-packages/starlette/routing.py\", line 297, in handle\n    |     await self.app(scope, receive, send)\n    |   File \"/Users/sumatidhingra/Documents/AaramBooks/Aaram_Inventory/test_env/lib/python3.11/site-packages/starlette/routing.py\", line 77, in app\n    |     await wrap_app_handling_exceptions(app, request)(scope, receive, send)\n    |   File \"/Users/sumatidhingra/Documents/AaramBooks/Aaram_Inventory/test_env/lib/python3.11/site-packages/starlette/_exception_handler.py\", line 64, in wrapped_app\n    |     raise exc\n    |   File \"/Users/sumatidhingra/Documents/AaramBooks/Aaram_Inventory/test_env/lib/python3.11/site-packages/starlette/_exception_handler.py\", line 53, in wrapped_app\n    |     await app(scope, receive, sender)\n    |   File \"/Users/sumatidhingra/Documents/AaramBooks/Aaram_Inventory/test_env/lib/python3.11/site-packages/starlette/routing.py\", line 72, in app\n    |     response = await func(request)\n    |                ^^^^^^^^^^^^^^^^^^^\n    |   File \"/Users/sumatidhingra/Documents/AaramBooks/Aaram_Inventory/test_env/lib/python3.11/site-packages/fastapi/routing.py\", line 278, in app\n    |     raw_response = await run_endpoint_function(\n    |                    ^^^^^^^^^^^^^^^^^^^^^^^^^^^^\n    |   File \"/Users/sumatidhingra/Documents/AaramBooks/Aaram_Inventory/test_env/lib/python3.11/site-packages/fastapi/routing.py\", line 191, in run_endpoint_function\n    |     return await dependant.call(**values)\n    |            ^^^^^^^^^^^^^^^^^^^^^^^^^^^^^^\n    |   File \"/Users/sumatidhingra/Documents/AaramBooks/Aaram_Inventory/test_env/lib/python3.11/site-packages/dependency_injector/wiring.py\", line 994, in _patched\n    |     return await _async_inject(\n    |            ^^^^^^^^^^^^^^^^^^^^\n    |   File \"src/dependency_injector/_cwiring.pyx\", line 66, in _async_inject\n    |   File \"/Users/sumatidhingra/Documents/AaramBooks/Aaram_Inventory/src/domains/masters/api/sku.py\", line 22, in list_skus\n    |     response_data = [SKUResponse.model_validate(sku, from_attributes=True) for sku in skus]\n    |                     ^^^^^^^^^^^^^^^^^^^^^^^^^^^^^^^^^^^^^^^^^^^^^^^^^^^^^^^^^^^^^^^^^^^^^^^\n    |   File \"/Users/sumatidhingra/Documents/AaramBooks/Aaram_Inventory/src/domains/masters/api/sku.py\", line 22, in <listcomp>\n    |     response_data = [SKUResponse.model_validate(sku, from_attributes=True) for sku in skus]\n    |                      ^^^^^^^^^^^^^^^^^^^^^^^^^^^^^^^^^^^^^^^^^^^^^^^^^^^^^\n    |   File \"/Users/sumatidhingra/Documents/AaramBooks/Aaram_Inventory/test_env/lib/python3.11/site-packages/pydantic/main.py\", line 551, in model_validate\n    |     return cls.__pydantic_validator__.validate_python(\n    |            ^^^^^^^^^^^^^^^^^^^^^^^^^^^^^^^^^^^^^^^^^^^\n    | pydantic_core._pydantic_core.ValidationError: 1 validation error for SKUResponse\n    | color\n    |   String should have at most 50 characters [type=string_too_long, input_value='French Blue (Base), Must...d Ivory White (Accents)', input_type=str]\n    |     For further information visit https://errors.pydantic.dev/2.7/v/string_too_long\n    +------------------------------------\n\nDuring handling of the above exception, another exception occurred:\n\nTraceback (most recent call last):\n  File \"/Users/sumatidhingra/Documents/AaramBooks/Aaram_Inventory/test_env/lib/python3.11/site-packages/starlette/middleware/errors.py\", line 164, in __call__\n    await self.app(scope, receive, _send)\n  File \"/Users/sumatidhingra/Documents/AaramBooks/Aaram_Inventory/test_env/lib/python3.11/site-packages/starlette/middleware/base.py\", line 189, in __call__\n    with collapse_excgroups():\n  File \"/Library/Frameworks/Python.framework/Versions/3.11/lib/python3.11/contextlib.py\", line 158, in __exit__\n    self.gen.throw(typ, value, traceback)\n  File \"/Users/sumatidhingra/Documents/AaramBooks/Aaram_Inventory/test_env/lib/python3.11/site-packages/starlette/_utils.py\", line 93, in collapse_excgroups\n    raise exc\n  File \"/Users/sumatidhingra/Documents/AaramBooks/Aaram_Inventory/test_env/lib/python3.11/site-packages/starlette/middleware/base.py\", line 191, in __call__\n    response = await self.dispatch_func(request, call_next)\n               ^^^^^^^^^^^^^^^^^^^^^^^^^^^^^^^^^^^^^^^^^^^^\n  File \"/Users/sumatidhingra/Documents/AaramBooks/Aaram_Inventory/src/foundation/api/middleware.py\", line 15, in dispatch\n    response: Response = await call_next(request)\n                         ^^^^^^^^^^^^^^^^^^^^^^^^\n  File \"/Users/sumatidhingra/Documents/AaramBooks/Aaram_Inventory/test_env/lib/python3.11/site-packages/starlette/middleware/base.py\", line 165, in call_next\n    raise app_exc\n  File \"/Users/sumatidhingra/Documents/AaramBooks/Aaram_Inventory/test_env/lib/python3.11/site-packages/starlette/middleware/base.py\", line 151, in coro\n    await self.app(scope, receive_or_disconnect, send_no_error)\n  File \"/Users/sumatidhingra/Documents/AaramBooks/Aaram_Inventory/test_env/lib/python3.11/site-packages/starlette/middleware/cors.py\", line 93, in __call__\n    await self.simple_response(scope, receive, send, request_headers=headers)\n  File \"/Users/sumatidhingra/Documents/AaramBooks/Aaram_Inventory/test_env/lib/python3.11/site-packages/starlette/middleware/cors.py\", line 148, in simple_response\n    await self.app(scope, receive, send)\n  File \"/Users/sumatidhingra/Documents/AaramBooks/Aaram_Inventory/test_env/lib/python3.11/site-packages/starlette/middleware/exceptions.py\", line 65, in __call__\n    await wrap_app_handling_exceptions(self.app, conn)(scope, receive, send)\n  File \"/Users/sumatidhingra/Documents/AaramBooks/Aaram_Inventory/test_env/lib/python3.11/site-packages/starlette/_exception_handler.py\", line 64, in wrapped_app\n    raise exc\n  File \"/Users/sumatidhingra/Documents/AaramBooks/Aaram_Inventory/test_env/lib/python3.11/site-packages/starlette/_exception_handler.py\", line 53, in wrapped_app\n    await app(scope, receive, sender)\n  File \"/Users/sumatidhingra/Documents/AaramBooks/Aaram_Inventory/test_env/lib/python3.11/site-packages/starlette/routing.py\", line 756, in __call__\n    await self.middleware_stack(scope, receive, send)\n  File \"/Users/sumatidhingra/Documents/AaramBooks/Aaram_Inventory/test_env/lib/python3.11/site-packages/starlette/routing.py\", line 776, in app\n    await route.handle(scope, receive, send)\n  File \"/Users/sumatidhingra/Documents/AaramBooks/Aaram_Inventory/test_env/lib/python3.11/site-packages/starlette/routing.py\", line 297, in handle\n    await self.app(scope, receive, send)\n  File \"/Users/sumatidhingra/Documents/AaramBooks/Aaram_Inventory/test_env/lib/python3.11/site-packages/starlette/routing.py\", line 77, in app\n    await wrap_app_handling_exceptions(app, request)(scope, receive, send)\n  File \"/Users/sumatidhingra/Documents/AaramBooks/Aaram_Inventory/test_env/lib/python3.11/site-packages/starlette/_exception_handler.py\", line 64, in wrapped_app\n    raise exc\n  File \"/Users/sumatidhingra/Documents/AaramBooks/Aaram_Inventory/test_env/lib/python3.11/site-packages/starlette/_exception_handler.py\", line 53, in wrapped_app\n    await app(scope, receive, sender)\n  File \"/Users/sumatidhingra/Documents/AaramBooks/Aaram_Inventory/test_env/lib/python3.11/site-packages/starlette/routing.py\", line 72, in app\n    response = await func(request)\n               ^^^^^^^^^^^^^^^^^^^\n  File \"/Users/sumatidhingra/Documents/AaramBooks/Aaram_Inventory/test_env/lib/python3.11/site-packages/fastapi/routing.py\", line 278, in app\n    raw_response = await run_endpoint_function(\n                   ^^^^^^^^^^^^^^^^^^^^^^^^^^^^\n  File \"/Users/sumatidhingra/Documents/AaramBooks/Aaram_Inventory/test_env/lib/python3.11/site-packages/fastapi/routing.py\", line 191, in run_endpoint_function\n    return await dependant.call(**values)\n           ^^^^^^^^^^^^^^^^^^^^^^^^^^^^^^\n  File \"/Users/sumatidhingra/Documents/AaramBooks/Aaram_Inventory/test_env/lib/python3.11/site-packages/dependency_injector/wiring.py\", line 994, in _patched\n    return await _async_inject(\n           ^^^^^^^^^^^^^^^^^^^^\n  File \"src/dependency_injector/_cwiring.pyx\", line 66, in _async_inject\n  File \"/Users/sumatidhingra/Documents/AaramBooks/Aaram_Inventory/src/domains/masters/api/sku.py\", line 22, in list_skus\n    response_data = [SKUResponse.model_validate(sku, from_attributes=True) for sku in skus]\n                    ^^^^^^^^^^^^^^^^^^^^^^^^^^^^^^^^^^^^^^^^^^^^^^^^^^^^^^^^^^^^^^^^^^^^^^^\n  File \"/Users/sumatidhingra/Documents/AaramBooks/Aaram_Inventory/src/domains/masters/api/sku.py\", line 22, in <listcomp>\n    response_data = [SKUResponse.model_validate(sku, from_attributes=True) for sku in skus]\n                     ^^^^^^^^^^^^^^^^^^^^^^^^^^^^^^^^^^^^^^^^^^^^^^^^^^^^^\n  File \"/Users/sumatidhingra/Documents/AaramBooks/Aaram_Inventory/test_env/lib/python3.11/site-packages/pydantic/main.py\", line 551, in model_validate\n    return cls.__pydantic_validator__.validate_python(\n           ^^^^^^^^^^^^^^^^^^^^^^^^^^^^^^^^^^^^^^^^^^^\npydantic_core._pydantic_core.ValidationError: 1 validation error for SKUResponse\ncolor\n  String should have at most 50 characters [type=string_too_long, input_value='French Blue (Base), Must...d Ivory White (Accents)', input_type=str]\n    For further information visit https://errors.pydantic.dev/2.7/v/string_too_long"}
INFO:     127.0.0.1:57365 - "GET /api/v1/masters/skus HTTP/1.1" 500 Internal Server Error
ERROR:    Exception in ASGI application
  + Exception Group Traceback (most recent call last):
  |   File "/Users/sumatidhingra/Documents/AaramBooks/Aaram_Inventory/test_env/lib/python3.11/site-packages/starlette/_utils.py", line 87, in collapse_excgroups
  |     yield
  |   File "/Users/sumatidhingra/Documents/AaramBooks/Aaram_Inventory/test_env/lib/python3.11/site-packages/starlette/middleware/base.py", line 190, in __call__
  |     async with anyio.create_task_group() as task_group:
  |   File "/Users/sumatidhingra/Documents/AaramBooks/Aaram_Inventory/test_env/lib/python3.11/site-packages/anyio/_backends/_asyncio.py", line 815, in __aexit__
  |     raise BaseExceptionGroup(
  | ExceptionGroup: unhandled errors in a TaskGroup (1 sub-exception)
  +-+---------------- 1 ----------------
    | Traceback (most recent call last):
    |   File "/Users/sumatidhingra/Documents/AaramBooks/Aaram_Inventory/test_env/lib/python3.11/site-packages/uvicorn/protocols/http/httptools_impl.py", line 399, in run_asgi
    |     result = await app(  # type: ignore[func-returns-value]
    |              ^^^^^^^^^^^^^^^^^^^^^^^^^^^^^^^^^^^^^^^^^^^^^^
    |   File "/Users/sumatidhingra/Documents/AaramBooks/Aaram_Inventory/test_env/lib/python3.11/site-packages/uvicorn/middleware/proxy_headers.py", line 70, in __call__
    |     return await self.app(scope, receive, send)
    |            ^^^^^^^^^^^^^^^^^^^^^^^^^^^^^^^^^^^^
    |   File "/Users/sumatidhingra/Documents/AaramBooks/Aaram_Inventory/test_env/lib/python3.11/site-packages/fastapi/applications.py", line 1054, in __call__
    |     await super().__call__(scope, receive, send)
    |   File "/Users/sumatidhingra/Documents/AaramBooks/Aaram_Inventory/test_env/lib/python3.11/site-packages/starlette/applications.py", line 123, in __call__
    |     await self.middleware_stack(scope, receive, send)
    |   File "/Users/sumatidhingra/Documents/AaramBooks/Aaram_Inventory/test_env/lib/python3.11/site-packages/starlette/middleware/errors.py", line 186, in __call__
    |     raise exc
    |   File "/Users/sumatidhingra/Documents/AaramBooks/Aaram_Inventory/test_env/lib/python3.11/site-packages/starlette/middleware/errors.py", line 164, in __call__
    |     await self.app(scope, receive, _send)
    |   File "/Users/sumatidhingra/Documents/AaramBooks/Aaram_Inventory/test_env/lib/python3.11/site-packages/starlette/middleware/base.py", line 189, in __call__
    |     with collapse_excgroups():
    |   File "/Library/Frameworks/Python.framework/Versions/3.11/lib/python3.11/contextlib.py", line 158, in __exit__
    |     self.gen.throw(typ, value, traceback)
    |   File "/Users/sumatidhingra/Documents/AaramBooks/Aaram_Inventory/test_env/lib/python3.11/site-packages/starlette/_utils.py", line 93, in collapse_excgroups
    |     raise exc
    |   File "/Users/sumatidhingra/Documents/AaramBooks/Aaram_Inventory/test_env/lib/python3.11/site-packages/starlette/middleware/base.py", line 191, in __call__
    |     response = await self.dispatch_func(request, call_next)
    |                ^^^^^^^^^^^^^^^^^^^^^^^^^^^^^^^^^^^^^^^^^^^^
    |   File "/Users/sumatidhingra/Documents/AaramBooks/Aaram_Inventory/src/foundation/api/middleware.py", line 15, in dispatch
    |     response: Response = await call_next(request)
    |                          ^^^^^^^^^^^^^^^^^^^^^^^^
    |   File "/Users/sumatidhingra/Documents/AaramBooks/Aaram_Inventory/test_env/lib/python3.11/site-packages/starlette/middleware/base.py", line 165, in call_next
    |     raise app_exc
    |   File "/Users/sumatidhingra/Documents/AaramBooks/Aaram_Inventory/test_env/lib/python3.11/site-packages/starlette/middleware/base.py", line 151, in coro
    |     await self.app(scope, receive_or_disconnect, send_no_error)
    |   File "/Users/sumatidhingra/Documents/AaramBooks/Aaram_Inventory/test_env/lib/python3.11/site-packages/starlette/middleware/cors.py", line 93, in __call__
    |     await self.simple_response(scope, receive, send, request_headers=headers)
    |   File "/Users/sumatidhingra/Documents/AaramBooks/Aaram_Inventory/test_env/lib/python3.11/site-packages/starlette/middleware/cors.py", line 148, in simple_response
    |     await self.app(scope, receive, send)
    |   File "/Users/sumatidhingra/Documents/AaramBooks/Aaram_Inventory/test_env/lib/python3.11/site-packages/starlette/middleware/exceptions.py", line 65, in __call__
    |     await wrap_app_handling_exceptions(self.app, conn)(scope, receive, send)
    |   File "/Users/sumatidhingra/Documents/AaramBooks/Aaram_Inventory/test_env/lib/python3.11/site-packages/starlette/_exception_handler.py", line 64, in wrapped_app
    |     raise exc
    |   File "/Users/sumatidhingra/Documents/AaramBooks/Aaram_Inventory/test_env/lib/python3.11/site-packages/starlette/_exception_handler.py", line 53, in wrapped_app
    |     await app(scope, receive, sender)
    |   File "/Users/sumatidhingra/Documents/AaramBooks/Aaram_Inventory/test_env/lib/python3.11/site-packages/starlette/routing.py", line 756, in __call__
    |     await self.middleware_stack(scope, receive, send)
    |   File "/Users/sumatidhingra/Documents/AaramBooks/Aaram_Inventory/test_env/lib/python3.11/site-packages/starlette/routing.py", line 776, in app
    |     await route.handle(scope, receive, send)
    |   File "/Users/sumatidhingra/Documents/AaramBooks/Aaram_Inventory/test_env/lib/python3.11/site-packages/starlette/routing.py", line 297, in handle
    |     await self.app(scope, receive, send)
    |   File "/Users/sumatidhingra/Documents/AaramBooks/Aaram_Inventory/test_env/lib/python3.11/site-packages/starlette/routing.py", line 77, in app
    |     await wrap_app_handling_exceptions(app, request)(scope, receive, send)
    |   File "/Users/sumatidhingra/Documents/AaramBooks/Aaram_Inventory/test_env/lib/python3.11/site-packages/starlette/_exception_handler.py", line 64, in wrapped_app
    |     raise exc
    |   File "/Users/sumatidhingra/Documents/AaramBooks/Aaram_Inventory/test_env/lib/python3.11/site-packages/starlette/_exception_handler.py", line 53, in wrapped_app
    |     await app(scope, receive, sender)
    |   File "/Users/sumatidhingra/Documents/AaramBooks/Aaram_Inventory/test_env/lib/python3.11/site-packages/starlette/routing.py", line 72, in app
    |     response = await func(request)
    |                ^^^^^^^^^^^^^^^^^^^
    |   File "/Users/sumatidhingra/Documents/AaramBooks/Aaram_Inventory/test_env/lib/python3.11/site-packages/fastapi/routing.py", line 278, in app
    |     raw_response = await run_endpoint_function(
    |                    ^^^^^^^^^^^^^^^^^^^^^^^^^^^^
    |   File "/Users/sumatidhingra/Documents/AaramBooks/Aaram_Inventory/test_env/lib/python3.11/site-packages/fastapi/routing.py", line 191, in run_endpoint_function
    |     return await dependant.call(**values)
    |            ^^^^^^^^^^^^^^^^^^^^^^^^^^^^^^
    |   File "/Users/sumatidhingra/Documents/AaramBooks/Aaram_Inventory/test_env/lib/python3.11/site-packages/dependency_injector/wiring.py", line 994, in _patched
    |     return await _async_inject(
    |            ^^^^^^^^^^^^^^^^^^^^
    |   File "src/dependency_injector/_cwiring.pyx", line 66, in _async_inject
    |   File "/Users/sumatidhingra/Documents/AaramBooks/Aaram_Inventory/src/domains/masters/api/sku.py", line 22, in list_skus
    |     response_data = [SKUResponse.model_validate(sku, from_attributes=True) for sku in skus]
    |                     ^^^^^^^^^^^^^^^^^^^^^^^^^^^^^^^^^^^^^^^^^^^^^^^^^^^^^^^^^^^^^^^^^^^^^^^
    |   File "/Users/sumatidhingra/Documents/AaramBooks/Aaram_Inventory/src/domains/masters/api/sku.py", line 22, in <listcomp>
    |     response_data = [SKUResponse.model_validate(sku, from_attributes=True) for sku in skus]
    |                      ^^^^^^^^^^^^^^^^^^^^^^^^^^^^^^^^^^^^^^^^^^^^^^^^^^^^^
    |   File "/Users/sumatidhingra/Documents/AaramBooks/Aaram_Inventory/test_env/lib/python3.11/site-packages/pydantic/main.py", line 551, in model_validate
    |     return cls.__pydantic_validator__.validate_python(
    |            ^^^^^^^^^^^^^^^^^^^^^^^^^^^^^^^^^^^^^^^^^^^
    | pydantic_core._pydantic_core.ValidationError: 1 validation error for SKUResponse
    | color
    |   String should have at most 50 characters [type=string_too_long, input_value='French Blue (Base), Must...d Ivory White (Accents)', input_type=str]
    |     For further information visit https://errors.pydantic.dev/2.7/v/string_too_long
    +------------------------------------

During handling of the above exception, another exception occurred:

Traceback (most recent call last):
  File "/Users/sumatidhingra/Documents/AaramBooks/Aaram_Inventory/test_env/lib/python3.11/site-packages/uvicorn/protocols/http/httptools_impl.py", line 399, in run_asgi
    result = await app(  # type: ignore[func-returns-value]
             ^^^^^^^^^^^^^^^^^^^^^^^^^^^^^^^^^^^^^^^^^^^^^^
  File "/Users/sumatidhingra/Documents/AaramBooks/Aaram_Inventory/test_env/lib/python3.11/site-packages/uvicorn/middleware/proxy_headers.py", line 70, in __call__
    return await self.app(scope, receive, send)
           ^^^^^^^^^^^^^^^^^^^^^^^^^^^^^^^^^^^^
  File "/Users/sumatidhingra/Documents/AaramBooks/Aaram_Inventory/test_env/lib/python3.11/site-packages/fastapi/applications.py", line 1054, in __call__
    await super().__call__(scope, receive, send)
  File "/Users/sumatidhingra/Documents/AaramBooks/Aaram_Inventory/test_env/lib/python3.11/site-packages/starlette/applications.py", line 123, in __call__
    await self.middleware_stack(scope, receive, send)
  File "/Users/sumatidhingra/Documents/AaramBooks/Aaram_Inventory/test_env/lib/python3.11/site-packages/starlette/middleware/errors.py", line 186, in __call__
    raise exc
  File "/Users/sumatidhingra/Documents/AaramBooks/Aaram_Inventory/test_env/lib/python3.11/site-packages/starlette/middleware/errors.py", line 164, in __call__
    await self.app(scope, receive, _send)
  File "/Users/sumatidhingra/Documents/AaramBooks/Aaram_Inventory/test_env/lib/python3.11/site-packages/starlette/middleware/base.py", line 189, in __call__
    with collapse_excgroups():
  File "/Library/Frameworks/Python.framework/Versions/3.11/lib/python3.11/contextlib.py", line 158, in __exit__
    self.gen.throw(typ, value, traceback)
  File "/Users/sumatidhingra/Documents/AaramBooks/Aaram_Inventory/test_env/lib/python3.11/site-packages/starlette/_utils.py", line 93, in collapse_excgroups
    raise exc
  File "/Users/sumatidhingra/Documents/AaramBooks/Aaram_Inventory/test_env/lib/python3.11/site-packages/starlette/middleware/base.py", line 191, in __call__
    response = await self.dispatch_func(request, call_next)
               ^^^^^^^^^^^^^^^^^^^^^^^^^^^^^^^^^^^^^^^^^^^^
  File "/Users/sumatidhingra/Documents/AaramBooks/Aaram_Inventory/src/foundation/api/middleware.py", line 15, in dispatch
    response: Response = await call_next(request)
                         ^^^^^^^^^^^^^^^^^^^^^^^^
  File "/Users/sumatidhingra/Documents/AaramBooks/Aaram_Inventory/test_env/lib/python3.11/site-packages/starlette/middleware/base.py", line 165, in call_next
    raise app_exc
  File "/Users/sumatidhingra/Documents/AaramBooks/Aaram_Inventory/test_env/lib/python3.11/site-packages/starlette/middleware/base.py", line 151, in coro
    await self.app(scope, receive_or_disconnect, send_no_error)
  File "/Users/sumatidhingra/Documents/AaramBooks/Aaram_Inventory/test_env/lib/python3.11/site-packages/starlette/middleware/cors.py", line 93, in __call__
    await self.simple_response(scope, receive, send, request_headers=headers)
  File "/Users/sumatidhingra/Documents/AaramBooks/Aaram_Inventory/test_env/lib/python3.11/site-packages/starlette/middleware/cors.py", line 148, in simple_response
    await self.app(scope, receive, send)
  File "/Users/sumatidhingra/Documents/AaramBooks/Aaram_Inventory/test_env/lib/python3.11/site-packages/starlette/middleware/exceptions.py", line 65, in __call__
    await wrap_app_handling_exceptions(self.app, conn)(scope, receive, send)
  File "/Users/sumatidhingra/Documents/AaramBooks/Aaram_Inventory/test_env/lib/python3.11/site-packages/starlette/_exception_handler.py", line 64, in wrapped_app
    raise exc
  File "/Users/sumatidhingra/Documents/AaramBooks/Aaram_Inventory/test_env/lib/python3.11/site-packages/starlette/_exception_handler.py", line 53, in wrapped_app
    await app(scope, receive, sender)
  File "/Users/sumatidhingra/Documents/AaramBooks/Aaram_Inventory/test_env/lib/python3.11/site-packages/starlette/routing.py", line 756, in __call__
    await self.middleware_stack(scope, receive, send)
  File "/Users/sumatidhingra/Documents/AaramBooks/Aaram_Inventory/test_env/lib/python3.11/site-packages/starlette/routing.py", line 776, in app
    await route.handle(scope, receive, send)
  File "/Users/sumatidhingra/Documents/AaramBooks/Aaram_Inventory/test_env/lib/python3.11/site-packages/starlette/routing.py", line 297, in handle
    await self.app(scope, receive, send)
  File "/Users/sumatidhingra/Documents/AaramBooks/Aaram_Inventory/test_env/lib/python3.11/site-packages/starlette/routing.py", line 77, in app
    await wrap_app_handling_exceptions(app, request)(scope, receive, send)
  File "/Users/sumatidhingra/Documents/AaramBooks/Aaram_Inventory/test_env/lib/python3.11/site-packages/starlette/_exception_handler.py", line 64, in wrapped_app
    raise exc
  File "/Users/sumatidhingra/Documents/AaramBooks/Aaram_Inventory/test_env/lib/python3.11/site-packages/starlette/_exception_handler.py", line 53, in wrapped_app
    await app(scope, receive, sender)
  File "/Users/sumatidhingra/Documents/AaramBooks/Aaram_Inventory/test_env/lib/python3.11/site-packages/starlette/routing.py", line 72, in app
    response = await func(request)
               ^^^^^^^^^^^^^^^^^^^
  File "/Users/sumatidhingra/Documents/AaramBooks/Aaram_Inventory/test_env/lib/python3.11/site-packages/fastapi/routing.py", line 278, in app
    raw_response = await run_endpoint_function(
                   ^^^^^^^^^^^^^^^^^^^^^^^^^^^^
  File "/Users/sumatidhingra/Documents/AaramBooks/Aaram_Inventory/test_env/lib/python3.11/site-packages/fastapi/routing.py", line 191, in run_endpoint_function
    return await dependant.call(**values)
           ^^^^^^^^^^^^^^^^^^^^^^^^^^^^^^
  File "/Users/sumatidhingra/Documents/AaramBooks/Aaram_Inventory/test_env/lib/python3.11/site-packages/dependency_injector/wiring.py", line 994, in _patched
    return await _async_inject(
           ^^^^^^^^^^^^^^^^^^^^
  File "src/dependency_injector/_cwiring.pyx", line 66, in _async_inject
  File "/Users/sumatidhingra/Documents/AaramBooks/Aaram_Inventory/src/domains/masters/api/sku.py", line 22, in list_skus
    response_data = [SKUResponse.model_validate(sku, from_attributes=True) for sku in skus]
                    ^^^^^^^^^^^^^^^^^^^^^^^^^^^^^^^^^^^^^^^^^^^^^^^^^^^^^^^^^^^^^^^^^^^^^^^
  File "/Users/sumatidhingra/Documents/AaramBooks/Aaram_Inventory/src/domains/masters/api/sku.py", line 22, in <listcomp>
    response_data = [SKUResponse.model_validate(sku, from_attributes=True) for sku in skus]
                     ^^^^^^^^^^^^^^^^^^^^^^^^^^^^^^^^^^^^^^^^^^^^^^^^^^^^^
  File "/Users/sumatidhingra/Documents/AaramBooks/Aaram_Inventory/test_env/lib/python3.11/site-packages/pydantic/main.py", line 551, in model_validate
    return cls.__pydantic_validator__.validate_python(
           ^^^^^^^^^^^^^^^^^^^^^^^^^^^^^^^^^^^^^^^^^^^
pydantic_core._pydantic_core.ValidationError: 1 validation error for SKUResponse
color
  String should have at most 50 characters [type=string_too_long, input_value='French Blue (Base), Must...d Ivory White (Accents)', input_type=str]
    For further information visit https://errors.pydantic.dev/2.7/v/string_too_long
INFO:     127.0.0.1:57375 - "GET /api/v1/inventory/balances HTTP/1.1" 200 OK
{"timestamp": "2026-08-06T10:22:42.939416+00:00Z", "level": "ERROR", "logger": "foundation.exceptions", "message": "Unhandled Exception: 1 validation error for SKUResponse\ncolor\n  String should have at most 50 characters [type=string_too_long, input_value='French Blue (Base), Must...d Ivory White (Accents)', input_type=str]\n    For further information visit https://errors.pydantic.dev/2.7/v/string_too_long", "module": "handlers", "function": "unhandled_exception_handler", "line": 47, "request_id": "06a74607-2ecc-722e-8000-6041bc3992ff", "exception": "  + Exception Group Traceback (most recent call last):\n  |   File \"/Users/sumatidhingra/Documents/AaramBooks/Aaram_Inventory/test_env/lib/python3.11/site-packages/starlette/_utils.py\", line 87, in collapse_excgroups\n  |     yield\n  |   File \"/Users/sumatidhingra/Documents/AaramBooks/Aaram_Inventory/test_env/lib/python3.11/site-packages/starlette/middleware/base.py\", line 190, in __call__\n  |     async with anyio.create_task_group() as task_group:\n  |   File \"/Users/sumatidhingra/Documents/AaramBooks/Aaram_Inventory/test_env/lib/python3.11/site-packages/anyio/_backends/_asyncio.py\", line 815, in __aexit__\n  |     raise BaseExceptionGroup(\n  | ExceptionGroup: unhandled errors in a TaskGroup (1 sub-exception)\n  +-+---------------- 1 ----------------\n    | Traceback (most recent call last):\n    |   File \"/Users/sumatidhingra/Documents/AaramBooks/Aaram_Inventory/test_env/lib/python3.11/site-packages/starlette/middleware/errors.py\", line 164, in __call__\n    |     await self.app(scope, receive, _send)\n    |   File \"/Users/sumatidhingra/Documents/AaramBooks/Aaram_Inventory/test_env/lib/python3.11/site-packages/starlette/middleware/base.py\", line 189, in __call__\n    |     with collapse_excgroups():\n    |   File \"/Library/Frameworks/Python.framework/Versions/3.11/lib/python3.11/contextlib.py\", line 158, in __exit__\n    |     self.gen.throw(typ, value, traceback)\n    |   File \"/Users/sumatidhingra/Documents/AaramBooks/Aaram_Inventory/test_env/lib/python3.11/site-packages/starlette/_utils.py\", line 93, in collapse_excgroups\n    |     raise exc\n    |   File \"/Users/sumatidhingra/Documents/AaramBooks/Aaram_Inventory/test_env/lib/python3.11/site-packages/starlette/middleware/base.py\", line 191, in __call__\n    |     response = await self.dispatch_func(request, call_next)\n    |                ^^^^^^^^^^^^^^^^^^^^^^^^^^^^^^^^^^^^^^^^^^^^\n    |   File \"/Users/sumatidhingra/Documents/AaramBooks/Aaram_Inventory/src/foundation/api/middleware.py\", line 15, in dispatch\n    |     response: Response = await call_next(request)\n    |                          ^^^^^^^^^^^^^^^^^^^^^^^^\n    |   File \"/Users/sumatidhingra/Documents/AaramBooks/Aaram_Inventory/test_env/lib/python3.11/site-packages/starlette/middleware/base.py\", line 165, in call_next\n    |     raise app_exc\n    |   File \"/Users/sumatidhingra/Documents/AaramBooks/Aaram_Inventory/test_env/lib/python3.11/site-packages/starlette/middleware/base.py\", line 151, in coro\n    |     await self.app(scope, receive_or_disconnect, send_no_error)\n    |   File \"/Users/sumatidhingra/Documents/AaramBooks/Aaram_Inventory/test_env/lib/python3.11/site-packages/starlette/middleware/cors.py\", line 93, in __call__\n    |     await self.simple_response(scope, receive, send, request_headers=headers)\n    |   File \"/Users/sumatidhingra/Documents/AaramBooks/Aaram_Inventory/test_env/lib/python3.11/site-packages/starlette/middleware/cors.py\", line 148, in simple_response\n    |     await self.app(scope, receive, send)\n    |   File \"/Users/sumatidhingra/Documents/AaramBooks/Aaram_Inventory/test_env/lib/python3.11/site-packages/starlette/middleware/exceptions.py\", line 65, in __call__\n    |     await wrap_app_handling_exceptions(self.app, conn)(scope, receive, send)\n    |   File \"/Users/sumatidhingra/Documents/AaramBooks/Aaram_Inventory/test_env/lib/python3.11/site-packages/starlette/_exception_handler.py\", line 64, in wrapped_app\n    |     raise exc\n    |   File \"/Users/sumatidhingra/Documents/AaramBooks/Aaram_Inventory/test_env/lib/python3.11/site-packages/starlette/_exception_handler.py\", line 53, in wrapped_app\n    |     await app(scope, receive, sender)\n    |   File \"/Users/sumatidhingra/Documents/AaramBooks/Aaram_Inventory/test_env/lib/python3.11/site-packages/starlette/routing.py\", line 756, in __call__\n    |     await self.middleware_stack(scope, receive, send)\n    |   File \"/Users/sumatidhingra/Documents/AaramBooks/Aaram_Inventory/test_env/lib/python3.11/site-packages/starlette/routing.py\", line 776, in app\n    |     await route.handle(scope, receive, send)\n    |   File \"/Users/sumatidhingra/Documents/AaramBooks/Aaram_Inventory/test_env/lib/python3.11/site-packages/starlette/routing.py\", line 297, in handle\n    |     await self.app(scope, receive, send)\n    |   File \"/Users/sumatidhingra/Documents/AaramBooks/Aaram_Inventory/test_env/lib/python3.11/site-packages/starlette/routing.py\", line 77, in app\n    |     await wrap_app_handling_exceptions(app, request)(scope, receive, send)\n    |   File \"/Users/sumatidhingra/Documents/AaramBooks/Aaram_Inventory/test_env/lib/python3.11/site-packages/starlette/_exception_handler.py\", line 64, in wrapped_app\n    |     raise exc\n    |   File \"/Users/sumatidhingra/Documents/AaramBooks/Aaram_Inventory/test_env/lib/python3.11/site-packages/starlette/_exception_handler.py\", line 53, in wrapped_app\n    |     await app(scope, receive, sender)\n    |   File \"/Users/sumatidhingra/Documents/AaramBooks/Aaram_Inventory/test_env/lib/python3.11/site-packages/starlette/routing.py\", line 72, in app\n    |     response = await func(request)\n    |                ^^^^^^^^^^^^^^^^^^^\n    |   File \"/Users/sumatidhingra/Documents/AaramBooks/Aaram_Inventory/test_env/lib/python3.11/site-packages/fastapi/routing.py\", line 278, in app\n    |     raw_response = await run_endpoint_function(\n    |                    ^^^^^^^^^^^^^^^^^^^^^^^^^^^^\n    |   File \"/Users/sumatidhingra/Documents/AaramBooks/Aaram_Inventory/test_env/lib/python3.11/site-packages/fastapi/routing.py\", line 191, in run_endpoint_function\n    |     return await dependant.call(**values)\n    |            ^^^^^^^^^^^^^^^^^^^^^^^^^^^^^^\n    |   File \"/Users/sumatidhingra/Documents/AaramBooks/Aaram_Inventory/test_env/lib/python3.11/site-packages/dependency_injector/wiring.py\", line 994, in _patched\n    |     return await _async_inject(\n    |            ^^^^^^^^^^^^^^^^^^^^\n    |   File \"src/dependency_injector/_cwiring.pyx\", line 66, in _async_inject\n    |   File \"/Users/sumatidhingra/Documents/AaramBooks/Aaram_Inventory/src/domains/masters/api/sku.py\", line 22, in list_skus\n    |     response_data = [SKUResponse.model_validate(sku, from_attributes=True) for sku in skus]\n    |                     ^^^^^^^^^^^^^^^^^^^^^^^^^^^^^^^^^^^^^^^^^^^^^^^^^^^^^^^^^^^^^^^^^^^^^^^\n    |   File \"/Users/sumatidhingra/Documents/AaramBooks/Aaram_Inventory/src/domains/masters/api/sku.py\", line 22, in <listcomp>\n    |     response_data = [SKUResponse.model_validate(sku, from_attributes=True) for sku in skus]\n    |                      ^^^^^^^^^^^^^^^^^^^^^^^^^^^^^^^^^^^^^^^^^^^^^^^^^^^^^\n    |   File \"/Users/sumatidhingra/Documents/AaramBooks/Aaram_Inventory/test_env/lib/python3.11/site-packages/pydantic/main.py\", line 551, in model_validate\n    |     return cls.__pydantic_validator__.validate_python(\n    |            ^^^^^^^^^^^^^^^^^^^^^^^^^^^^^^^^^^^^^^^^^^^\n    | pydantic_core._pydantic_core.ValidationError: 1 validation error for SKUResponse\n    | color\n    |   String should have at most 50 characters [type=string_too_long, input_value='French Blue (Base), Must...d Ivory White (Accents)', input_type=str]\n    |     For further information visit https://errors.pydantic.dev/2.7/v/string_too_long\n    +------------------------------------\n\nDuring handling of the above exception, another exception occurred:\n\nTraceback (most recent call last):\n  File \"/Users/sumatidhingra/Documents/AaramBooks/Aaram_Inventory/test_env/lib/python3.11/site-packages/starlette/middleware/errors.py\", line 164, in __call__\n    await self.app(scope, receive, _send)\n  File \"/Users/sumatidhingra/Documents/AaramBooks/Aaram_Inventory/test_env/lib/python3.11/site-packages/starlette/middleware/base.py\", line 189, in __call__\n    with collapse_excgroups():\n  File \"/Library/Frameworks/Python.framework/Versions/3.11/lib/python3.11/contextlib.py\", line 158, in __exit__\n    self.gen.throw(typ, value, traceback)\n  File \"/Users/sumatidhingra/Documents/AaramBooks/Aaram_Inventory/test_env/lib/python3.11/site-packages/starlette/_utils.py\", line 93, in collapse_excgroups\n    raise exc\n  File \"/Users/sumatidhingra/Documents/AaramBooks/Aaram_Inventory/test_env/lib/python3.11/site-packages/starlette/middleware/base.py\", line 191, in __call__\n    response = await self.dispatch_func(request, call_next)\n               ^^^^^^^^^^^^^^^^^^^^^^^^^^^^^^^^^^^^^^^^^^^^\n  File \"/Users/sumatidhingra/Documents/AaramBooks/Aaram_Inventory/src/foundation/api/middleware.py\", line 15, in dispatch\n    response: Response = await call_next(request)\n                         ^^^^^^^^^^^^^^^^^^^^^^^^\n  File \"/Users/sumatidhingra/Documents/AaramBooks/Aaram_Inventory/test_env/lib/python3.11/site-packages/starlette/middleware/base.py\", line 165, in call_next\n    raise app_exc\n  File \"/Users/sumatidhingra/Documents/AaramBooks/Aaram_Inventory/test_env/lib/python3.11/site-packages/starlette/middleware/base.py\", line 151, in coro\n    await self.app(scope, receive_or_disconnect, send_no_error)\n  File \"/Users/sumatidhingra/Documents/AaramBooks/Aaram_Inventory/test_env/lib/python3.11/site-packages/starlette/middleware/cors.py\", line 93, in __call__\n    await self.simple_response(scope, receive, send, request_headers=headers)\n  File \"/Users/sumatidhingra/Documents/AaramBooks/Aaram_Inventory/test_env/lib/python3.11/site-packages/starlette/middleware/cors.py\", line 148, in simple_response\n    await self.app(scope, receive, send)\n  File \"/Users/sumatidhingra/Documents/AaramBooks/Aaram_Inventory/test_env/lib/python3.11/site-packages/starlette/middleware/exceptions.py\", line 65, in __call__\n    await wrap_app_handling_exceptions(self.app, conn)(scope, receive, send)\n  File \"/Users/sumatidhingra/Documents/AaramBooks/Aaram_Inventory/test_env/lib/python3.11/site-packages/starlette/_exception_handler.py\", line 64, in wrapped_app\n    raise exc\n  File \"/Users/sumatidhingra/Documents/AaramBooks/Aaram_Inventory/test_env/lib/python3.11/site-packages/starlette/_exception_handler.py\", line 53, in wrapped_app\n    await app(scope, receive, sender)\n  File \"/Users/sumatidhingra/Documents/AaramBooks/Aaram_Inventory/test_env/lib/python3.11/site-packages/starlette/routing.py\", line 756, in __call__\n    await self.middleware_stack(scope, receive, send)\n  File \"/Users/sumatidhingra/Documents/AaramBooks/Aaram_Inventory/test_env/lib/python3.11/site-packages/starlette/routing.py\", line 776, in app\n    await route.handle(scope, receive, send)\n  File \"/Users/sumatidhingra/Documents/AaramBooks/Aaram_Inventory/test_env/lib/python3.11/site-packages/starlette/routing.py\", line 297, in handle\n    await self.app(scope, receive, send)\n  File \"/Users/sumatidhingra/Documents/AaramBooks/Aaram_Inventory/test_env/lib/python3.11/site-packages/starlette/routing.py\", line 77, in app\n    await wrap_app_handling_exceptions(app, request)(scope, receive, send)\n  File \"/Users/sumatidhingra/Documents/AaramBooks/Aaram_Inventory/test_env/lib/python3.11/site-packages/starlette/_exception_handler.py\", line 64, in wrapped_app\n    raise exc\n  File \"/Users/sumatidhingra/Documents/AaramBooks/Aaram_Inventory/test_env/lib/python3.11/site-packages/starlette/_exception_handler.py\", line 53, in wrapped_app\n    await app(scope, receive, sender)\n  File \"/Users/sumatidhingra/Documents/AaramBooks/Aaram_Inventory/test_env/lib/python3.11/site-packages/starlette/routing.py\", line 72, in app\n    response = await func(request)\n               ^^^^^^^^^^^^^^^^^^^\n  File \"/Users/sumatidhingra/Documents/AaramBooks/Aaram_Inventory/test_env/lib/python3.11/site-packages/fastapi/routing.py\", line 278, in app\n    raw_response = await run_endpoint_function(\n                   ^^^^^^^^^^^^^^^^^^^^^^^^^^^^\n  File \"/Users/sumatidhingra/Documents/AaramBooks/Aaram_Inventory/test_env/lib/python3.11/site-packages/fastapi/routing.py\", line 191, in run_endpoint_function\n    return await dependant.call(**values)\n           ^^^^^^^^^^^^^^^^^^^^^^^^^^^^^^\n  File \"/Users/sumatidhingra/Documents/AaramBooks/Aaram_Inventory/test_env/lib/python3.11/site-packages/dependency_injector/wiring.py\", line 994, in _patched\n    return await _async_inject(\n           ^^^^^^^^^^^^^^^^^^^^\n  File \"src/dependency_injector/_cwiring.pyx\", line 66, in _async_inject\n  File \"/Users/sumatidhingra/Documents/AaramBooks/Aaram_Inventory/src/domains/masters/api/sku.py\", line 22, in list_skus\n    response_data = [SKUResponse.model_validate(sku, from_attributes=True) for sku in skus]\n                    ^^^^^^^^^^^^^^^^^^^^^^^^^^^^^^^^^^^^^^^^^^^^^^^^^^^^^^^^^^^^^^^^^^^^^^^\n  File \"/Users/sumatidhingra/Documents/AaramBooks/Aaram_Inventory/src/domains/masters/api/sku.py\", line 22, in <listcomp>\n    response_data = [SKUResponse.model_validate(sku, from_attributes=True) for sku in skus]\n                     ^^^^^^^^^^^^^^^^^^^^^^^^^^^^^^^^^^^^^^^^^^^^^^^^^^^^^\n  File \"/Users/sumatidhingra/Documents/AaramBooks/Aaram_Inventory/test_env/lib/python3.11/site-packages/pydantic/main.py\", line 551, in model_validate\n    return cls.__pydantic_validator__.validate_python(\n           ^^^^^^^^^^^^^^^^^^^^^^^^^^^^^^^^^^^^^^^^^^^\npydantic_core._pydantic_core.ValidationError: 1 validation error for SKUResponse\ncolor\n  String should have at most 50 characters [type=string_too_long, input_value='French Blue (Base), Must...d Ivory White (Accents)', input_type=str]\n    For further information visit https://errors.pydantic.dev/2.7/v/string_too_long"}
INFO:     127.0.0.1:57376 - "GET /api/v1/masters/skus HTTP/1.1" 500 Internal Server Error
ERROR:    Exception in ASGI application
  + Exception Group Traceback (most recent call last):
  |   File "/Users/sumatidhingra/Documents/AaramBooks/Aaram_Inventory/test_env/lib/python3.11/site-packages/starlette/_utils.py", line 87, in collapse_excgroups
  |     yield
  |   File "/Users/sumatidhingra/Documents/AaramBooks/Aaram_Inventory/test_env/lib/python3.11/site-packages/starlette/middleware/base.py", line 190, in __call__
  |     async with anyio.create_task_group() as task_group:
  |   File "/Users/sumatidhingra/Documents/AaramBooks/Aaram_Inventory/test_env/lib/python3.11/site-packages/anyio/_backends/_asyncio.py", line 815, in __aexit__
  |     raise BaseExceptionGroup(
  | ExceptionGroup: unhandled errors in a TaskGroup (1 sub-exception)
  +-+---------------- 1 ----------------
    | Traceback (most recent call last):
    |   File "/Users/sumatidhingra/Documents/AaramBooks/Aaram_Inventory/test_env/lib/python3.11/site-packages/uvicorn/protocols/http/httptools_impl.py", line 399, in run_asgi
    |     result = await app(  # type: ignore[func-returns-value]
    |              ^^^^^^^^^^^^^^^^^^^^^^^^^^^^^^^^^^^^^^^^^^^^^^
    |   File "/Users/sumatidhingra/Documents/AaramBooks/Aaram_Inventory/test_env/lib/python3.11/site-packages/uvicorn/middleware/proxy_headers.py", line 70, in __call__
    |     return await self.app(scope, receive, send)
    |            ^^^^^^^^^^^^^^^^^^^^^^^^^^^^^^^^^^^^
    |   File "/Users/sumatidhingra/Documents/AaramBooks/Aaram_Inventory/test_env/lib/python3.11/site-packages/fastapi/applications.py", line 1054, in __call__
    |     await super().__call__(scope, receive, send)
    |   File "/Users/sumatidhingra/Documents/AaramBooks/Aaram_Inventory/test_env/lib/python3.11/site-packages/starlette/applications.py", line 123, in __call__
    |     await self.middleware_stack(scope, receive, send)
    |   File "/Users/sumatidhingra/Documents/AaramBooks/Aaram_Inventory/test_env/lib/python3.11/site-packages/starlette/middleware/errors.py", line 186, in __call__
    |     raise exc
    |   File "/Users/sumatidhingra/Documents/AaramBooks/Aaram_Inventory/test_env/lib/python3.11/site-packages/starlette/middleware/errors.py", line 164, in __call__
    |     await self.app(scope, receive, _send)
    |   File "/Users/sumatidhingra/Documents/AaramBooks/Aaram_Inventory/test_env/lib/python3.11/site-packages/starlette/middleware/base.py", line 189, in __call__
    |     with collapse_excgroups():
    |   File "/Library/Frameworks/Python.framework/Versions/3.11/lib/python3.11/contextlib.py", line 158, in __exit__
    |     self.gen.throw(typ, value, traceback)
    |   File "/Users/sumatidhingra/Documents/AaramBooks/Aaram_Inventory/test_env/lib/python3.11/site-packages/starlette/_utils.py", line 93, in collapse_excgroups
    |     raise exc
    |   File "/Users/sumatidhingra/Documents/AaramBooks/Aaram_Inventory/test_env/lib/python3.11/site-packages/starlette/middleware/base.py", line 191, in __call__
    |     response = await self.dispatch_func(request, call_next)
    |                ^^^^^^^^^^^^^^^^^^^^^^^^^^^^^^^^^^^^^^^^^^^^
    |   File "/Users/sumatidhingra/Documents/AaramBooks/Aaram_Inventory/src/foundation/api/middleware.py", line 15, in dispatch
    |     response: Response = await call_next(request)
    |                          ^^^^^^^^^^^^^^^^^^^^^^^^
    |   File "/Users/sumatidhingra/Documents/AaramBooks/Aaram_Inventory/test_env/lib/python3.11/site-packages/starlette/middleware/base.py", line 165, in call_next
    |     raise app_exc
    |   File "/Users/sumatidhingra/Documents/AaramBooks/Aaram_Inventory/test_env/lib/python3.11/site-packages/starlette/middleware/base.py", line 151, in coro
    |     await self.app(scope, receive_or_disconnect, send_no_error)
    |   File "/Users/sumatidhingra/Documents/AaramBooks/Aaram_Inventory/test_env/lib/python3.11/site-packages/starlette/middleware/cors.py", line 93, in __call__
    |     await self.simple_response(scope, receive, send, request_headers=headers)
    |   File "/Users/sumatidhingra/Documents/AaramBooks/Aaram_Inventory/test_env/lib/python3.11/site-packages/starlette/middleware/cors.py", line 148, in simple_response
    |     await self.app(scope, receive, send)
    |   File "/Users/sumatidhingra/Documents/AaramBooks/Aaram_Inventory/test_env/lib/python3.11/site-packages/starlette/middleware/exceptions.py", line 65, in __call__
    |     await wrap_app_handling_exceptions(self.app, conn)(scope, receive, send)
    |   File "/Users/sumatidhingra/Documents/AaramBooks/Aaram_Inventory/test_env/lib/python3.11/site-packages/starlette/_exception_handler.py", line 64, in wrapped_app
    |     raise exc
    |   File "/Users/sumatidhingra/Documents/AaramBooks/Aaram_Inventory/test_env/lib/python3.11/site-packages/starlette/_exception_handler.py", line 53, in wrapped_app
    |     await app(scope, receive, sender)
    |   File "/Users/sumatidhingra/Documents/AaramBooks/Aaram_Inventory/test_env/lib/python3.11/site-packages/starlette/routing.py", line 756, in __call__
    |     await self.middleware_stack(scope, receive, send)
    |   File "/Users/sumatidhingra/Documents/AaramBooks/Aaram_Inventory/test_env/lib/python3.11/site-packages/starlette/routing.py", line 776, in app
    |     await route.handle(scope, receive, send)
    |   File "/Users/sumatidhingra/Documents/AaramBooks/Aaram_Inventory/test_env/lib/python3.11/site-packages/starlette/routing.py", line 297, in handle
    |     await self.app(scope, receive, send)
    |   File "/Users/sumatidhingra/Documents/AaramBooks/Aaram_Inventory/test_env/lib/python3.11/site-packages/starlette/routing.py", line 77, in app
    |     await wrap_app_handling_exceptions(app, request)(scope, receive, send)
    |   File "/Users/sumatidhingra/Documents/AaramBooks/Aaram_Inventory/test_env/lib/python3.11/site-packages/starlette/_exception_handler.py", line 64, in wrapped_app
    |     raise exc
    |   File "/Users/sumatidhingra/Documents/AaramBooks/Aaram_Inventory/test_env/lib/python3.11/site-packages/starlette/_exception_handler.py", line 53, in wrapped_app
    |     await app(scope, receive, sender)
    |   File "/Users/sumatidhingra/Documents/AaramBooks/Aaram_Inventory/test_env/lib/python3.11/site-packages/starlette/routing.py", line 72, in app
    |     response = await func(request)
    |                ^^^^^^^^^^^^^^^^^^^
    |   File "/Users/sumatidhingra/Documents/AaramBooks/Aaram_Inventory/test_env/lib/python3.11/site-packages/fastapi/routing.py", line 278, in app
    |     raw_response = await run_endpoint_function(
    |                    ^^^^^^^^^^^^^^^^^^^^^^^^^^^^
    |   File "/Users/sumatidhingra/Documents/AaramBooks/Aaram_Inventory/test_env/lib/python3.11/site-packages/fastapi/routing.py", line 191, in run_endpoint_function
    |     return await dependant.call(**values)
    |            ^^^^^^^^^^^^^^^^^^^^^^^^^^^^^^
    |   File "/Users/sumatidhingra/Documents/AaramBooks/Aaram_Inventory/test_env/lib/python3.11/site-packages/dependency_injector/wiring.py", line 994, in _patched
    |     return await _async_inject(
    |            ^^^^^^^^^^^^^^^^^^^^
    |   File "src/dependency_injector/_cwiring.pyx", line 66, in _async_inject
    |   File "/Users/sumatidhingra/Documents/AaramBooks/Aaram_Inventory/src/domains/masters/api/sku.py", line 22, in list_skus
    |     response_data = [SKUResponse.model_validate(sku, from_attributes=True) for sku in skus]
    |                     ^^^^^^^^^^^^^^^^^^^^^^^^^^^^^^^^^^^^^^^^^^^^^^^^^^^^^^^^^^^^^^^^^^^^^^^
    |   File "/Users/sumatidhingra/Documents/AaramBooks/Aaram_Inventory/src/domains/masters/api/sku.py", line 22, in <listcomp>
    |     response_data = [SKUResponse.model_validate(sku, from_attributes=True) for sku in skus]
    |                      ^^^^^^^^^^^^^^^^^^^^^^^^^^^^^^^^^^^^^^^^^^^^^^^^^^^^^
    |   File "/Users/sumatidhingra/Documents/AaramBooks/Aaram_Inventory/test_env/lib/python3.11/site-packages/pydantic/main.py", line 551, in model_validate
    |     return cls.__pydantic_validator__.validate_python(
    |            ^^^^^^^^^^^^^^^^^^^^^^^^^^^^^^^^^^^^^^^^^^^
    | pydantic_core._pydantic_core.ValidationError: 1 validation error for SKUResponse
    | color
    |   String should have at most 50 characters [type=string_too_long, input_value='French Blue (Base), Must...d Ivory White (Accents)', input_type=str]
    |     For further information visit https://errors.pydantic.dev/2.7/v/string_too_long
    +------------------------------------

During handling of the above exception, another exception occurred:

Traceback (most recent call last):
  File "/Users/sumatidhingra/Documents/AaramBooks/Aaram_Inventory/test_env/lib/python3.11/site-packages/uvicorn/protocols/http/httptools_impl.py", line 399, in run_asgi
    result = await app(  # type: ignore[func-returns-value]
             ^^^^^^^^^^^^^^^^^^^^^^^^^^^^^^^^^^^^^^^^^^^^^^
  File "/Users/sumatidhingra/Documents/AaramBooks/Aaram_Inventory/test_env/lib/python3.11/site-packages/uvicorn/middleware/proxy_headers.py", line 70, in __call__
    return await self.app(scope, receive, send)
           ^^^^^^^^^^^^^^^^^^^^^^^^^^^^^^^^^^^^
  File "/Users/sumatidhingra/Documents/AaramBooks/Aaram_Inventory/test_env/lib/python3.11/site-packages/fastapi/applications.py", line 1054, in __call__
    await super().__call__(scope, receive, send)
  File "/Users/sumatidhingra/Documents/AaramBooks/Aaram_Inventory/test_env/lib/python3.11/site-packages/starlette/applications.py", line 123, in __call__
    await self.middleware_stack(scope, receive, send)
  File "/Users/sumatidhingra/Documents/AaramBooks/Aaram_Inventory/test_env/lib/python3.11/site-packages/starlette/middleware/errors.py", line 186, in __call__
    raise exc
  File "/Users/sumatidhingra/Documents/AaramBooks/Aaram_Inventory/test_env/lib/python3.11/site-packages/starlette/middleware/errors.py", line 164, in __call__
    await self.app(scope, receive, _send)
  File "/Users/sumatidhingra/Documents/AaramBooks/Aaram_Inventory/test_env/lib/python3.11/site-packages/starlette/middleware/base.py", line 189, in __call__
    with collapse_excgroups():
  File "/Library/Frameworks/Python.framework/Versions/3.11/lib/python3.11/contextlib.py", line 158, in __exit__
    self.gen.throw(typ, value, traceback)
  File "/Users/sumatidhingra/Documents/AaramBooks/Aaram_Inventory/test_env/lib/python3.11/site-packages/starlette/_utils.py", line 93, in collapse_excgroups
    raise exc
  File "/Users/sumatidhingra/Documents/AaramBooks/Aaram_Inventory/test_env/lib/python3.11/site-packages/starlette/middleware/base.py", line 191, in __call__
    response = await self.dispatch_func(request, call_next)
               ^^^^^^^^^^^^^^^^^^^^^^^^^^^^^^^^^^^^^^^^^^^^
  File "/Users/sumatidhingra/Documents/AaramBooks/Aaram_Inventory/src/foundation/api/middleware.py", line 15, in dispatch
    response: Response = await call_next(request)
                         ^^^^^^^^^^^^^^^^^^^^^^^^
  File "/Users/sumatidhingra/Documents/AaramBooks/Aaram_Inventory/test_env/lib/python3.11/site-packages/starlette/middleware/base.py", line 165, in call_next
    raise app_exc
  File "/Users/sumatidhingra/Documents/AaramBooks/Aaram_Inventory/test_env/lib/python3.11/site-packages/starlette/middleware/base.py", line 151, in coro
    await self.app(scope, receive_or_disconnect, send_no_error)
  File "/Users/sumatidhingra/Documents/AaramBooks/Aaram_Inventory/test_env/lib/python3.11/site-packages/starlette/middleware/cors.py", line 93, in __call__
    await self.simple_response(scope, receive, send, request_headers=headers)
  File "/Users/sumatidhingra/Documents/AaramBooks/Aaram_Inventory/test_env/lib/python3.11/site-packages/starlette/middleware/cors.py", line 148, in simple_response
    await self.app(scope, receive, send)
  File "/Users/sumatidhingra/Documents/AaramBooks/Aaram_Inventory/test_env/lib/python3.11/site-packages/starlette/middleware/exceptions.py", line 65, in __call__
    await wrap_app_handling_exceptions(self.app, conn)(scope, receive, send)
  File "/Users/sumatidhingra/Documents/AaramBooks/Aaram_Inventory/test_env/lib/python3.11/site-packages/starlette/_exception_handler.py", line 64, in wrapped_app
    raise exc
  File "/Users/sumatidhingra/Documents/AaramBooks/Aaram_Inventory/test_env/lib/python3.11/site-packages/starlette/_exception_handler.py", line 53, in wrapped_app
    await app(scope, receive, sender)
  File "/Users/sumatidhingra/Documents/AaramBooks/Aaram_Inventory/test_env/lib/python3.11/site-packages/starlette/routing.py", line 756, in __call__
    await self.middleware_stack(scope, receive, send)
  File "/Users/sumatidhingra/Documents/AaramBooks/Aaram_Inventory/test_env/lib/python3.11/site-packages/starlette/routing.py", line 776, in app
    await route.handle(scope, receive, send)
  File "/Users/sumatidhingra/Documents/AaramBooks/Aaram_Inventory/test_env/lib/python3.11/site-packages/starlette/routing.py", line 297, in handle
    await self.app(scope, receive, send)
  File "/Users/sumatidhingra/Documents/AaramBooks/Aaram_Inventory/test_env/lib/python3.11/site-packages/starlette/routing.py", line 77, in app
    await wrap_app_handling_exceptions(app, request)(scope, receive, send)
  File "/Users/sumatidhingra/Documents/AaramBooks/Aaram_Inventory/test_env/lib/python3.11/site-packages/starlette/_exception_handler.py", line 64, in wrapped_app
    raise exc
  File "/Users/sumatidhingra/Documents/AaramBooks/Aaram_Inventory/test_env/lib/python3.11/site-packages/starlette/_exception_handler.py", line 53, in wrapped_app
    await app(scope, receive, sender)
  File "/Users/sumatidhingra/Documents/AaramBooks/Aaram_Inventory/test_env/lib/python3.11/site-packages/starlette/routing.py", line 72, in app
    response = await func(request)
               ^^^^^^^^^^^^^^^^^^^
  File "/Users/sumatidhingra/Documents/AaramBooks/Aaram_Inventory/test_env/lib/python3.11/site-packages/fastapi/routing.py", line 278, in app
    raw_response = await run_endpoint_function(
                   ^^^^^^^^^^^^^^^^^^^^^^^^^^^^
  File "/Users/sumatidhingra/Documents/AaramBooks/Aaram_Inventory/test_env/lib/python3.11/site-packages/fastapi/routing.py", line 191, in run_endpoint_function
    return await dependant.call(**values)
           ^^^^^^^^^^^^^^^^^^^^^^^^^^^^^^
  File "/Users/sumatidhingra/Documents/AaramBooks/Aaram_Inventory/test_env/lib/python3.11/site-packages/dependency_injector/wiring.py", line 994, in _patched
    return await _async_inject(
           ^^^^^^^^^^^^^^^^^^^^
  File "src/dependency_injector/_cwiring.pyx", line 66, in _async_inject
  File "/Users/sumatidhingra/Documents/AaramBooks/Aaram_Inventory/src/domains/masters/api/sku.py", line 22, in list_skus
    response_data = [SKUResponse.model_validate(sku, from_attributes=True) for sku in skus]
                    ^^^^^^^^^^^^^^^^^^^^^^^^^^^^^^^^^^^^^^^^^^^^^^^^^^^^^^^^^^^^^^^^^^^^^^^
  File "/Users/sumatidhingra/Documents/AaramBooks/Aaram_Inventory/src/domains/masters/api/sku.py", line 22, in <listcomp>
    response_data = [SKUResponse.model_validate(sku, from_attributes=True) for sku in skus]
                     ^^^^^^^^^^^^^^^^^^^^^^^^^^^^^^^^^^^^^^^^^^^^^^^^^^^^^
  File "/Users/sumatidhingra/Documents/AaramBooks/Aaram_Inventory/test_env/lib/python3.11/site-packages/pydantic/main.py", line 551, in model_validate
    return cls.__pydantic_validator__.validate_python(
           ^^^^^^^^^^^^^^^^^^^^^^^^^^^^^^^^^^^^^^^^^^^
pydantic_core._pydantic_core.ValidationError: 1 validation error for SKUResponse
color
  String should have at most 50 characters [type=string_too_long, input_value='French Blue (Base), Must...d Ivory White (Accents)', input_type=str]
    For further information visit https://errors.pydantic.dev/2.7/v/string_too_long
INFO:     127.0.0.1:57375 - "GET /api/v1/inventory/balances HTTP/1.1" 200 OK
{"timestamp": "2026-08-06T10:22:45.413406+00:00Z", "level": "ERROR", "logger": "sqlalchemy.pool.impl.NullPool", "message": "The garbage collector is trying to clean up non-checked-in connection <AdaptedConnection <aiosqlite.core.Connection object at 0x11689f410>>, which will be dropped, as it cannot be safely terminated.  Please ensure that SQLAlchemy pooled connections are returned to the pool explicitly, either by calling ``close()`` or by using appropriate context managers to manage their lifecycle.", "module": "base", "function": "_finalize_fairy", "line": 1031, "request_id": "06a74607-55a5-79e1-8000-e0200adbf05e"}
/Users/sumatidhingra/Documents/AaramBooks/Aaram_Inventory/test_env/lib/python3.11/site-packages/pydantic/main.py:551: SAWarning: The garbage collector is trying to clean up non-checked-in connection <AdaptedConnection <aiosqlite.core.Connection object at 0x11689f410>>, which will be dropped, as it cannot be safely terminated.  Please ensure that SQLAlchemy pooled connections are returned to the pool explicitly, either by calling ``close()`` or by using appropriate context managers to manage their lifecycle.
  return cls.__pydantic_validator__.validate_python(
{"timestamp": "2026-08-06T10:22:45.413561+00:00Z", "level": "ERROR", "logger": "sqlalchemy.pool.impl.NullPool", "message": "The garbage collector is trying to clean up non-checked-in connection <AdaptedConnection <aiosqlite.core.Connection object at 0x11605f750>>, which will be dropped, as it cannot be safely terminated.  Please ensure that SQLAlchemy pooled connections are returned to the pool explicitly, either by calling ``close()`` or by using appropriate context managers to manage their lifecycle.", "module": "base", "function": "_finalize_fairy", "line": 1031, "request_id": "06a74607-55a5-79e1-8000-e0200adbf05e"}
/Users/sumatidhingra/Documents/AaramBooks/Aaram_Inventory/test_env/lib/python3.11/site-packages/pydantic/main.py:551: SAWarning: The garbage collector is trying to clean up non-checked-in connection <AdaptedConnection <aiosqlite.core.Connection object at 0x11605f750>>, which will be dropped, as it cannot be safely terminated.  Please ensure that SQLAlchemy pooled connections are returned to the pool explicitly, either by calling ``close()`` or by using appropriate context managers to manage their lifecycle.
  return cls.__pydantic_validator__.validate_python(
{"timestamp": "2026-08-06T10:22:45.413608+00:00Z", "level": "ERROR", "logger": "sqlalchemy.pool.impl.NullPool", "message": "The garbage collector is trying to clean up non-checked-in connection <AdaptedConnection <aiosqlite.core.Connection object at 0x1160f2bd0>>, which will be dropped, as it cannot be safely terminated.  Please ensure that SQLAlchemy pooled connections are returned to the pool explicitly, either by calling ``close()`` or by using appropriate context managers to manage their lifecycle.", "module": "base", "function": "_finalize_fairy", "line": 1031, "request_id": "06a74607-55a5-79e1-8000-e0200adbf05e"}
/Users/sumatidhingra/Documents/AaramBooks/Aaram_Inventory/test_env/lib/python3.11/site-packages/pydantic/main.py:551: SAWarning: The garbage collector is trying to clean up non-checked-in connection <AdaptedConnection <aiosqlite.core.Connection object at 0x1160f2bd0>>, which will be dropped, as it cannot be safely terminated.  Please ensure that SQLAlchemy pooled connections are returned to the pool explicitly, either by calling ``close()`` or by using appropriate context managers to manage their lifecycle.
  return cls.__pydantic_validator__.validate_python(
{"timestamp": "2026-08-06T10:22:45.413643+00:00Z", "level": "ERROR", "logger": "sqlalchemy.pool.impl.NullPool", "message": "The garbage collector is trying to clean up non-checked-in connection <AdaptedConnection <aiosqlite.core.Connection object at 0x1161872d0>>, which will be dropped, as it cannot be safely terminated.  Please ensure that SQLAlchemy pooled connections are returned to the pool explicitly, either by calling ``close()`` or by using appropriate context managers to manage their lifecycle.", "module": "base", "function": "_finalize_fairy", "line": 1031, "request_id": "06a74607-55a5-79e1-8000-e0200adbf05e"}
/Users/sumatidhingra/Documents/AaramBooks/Aaram_Inventory/test_env/lib/python3.11/site-packages/pydantic/main.py:551: SAWarning: The garbage collector is trying to clean up non-checked-in connection <AdaptedConnection <aiosqlite.core.Connection object at 0x1161872d0>>, which will be dropped, as it cannot be safely terminated.  Please ensure that SQLAlchemy pooled connections are returned to the pool explicitly, either by calling ``close()`` or by using appropriate context managers to manage their lifecycle.
  return cls.__pydantic_validator__.validate_python(
{"timestamp": "2026-08-06T10:22:45.413671+00:00Z", "level": "ERROR", "logger": "sqlalchemy.pool.impl.NullPool", "message": "The garbage collector is trying to clean up non-checked-in connection <AdaptedConnection <aiosqlite.core.Connection object at 0x116fb7210>>, which will be dropped, as it cannot be safely terminated.  Please ensure that SQLAlchemy pooled connections are returned to the pool explicitly, either by calling ``close()`` or by using appropriate context managers to manage their lifecycle.", "module": "base", "function": "_finalize_fairy", "line": 1031, "request_id": "06a74607-55a5-79e1-8000-e0200adbf05e"}
/Users/sumatidhingra/Documents/AaramBooks/Aaram_Inventory/test_env/lib/python3.11/site-packages/pydantic/main.py:551: SAWarning: The garbage collector is trying to clean up non-checked-in connection <AdaptedConnection <aiosqlite.core.Connection object at 0x116fb7210>>, which will be dropped, as it cannot be safely terminated.  Please ensure that SQLAlchemy pooled connections are returned to the pool explicitly, either by calling ``close()`` or by using appropriate context managers to manage their lifecycle.
  return cls.__pydantic_validator__.validate_python(
{"timestamp": "2026-08-06T10:22:45.413700+00:00Z", "level": "ERROR", "logger": "sqlalchemy.pool.impl.NullPool", "message": "The garbage collector is trying to clean up non-checked-in connection <AdaptedConnection <aiosqlite.core.Connection object at 0x116ff4e50>>, which will be dropped, as it cannot be safely terminated.  Please ensure that SQLAlchemy pooled connections are returned to the pool explicitly, either by calling ``close()`` or by using appropriate context managers to manage their lifecycle.", "module": "base", "function": "_finalize_fairy", "line": 1031, "request_id": "06a74607-55a5-79e1-8000-e0200adbf05e"}
/Users/sumatidhingra/Documents/AaramBooks/Aaram_Inventory/test_env/lib/python3.11/site-packages/pydantic/main.py:551: SAWarning: The garbage collector is trying to clean up non-checked-in connection <AdaptedConnection <aiosqlite.core.Connection object at 0x116ff4e50>>, which will be dropped, as it cannot be safely terminated.  Please ensure that SQLAlchemy pooled connections are returned to the pool explicitly, either by calling ``close()`` or by using appropriate context managers to manage their lifecycle.
  return cls.__pydantic_validator__.validate_python(
{"timestamp": "2026-08-06T10:22:45.413728+00:00Z", "level": "ERROR", "logger": "sqlalchemy.pool.impl.NullPool", "message": "The garbage collector is trying to clean up non-checked-in connection <AdaptedConnection <aiosqlite.core.Connection object at 0x1311d8dd0>>, which will be dropped, as it cannot be safely terminated.  Please ensure that SQLAlchemy pooled connections are returned to the pool explicitly, either by calling ``close()`` or by using appropriate context managers to manage their lifecycle.", "module": "base", "function": "_finalize_fairy", "line": 1031, "request_id": "06a74607-55a5-79e1-8000-e0200adbf05e"}
/Users/sumatidhingra/Documents/AaramBooks/Aaram_Inventory/test_env/lib/python3.11/site-packages/pydantic/main.py:551: SAWarning: The garbage collector is trying to clean up non-checked-in connection <AdaptedConnection <aiosqlite.core.Connection object at 0x1311d8dd0>>, which will be dropped, as it cannot be safely terminated.  Please ensure that SQLAlchemy pooled connections are returned to the pool explicitly, either by calling ``close()`` or by using appropriate context managers to manage their lifecycle.
  return cls.__pydantic_validator__.validate_python(
{"timestamp": "2026-08-06T10:22:45.413754+00:00Z", "level": "ERROR", "logger": "sqlalchemy.pool.impl.NullPool", "message": "The garbage collector is trying to clean up non-checked-in connection <AdaptedConnection <aiosqlite.core.Connection object at 0x1312a9c50>>, which will be dropped, as it cannot be safely terminated.  Please ensure that SQLAlchemy pooled connections are returned to the pool explicitly, either by calling ``close()`` or by using appropriate context managers to manage their lifecycle.", "module": "base", "function": "_finalize_fairy", "line": 1031, "request_id": "06a74607-55a5-79e1-8000-e0200adbf05e"}
/Users/sumatidhingra/Documents/AaramBooks/Aaram_Inventory/test_env/lib/python3.11/site-packages/pydantic/main.py:551: SAWarning: The garbage collector is trying to clean up non-checked-in connection <AdaptedConnection <aiosqlite.core.Connection object at 0x1312a9c50>>, which will be dropped, as it cannot be safely terminated.  Please ensure that SQLAlchemy pooled connections are returned to the pool explicitly, either by calling ``close()`` or by using appropriate context managers to manage their lifecycle.
  return cls.__pydantic_validator__.validate_python(
{"timestamp": "2026-08-06T10:22:45.413779+00:00Z", "level": "ERROR", "logger": "sqlalchemy.pool.impl.NullPool", "message": "The garbage collector is trying to clean up non-checked-in connection <AdaptedConnection <aiosqlite.core.Connection object at 0x13148fbd0>>, which will be dropped, as it cannot be safely terminated.  Please ensure that SQLAlchemy pooled connections are returned to the pool explicitly, either by calling ``close()`` or by using appropriate context managers to manage their lifecycle.", "module": "base", "function": "_finalize_fairy", "line": 1031, "request_id": "06a74607-55a5-79e1-8000-e0200adbf05e"}
/Users/sumatidhingra/Documents/AaramBooks/Aaram_Inventory/test_env/lib/python3.11/site-packages/pydantic/main.py:551: SAWarning: The garbage collector is trying to clean up non-checked-in connection <AdaptedConnection <aiosqlite.core.Connection object at 0x13148fbd0>>, which will be dropped, as it cannot be safely terminated.  Please ensure that SQLAlchemy pooled connections are returned to the pool explicitly, either by calling ``close()`` or by using appropriate context managers to manage their lifecycle.
  return cls.__pydantic_validator__.validate_python(
{"timestamp": "2026-08-06T10:22:45.420467+00:00Z", "level": "ERROR", "logger": "foundation.exceptions", "message": "Unhandled Exception: 1 validation error for SKUResponse\ncolor\n  String should have at most 50 characters [type=string_too_long, input_value='French Blue (Base), Must...d Ivory White (Accents)', input_type=str]\n    For further information visit https://errors.pydantic.dev/2.7/v/string_too_long", "module": "handlers", "function": "unhandled_exception_handler", "line": 47, "request_id": "06a74607-55a5-79e1-8000-e0200adbf05e", "exception": "  + Exception Group Traceback (most recent call last):\n  |   File \"/Users/sumatidhingra/Documents/AaramBooks/Aaram_Inventory/test_env/lib/python3.11/site-packages/starlette/_utils.py\", line 87, in collapse_excgroups\n  |     yield\n  |   File \"/Users/sumatidhingra/Documents/AaramBooks/Aaram_Inventory/test_env/lib/python3.11/site-packages/starlette/middleware/base.py\", line 190, in __call__\n  |     async with anyio.create_task_group() as task_group:\n  |   File \"/Users/sumatidhingra/Documents/AaramBooks/Aaram_Inventory/test_env/lib/python3.11/site-packages/anyio/_backends/_asyncio.py\", line 815, in __aexit__\n  |     raise BaseExceptionGroup(\n  | ExceptionGroup: unhandled errors in a TaskGroup (1 sub-exception)\n  +-+---------------- 1 ----------------\n    | Traceback (most recent call last):\n    |   File \"/Users/sumatidhingra/Documents/AaramBooks/Aaram_Inventory/test_env/lib/python3.11/site-packages/starlette/middleware/errors.py\", line 164, in __call__\n    |     await self.app(scope, receive, _send)\n    |   File \"/Users/sumatidhingra/Documents/AaramBooks/Aaram_Inventory/test_env/lib/python3.11/site-packages/starlette/middleware/base.py\", line 189, in __call__\n    |     with collapse_excgroups():\n    |   File \"/Library/Frameworks/Python.framework/Versions/3.11/lib/python3.11/contextlib.py\", line 158, in __exit__\n    |     self.gen.throw(typ, value, traceback)\n    |   File \"/Users/sumatidhingra/Documents/AaramBooks/Aaram_Inventory/test_env/lib/python3.11/site-packages/starlette/_utils.py\", line 93, in collapse_excgroups\n    |     raise exc\n    |   File \"/Users/sumatidhingra/Documents/AaramBooks/Aaram_Inventory/test_env/lib/python3.11/site-packages/starlette/middleware/base.py\", line 191, in __call__\n    |     response = await self.dispatch_func(request, call_next)\n    |                ^^^^^^^^^^^^^^^^^^^^^^^^^^^^^^^^^^^^^^^^^^^^\n    |   File \"/Users/sumatidhingra/Documents/AaramBooks/Aaram_Inventory/src/foundation/api/middleware.py\", line 15, in dispatch\n    |     response: Response = await call_next(request)\n    |                          ^^^^^^^^^^^^^^^^^^^^^^^^\n    |   File \"/Users/sumatidhingra/Documents/AaramBooks/Aaram_Inventory/test_env/lib/python3.11/site-packages/starlette/middleware/base.py\", line 165, in call_next\n    |     raise app_exc\n    |   File \"/Users/sumatidhingra/Documents/AaramBooks/Aaram_Inventory/test_env/lib/python3.11/site-packages/starlette/middleware/base.py\", line 151, in coro\n    |     await self.app(scope, receive_or_disconnect, send_no_error)\n    |   File \"/Users/sumatidhingra/Documents/AaramBooks/Aaram_Inventory/test_env/lib/python3.11/site-packages/starlette/middleware/cors.py\", line 93, in __call__\n    |     await self.simple_response(scope, receive, send, request_headers=headers)\n    |   File \"/Users/sumatidhingra/Documents/AaramBooks/Aaram_Inventory/test_env/lib/python3.11/site-packages/starlette/middleware/cors.py\", line 148, in simple_response\n    |     await self.app(scope, receive, send)\n    |   File \"/Users/sumatidhingra/Documents/AaramBooks/Aaram_Inventory/test_env/lib/python3.11/site-packages/starlette/middleware/exceptions.py\", line 65, in __call__\n    |     await wrap_app_handling_exceptions(self.app, conn)(scope, receive, send)\n    |   File \"/Users/sumatidhingra/Documents/AaramBooks/Aaram_Inventory/test_env/lib/python3.11/site-packages/starlette/_exception_handler.py\", line 64, in wrapped_app\n    |     raise exc\n    |   File \"/Users/sumatidhingra/Documents/AaramBooks/Aaram_Inventory/test_env/lib/python3.11/site-packages/starlette/_exception_handler.py\", line 53, in wrapped_app\n    |     await app(scope, receive, sender)\n    |   File \"/Users/sumatidhingra/Documents/AaramBooks/Aaram_Inventory/test_env/lib/python3.11/site-packages/starlette/routing.py\", line 756, in __call__\n    |     await self.middleware_stack(scope, receive, send)\n    |   File \"/Users/sumatidhingra/Documents/AaramBooks/Aaram_Inventory/test_env/lib/python3.11/site-packages/starlette/routing.py\", line 776, in app\n    |     await route.handle(scope, receive, send)\n    |   File \"/Users/sumatidhingra/Documents/AaramBooks/Aaram_Inventory/test_env/lib/python3.11/site-packages/starlette/routing.py\", line 297, in handle\n    |     await self.app(scope, receive, send)\n    |   File \"/Users/sumatidhingra/Documents/AaramBooks/Aaram_Inventory/test_env/lib/python3.11/site-packages/starlette/routing.py\", line 77, in app\n    |     await wrap_app_handling_exceptions(app, request)(scope, receive, send)\n    |   File \"/Users/sumatidhingra/Documents/AaramBooks/Aaram_Inventory/test_env/lib/python3.11/site-packages/starlette/_exception_handler.py\", line 64, in wrapped_app\n    |     raise exc\n    |   File \"/Users/sumatidhingra/Documents/AaramBooks/Aaram_Inventory/test_env/lib/python3.11/site-packages/starlette/_exception_handler.py\", line 53, in wrapped_app\n    |     await app(scope, receive, sender)\n    |   File \"/Users/sumatidhingra/Documents/AaramBooks/Aaram_Inventory/test_env/lib/python3.11/site-packages/starlette/routing.py\", line 72, in app\n    |     response = await func(request)\n    |                ^^^^^^^^^^^^^^^^^^^\n    |   File \"/Users/sumatidhingra/Documents/AaramBooks/Aaram_Inventory/test_env/lib/python3.11/site-packages/fastapi/routing.py\", line 278, in app\n    |     raw_response = await run_endpoint_function(\n    |                    ^^^^^^^^^^^^^^^^^^^^^^^^^^^^\n    |   File \"/Users/sumatidhingra/Documents/AaramBooks/Aaram_Inventory/test_env/lib/python3.11/site-packages/fastapi/routing.py\", line 191, in run_endpoint_function\n    |     return await dependant.call(**values)\n    |            ^^^^^^^^^^^^^^^^^^^^^^^^^^^^^^\n    |   File \"/Users/sumatidhingra/Documents/AaramBooks/Aaram_Inventory/test_env/lib/python3.11/site-packages/dependency_injector/wiring.py\", line 994, in _patched\n    |     return await _async_inject(\n    |            ^^^^^^^^^^^^^^^^^^^^\n    |   File \"src/dependency_injector/_cwiring.pyx\", line 66, in _async_inject\n    |   File \"/Users/sumatidhingra/Documents/AaramBooks/Aaram_Inventory/src/domains/masters/api/sku.py\", line 22, in list_skus\n    |     response_data = [SKUResponse.model_validate(sku, from_attributes=True) for sku in skus]\n    |                     ^^^^^^^^^^^^^^^^^^^^^^^^^^^^^^^^^^^^^^^^^^^^^^^^^^^^^^^^^^^^^^^^^^^^^^^\n    |   File \"/Users/sumatidhingra/Documents/AaramBooks/Aaram_Inventory/src/domains/masters/api/sku.py\", line 22, in <listcomp>\n    |     response_data = [SKUResponse.model_validate(sku, from_attributes=True) for sku in skus]\n    |                      ^^^^^^^^^^^^^^^^^^^^^^^^^^^^^^^^^^^^^^^^^^^^^^^^^^^^^\n    |   File \"/Users/sumatidhingra/Documents/AaramBooks/Aaram_Inventory/test_env/lib/python3.11/site-packages/pydantic/main.py\", line 551, in model_validate\n    |     return cls.__pydantic_validator__.validate_python(\n    |            ^^^^^^^^^^^^^^^^^^^^^^^^^^^^^^^^^^^^^^^^^^^\n    | pydantic_core._pydantic_core.ValidationError: 1 validation error for SKUResponse\n    | color\n    |   String should have at most 50 characters [type=string_too_long, input_value='French Blue (Base), Must...d Ivory White (Accents)', input_type=str]\n    |     For further information visit https://errors.pydantic.dev/2.7/v/string_too_long\n    +------------------------------------\n\nDuring handling of the above exception, another exception occurred:\n\nTraceback (most recent call last):\n  File \"/Users/sumatidhingra/Documents/AaramBooks/Aaram_Inventory/test_env/lib/python3.11/site-packages/starlette/middleware/errors.py\", line 164, in __call__\n    await self.app(scope, receive, _send)\n  File \"/Users/sumatidhingra/Documents/AaramBooks/Aaram_Inventory/test_env/lib/python3.11/site-packages/starlette/middleware/base.py\", line 189, in __call__\n    with collapse_excgroups():\n  File \"/Library/Frameworks/Python.framework/Versions/3.11/lib/python3.11/contextlib.py\", line 158, in __exit__\n    self.gen.throw(typ, value, traceback)\n  File \"/Users/sumatidhingra/Documents/AaramBooks/Aaram_Inventory/test_env/lib/python3.11/site-packages/starlette/_utils.py\", line 93, in collapse_excgroups\n    raise exc\n  File \"/Users/sumatidhingra/Documents/AaramBooks/Aaram_Inventory/test_env/lib/python3.11/site-packages/starlette/middleware/base.py\", line 191, in __call__\n    response = await self.dispatch_func(request, call_next)\n               ^^^^^^^^^^^^^^^^^^^^^^^^^^^^^^^^^^^^^^^^^^^^\n  File \"/Users/sumatidhingra/Documents/AaramBooks/Aaram_Inventory/src/foundation/api/middleware.py\", line 15, in dispatch\n    response: Response = await call_next(request)\n                         ^^^^^^^^^^^^^^^^^^^^^^^^\n  File \"/Users/sumatidhingra/Documents/AaramBooks/Aaram_Inventory/test_env/lib/python3.11/site-packages/starlette/middleware/base.py\", line 165, in call_next\n    raise app_exc\n  File \"/Users/sumatidhingra/Documents/AaramBooks/Aaram_Inventory/test_env/lib/python3.11/site-packages/starlette/middleware/base.py\", line 151, in coro\n    await self.app(scope, receive_or_disconnect, send_no_error)\n  File \"/Users/sumatidhingra/Documents/AaramBooks/Aaram_Inventory/test_env/lib/python3.11/site-packages/starlette/middleware/cors.py\", line 93, in __call__\n    await self.simple_response(scope, receive, send, request_headers=headers)\n  File \"/Users/sumatidhingra/Documents/AaramBooks/Aaram_Inventory/test_env/lib/python3.11/site-packages/starlette/middleware/cors.py\", line 148, in simple_response\n    await self.app(scope, receive, send)\n  File \"/Users/sumatidhingra/Documents/AaramBooks/Aaram_Inventory/test_env/lib/python3.11/site-packages/starlette/middleware/exceptions.py\", line 65, in __call__\n    await wrap_app_handling_exceptions(self.app, conn)(scope, receive, send)\n  File \"/Users/sumatidhingra/Documents/AaramBooks/Aaram_Inventory/test_env/lib/python3.11/site-packages/starlette/_exception_handler.py\", line 64, in wrapped_app\n    raise exc\n  File \"/Users/sumatidhingra/Documents/AaramBooks/Aaram_Inventory/test_env/lib/python3.11/site-packages/starlette/_exception_handler.py\", line 53, in wrapped_app\n    await app(scope, receive, sender)\n  File \"/Users/sumatidhingra/Documents/AaramBooks/Aaram_Inventory/test_env/lib/python3.11/site-packages/starlette/routing.py\", line 756, in __call__\n    await self.middleware_stack(scope, receive, send)\n  File \"/Users/sumatidhingra/Documents/AaramBooks/Aaram_Inventory/test_env/lib/python3.11/site-packages/starlette/routing.py\", line 776, in app\n    await route.handle(scope, receive, send)\n  File \"/Users/sumatidhingra/Documents/AaramBooks/Aaram_Inventory/test_env/lib/python3.11/site-packages/starlette/routing.py\", line 297, in handle\n    await self.app(scope, receive, send)\n  File \"/Users/sumatidhingra/Documents/AaramBooks/Aaram_Inventory/test_env/lib/python3.11/site-packages/starlette/routing.py\", line 77, in app\n    await wrap_app_handling_exceptions(app, request)(scope, receive, send)\n  File \"/Users/sumatidhingra/Documents/AaramBooks/Aaram_Inventory/test_env/lib/python3.11/site-packages/starlette/_exception_handler.py\", line 64, in wrapped_app\n    raise exc\n  File \"/Users/sumatidhingra/Documents/AaramBooks/Aaram_Inventory/test_env/lib/python3.11/site-packages/starlette/_exception_handler.py\", line 53, in wrapped_app\n    await app(scope, receive, sender)\n  File \"/Users/sumatidhingra/Documents/AaramBooks/Aaram_Inventory/test_env/lib/python3.11/site-packages/starlette/routing.py\", line 72, in app\n    response = await func(request)\n               ^^^^^^^^^^^^^^^^^^^\n  File \"/Users/sumatidhingra/Documents/AaramBooks/Aaram_Inventory/test_env/lib/python3.11/site-packages/fastapi/routing.py\", line 278, in app\n    raw_response = await run_endpoint_function(\n                   ^^^^^^^^^^^^^^^^^^^^^^^^^^^^\n  File \"/Users/sumatidhingra/Documents/AaramBooks/Aaram_Inventory/test_env/lib/python3.11/site-packages/fastapi/routing.py\", line 191, in run_endpoint_function\n    return await dependant.call(**values)\n           ^^^^^^^^^^^^^^^^^^^^^^^^^^^^^^\n  File \"/Users/sumatidhingra/Documents/AaramBooks/Aaram_Inventory/test_env/lib/python3.11/site-packages/dependency_injector/wiring.py\", line 994, in _patched\n    return await _async_inject(\n           ^^^^^^^^^^^^^^^^^^^^\n  File \"src/dependency_injector/_cwiring.pyx\", line 66, in _async_inject\n  File \"/Users/sumatidhingra/Documents/AaramBooks/Aaram_Inventory/src/domains/masters/api/sku.py\", line 22, in list_skus\n    response_data = [SKUResponse.model_validate(sku, from_attributes=True) for sku in skus]\n                    ^^^^^^^^^^^^^^^^^^^^^^^^^^^^^^^^^^^^^^^^^^^^^^^^^^^^^^^^^^^^^^^^^^^^^^^\n  File \"/Users/sumatidhingra/Documents/AaramBooks/Aaram_Inventory/src/domains/masters/api/sku.py\", line 22, in <listcomp>\n    response_data = [SKUResponse.model_validate(sku, from_attributes=True) for sku in skus]\n                     ^^^^^^^^^^^^^^^^^^^^^^^^^^^^^^^^^^^^^^^^^^^^^^^^^^^^^\n  File \"/Users/sumatidhingra/Documents/AaramBooks/Aaram_Inventory/test_env/lib/python3.11/site-packages/pydantic/main.py\", line 551, in model_validate\n    return cls.__pydantic_validator__.validate_python(\n           ^^^^^^^^^^^^^^^^^^^^^^^^^^^^^^^^^^^^^^^^^^^\npydantic_core._pydantic_core.ValidationError: 1 validation error for SKUResponse\ncolor\n  String should have at most 50 characters [type=string_too_long, input_value='French Blue (Base), Must...d Ivory White (Accents)', input_type=str]\n    For further information visit https://errors.pydantic.dev/2.7/v/string_too_long"}
INFO:     127.0.0.1:57377 - "GET /api/v1/masters/skus HTTP/1.1" 500 Internal Server Error
ERROR:    Exception in ASGI application
  + Exception Group Traceback (most recent call last):
  |   File "/Users/sumatidhingra/Documents/AaramBooks/Aaram_Inventory/test_env/lib/python3.11/site-packages/starlette/_utils.py", line 87, in collapse_excgroups
  |     yield
  |   File "/Users/sumatidhingra/Documents/AaramBooks/Aaram_Inventory/test_env/lib/python3.11/site-packages/starlette/middleware/base.py", line 190, in __call__
  |     async with anyio.create_task_group() as task_group:
  |   File "/Users/sumatidhingra/Documents/AaramBooks/Aaram_Inventory/test_env/lib/python3.11/site-packages/anyio/_backends/_asyncio.py", line 815, in __aexit__
  |     raise BaseExceptionGroup(
  | ExceptionGroup: unhandled errors in a TaskGroup (1 sub-exception)
  +-+---------------- 1 ----------------
    | Traceback (most recent call last):
    |   File "/Users/sumatidhingra/Documents/AaramBooks/Aaram_Inventory/test_env/lib/python3.11/site-packages/uvicorn/protocols/http/httptools_impl.py", line 399, in run_asgi
    |     result = await app(  # type: ignore[func-returns-value]
    |              ^^^^^^^^^^^^^^^^^^^^^^^^^^^^^^^^^^^^^^^^^^^^^^
    |   File "/Users/sumatidhingra/Documents/AaramBooks/Aaram_Inventory/test_env/lib/python3.11/site-packages/uvicorn/middleware/proxy_headers.py", line 70, in __call__
    |     return await self.app(scope, receive, send)
    |            ^^^^^^^^^^^^^^^^^^^^^^^^^^^^^^^^^^^^
    |   File "/Users/sumatidhingra/Documents/AaramBooks/Aaram_Inventory/test_env/lib/python3.11/site-packages/fastapi/applications.py", line 1054, in __call__
    |     await super().__call__(scope, receive, send)
    |   File "/Users/sumatidhingra/Documents/AaramBooks/Aaram_Inventory/test_env/lib/python3.11/site-packages/starlette/applications.py", line 123, in __call__
    |     await self.middleware_stack(scope, receive, send)
    |   File "/Users/sumatidhingra/Documents/AaramBooks/Aaram_Inventory/test_env/lib/python3.11/site-packages/starlette/middleware/errors.py", line 186, in __call__
    |     raise exc
    |   File "/Users/sumatidhingra/Documents/AaramBooks/Aaram_Inventory/test_env/lib/python3.11/site-packages/starlette/middleware/errors.py", line 164, in __call__
    |     await self.app(scope, receive, _send)
    |   File "/Users/sumatidhingra/Documents/AaramBooks/Aaram_Inventory/test_env/lib/python3.11/site-packages/starlette/middleware/base.py", line 189, in __call__
    |     with collapse_excgroups():
    |   File "/Library/Frameworks/Python.framework/Versions/3.11/lib/python3.11/contextlib.py", line 158, in __exit__
    |     self.gen.throw(typ, value, traceback)
    |   File "/Users/sumatidhingra/Documents/AaramBooks/Aaram_Inventory/test_env/lib/python3.11/site-packages/starlette/_utils.py", line 93, in collapse_excgroups
    |     raise exc
    |   File "/Users/sumatidhingra/Documents/AaramBooks/Aaram_Inventory/test_env/lib/python3.11/site-packages/starlette/middleware/base.py", line 191, in __call__
    |     response = await self.dispatch_func(request, call_next)
    |                ^^^^^^^^^^^^^^^^^^^^^^^^^^^^^^^^^^^^^^^^^^^^
    |   File "/Users/sumatidhingra/Documents/AaramBooks/Aaram_Inventory/src/foundation/api/middleware.py", line 15, in dispatch
    |     response: Response = await call_next(request)
    |                          ^^^^^^^^^^^^^^^^^^^^^^^^
    |   File "/Users/sumatidhingra/Documents/AaramBooks/Aaram_Inventory/test_env/lib/python3.11/site-packages/starlette/middleware/base.py", line 165, in call_next
    |     raise app_exc
    |   File "/Users/sumatidhingra/Documents/AaramBooks/Aaram_Inventory/test_env/lib/python3.11/site-packages/starlette/middleware/base.py", line 151, in coro
    |     await self.app(scope, receive_or_disconnect, send_no_error)
    |   File "/Users/sumatidhingra/Documents/AaramBooks/Aaram_Inventory/test_env/lib/python3.11/site-packages/starlette/middleware/cors.py", line 93, in __call__
    |     await self.simple_response(scope, receive, send, request_headers=headers)
    |   File "/Users/sumatidhingra/Documents/AaramBooks/Aaram_Inventory/test_env/lib/python3.11/site-packages/starlette/middleware/cors.py", line 148, in simple_response
    |     await self.app(scope, receive, send)
    |   File "/Users/sumatidhingra/Documents/AaramBooks/Aaram_Inventory/test_env/lib/python3.11/site-packages/starlette/middleware/exceptions.py", line 65, in __call__
    |     await wrap_app_handling_exceptions(self.app, conn)(scope, receive, send)
    |   File "/Users/sumatidhingra/Documents/AaramBooks/Aaram_Inventory/test_env/lib/python3.11/site-packages/starlette/_exception_handler.py", line 64, in wrapped_app
    |     raise exc
    |   File "/Users/sumatidhingra/Documents/AaramBooks/Aaram_Inventory/test_env/lib/python3.11/site-packages/starlette/_exception_handler.py", line 53, in wrapped_app
    |     await app(scope, receive, sender)
    |   File "/Users/sumatidhingra/Documents/AaramBooks/Aaram_Inventory/test_env/lib/python3.11/site-packages/starlette/routing.py", line 756, in __call__
    |     await self.middleware_stack(scope, receive, send)
    |   File "/Users/sumatidhingra/Documents/AaramBooks/Aaram_Inventory/test_env/lib/python3.11/site-packages/starlette/routing.py", line 776, in app
    |     await route.handle(scope, receive, send)
    |   File "/Users/sumatidhingra/Documents/AaramBooks/Aaram_Inventory/test_env/lib/python3.11/site-packages/starlette/routing.py", line 297, in handle
    |     await self.app(scope, receive, send)
    |   File "/Users/sumatidhingra/Documents/AaramBooks/Aaram_Inventory/test_env/lib/python3.11/site-packages/starlette/routing.py", line 77, in app
    |     await wrap_app_handling_exceptions(app, request)(scope, receive, send)
    |   File "/Users/sumatidhingra/Documents/AaramBooks/Aaram_Inventory/test_env/lib/python3.11/site-packages/starlette/_exception_handler.py", line 64, in wrapped_app
    |     raise exc
    |   File "/Users/sumatidhingra/Documents/AaramBooks/Aaram_Inventory/test_env/lib/python3.11/site-packages/starlette/_exception_handler.py", line 53, in wrapped_app
    |     await app(scope, receive, sender)
    |   File "/Users/sumatidhingra/Documents/AaramBooks/Aaram_Inventory/test_env/lib/python3.11/site-packages/starlette/routing.py", line 72, in app
    |     response = await func(request)
    |                ^^^^^^^^^^^^^^^^^^^
    |   File "/Users/sumatidhingra/Documents/AaramBooks/Aaram_Inventory/test_env/lib/python3.11/site-packages/fastapi/routing.py", line 278, in app
    |     raw_response = await run_endpoint_function(
    |                    ^^^^^^^^^^^^^^^^^^^^^^^^^^^^
    |   File "/Users/sumatidhingra/Documents/AaramBooks/Aaram_Inventory/test_env/lib/python3.11/site-packages/fastapi/routing.py", line 191, in run_endpoint_function
    |     return await dependant.call(**values)
    |            ^^^^^^^^^^^^^^^^^^^^^^^^^^^^^^
    |   File "/Users/sumatidhingra/Documents/AaramBooks/Aaram_Inventory/test_env/lib/python3.11/site-packages/dependency_injector/wiring.py", line 994, in _patched
    |     return await _async_inject(
    |            ^^^^^^^^^^^^^^^^^^^^
    |   File "src/dependency_injector/_cwiring.pyx", line 66, in _async_inject
    |   File "/Users/sumatidhingra/Documents/AaramBooks/Aaram_Inventory/src/domains/masters/api/sku.py", line 22, in list_skus
    |     response_data = [SKUResponse.model_validate(sku, from_attributes=True) for sku in skus]
    |                     ^^^^^^^^^^^^^^^^^^^^^^^^^^^^^^^^^^^^^^^^^^^^^^^^^^^^^^^^^^^^^^^^^^^^^^^
    |   File "/Users/sumatidhingra/Documents/AaramBooks/Aaram_Inventory/src/domains/masters/api/sku.py", line 22, in <listcomp>
    |     response_data = [SKUResponse.model_validate(sku, from_attributes=True) for sku in skus]
    |                      ^^^^^^^^^^^^^^^^^^^^^^^^^^^^^^^^^^^^^^^^^^^^^^^^^^^^^
    |   File "/Users/sumatidhingra/Documents/AaramBooks/Aaram_Inventory/test_env/lib/python3.11/site-packages/pydantic/main.py", line 551, in model_validate
    |     return cls.__pydantic_validator__.validate_python(
    |            ^^^^^^^^^^^^^^^^^^^^^^^^^^^^^^^^^^^^^^^^^^^
    | pydantic_core._pydantic_core.ValidationError: 1 validation error for SKUResponse
    | color
    |   String should have at most 50 characters [type=string_too_long, input_value='French Blue (Base), Must...d Ivory White (Accents)', input_type=str]
    |     For further information visit https://errors.pydantic.dev/2.7/v/string_too_long
    +------------------------------------

During handling of the above exception, another exception occurred:

Traceback (most recent call last):
  File "/Users/sumatidhingra/Documents/AaramBooks/Aaram_Inventory/test_env/lib/python3.11/site-packages/uvicorn/protocols/http/httptools_impl.py", line 399, in run_asgi
    result = await app(  # type: ignore[func-returns-value]
             ^^^^^^^^^^^^^^^^^^^^^^^^^^^^^^^^^^^^^^^^^^^^^^
  File "/Users/sumatidhingra/Documents/AaramBooks/Aaram_Inventory/test_env/lib/python3.11/site-packages/uvicorn/middleware/proxy_headers.py", line 70, in __call__
    return await self.app(scope, receive, send)
           ^^^^^^^^^^^^^^^^^^^^^^^^^^^^^^^^^^^^
  File "/Users/sumatidhingra/Documents/AaramBooks/Aaram_Inventory/test_env/lib/python3.11/site-packages/fastapi/applications.py", line 1054, in __call__
    await super().__call__(scope, receive, send)
  File "/Users/sumatidhingra/Documents/AaramBooks/Aaram_Inventory/test_env/lib/python3.11/site-packages/starlette/applications.py", line 123, in __call__
    await self.middleware_stack(scope, receive, send)
  File "/Users/sumatidhingra/Documents/AaramBooks/Aaram_Inventory/test_env/lib/python3.11/site-packages/starlette/middleware/errors.py", line 186, in __call__
    raise exc
  File "/Users/sumatidhingra/Documents/AaramBooks/Aaram_Inventory/test_env/lib/python3.11/site-packages/starlette/middleware/errors.py", line 164, in __call__
    await self.app(scope, receive, _send)
  File "/Users/sumatidhingra/Documents/AaramBooks/Aaram_Inventory/test_env/lib/python3.11/site-packages/starlette/middleware/base.py", line 189, in __call__
    with collapse_excgroups():
  File "/Library/Frameworks/Python.framework/Versions/3.11/lib/python3.11/contextlib.py", line 158, in __exit__
    self.gen.throw(typ, value, traceback)
  File "/Users/sumatidhingra/Documents/AaramBooks/Aaram_Inventory/test_env/lib/python3.11/site-packages/starlette/_utils.py", line 93, in collapse_excgroups
    raise exc
  File "/Users/sumatidhingra/Documents/AaramBooks/Aaram_Inventory/test_env/lib/python3.11/site-packages/starlette/middleware/base.py", line 191, in __call__
    response = await self.dispatch_func(request, call_next)
               ^^^^^^^^^^^^^^^^^^^^^^^^^^^^^^^^^^^^^^^^^^^^
  File "/Users/sumatidhingra/Documents/AaramBooks/Aaram_Inventory/src/foundation/api/middleware.py", line 15, in dispatch
    response: Response = await call_next(request)
                         ^^^^^^^^^^^^^^^^^^^^^^^^
  File "/Users/sumatidhingra/Documents/AaramBooks/Aaram_Inventory/test_env/lib/python3.11/site-packages/starlette/middleware/base.py", line 165, in call_next
    raise app_exc
  File "/Users/sumatidhingra/Documents/AaramBooks/Aaram_Inventory/test_env/lib/python3.11/site-packages/starlette/middleware/base.py", line 151, in coro
    await self.app(scope, receive_or_disconnect, send_no_error)
  File "/Users/sumatidhingra/Documents/AaramBooks/Aaram_Inventory/test_env/lib/python3.11/site-packages/starlette/middleware/cors.py", line 93, in __call__
    await self.simple_response(scope, receive, send, request_headers=headers)
  File "/Users/sumatidhingra/Documents/AaramBooks/Aaram_Inventory/test_env/lib/python3.11/site-packages/starlette/middleware/cors.py", line 148, in simple_response
    await self.app(scope, receive, send)
  File "/Users/sumatidhingra/Documents/AaramBooks/Aaram_Inventory/test_env/lib/python3.11/site-packages/starlette/middleware/exceptions.py", line 65, in __call__
    await wrap_app_handling_exceptions(self.app, conn)(scope, receive, send)
  File "/Users/sumatidhingra/Documents/AaramBooks/Aaram_Inventory/test_env/lib/python3.11/site-packages/starlette/_exception_handler.py", line 64, in wrapped_app
    raise exc
  File "/Users/sumatidhingra/Documents/AaramBooks/Aaram_Inventory/test_env/lib/python3.11/site-packages/starlette/_exception_handler.py", line 53, in wrapped_app
    await app(scope, receive, sender)
  File "/Users/sumatidhingra/Documents/AaramBooks/Aaram_Inventory/test_env/lib/python3.11/site-packages/starlette/routing.py", line 756, in __call__
    await self.middleware_stack(scope, receive, send)
  File "/Users/sumatidhingra/Documents/AaramBooks/Aaram_Inventory/test_env/lib/python3.11/site-packages/starlette/routing.py", line 776, in app
    await route.handle(scope, receive, send)
  File "/Users/sumatidhingra/Documents/AaramBooks/Aaram_Inventory/test_env/lib/python3.11/site-packages/starlette/routing.py", line 297, in handle
    await self.app(scope, receive, send)
  File "/Users/sumatidhingra/Documents/AaramBooks/Aaram_Inventory/test_env/lib/python3.11/site-packages/starlette/routing.py", line 77, in app
    await wrap_app_handling_exceptions(app, request)(scope, receive, send)
  File "/Users/sumatidhingra/Documents/AaramBooks/Aaram_Inventory/test_env/lib/python3.11/site-packages/starlette/_exception_handler.py", line 64, in wrapped_app
    raise exc
  File "/Users/sumatidhingra/Documents/AaramBooks/Aaram_Inventory/test_env/lib/python3.11/site-packages/starlette/_exception_handler.py", line 53, in wrapped_app
    await app(scope, receive, sender)
  File "/Users/sumatidhingra/Documents/AaramBooks/Aaram_Inventory/test_env/lib/python3.11/site-packages/starlette/routing.py", line 72, in app
    response = await func(request)
               ^^^^^^^^^^^^^^^^^^^
  File "/Users/sumatidhingra/Documents/AaramBooks/Aaram_Inventory/test_env/lib/python3.11/site-packages/fastapi/routing.py", line 278, in app
    raw_response = await run_endpoint_function(
                   ^^^^^^^^^^^^^^^^^^^^^^^^^^^^
  File "/Users/sumatidhingra/Documents/AaramBooks/Aaram_Inventory/test_env/lib/python3.11/site-packages/fastapi/routing.py", line 191, in run_endpoint_function
    return await dependant.call(**values)
           ^^^^^^^^^^^^^^^^^^^^^^^^^^^^^^
  File "/Users/sumatidhingra/Documents/AaramBooks/Aaram_Inventory/test_env/lib/python3.11/site-packages/dependency_injector/wiring.py", line 994, in _patched
    return await _async_inject(
           ^^^^^^^^^^^^^^^^^^^^
  File "src/dependency_injector/_cwiring.pyx", line 66, in _async_inject
  File "/Users/sumatidhingra/Documents/AaramBooks/Aaram_Inventory/src/domains/masters/api/sku.py", line 22, in list_skus
    response_data = [SKUResponse.model_validate(sku, from_attributes=True) for sku in skus]
                    ^^^^^^^^^^^^^^^^^^^^^^^^^^^^^^^^^^^^^^^^^^^^^^^^^^^^^^^^^^^^^^^^^^^^^^^
  File "/Users/sumatidhingra/Documents/AaramBooks/Aaram_Inventory/src/domains/masters/api/sku.py", line 22, in <listcomp>
    response_data = [SKUResponse.model_validate(sku, from_attributes=True) for sku in skus]
                     ^^^^^^^^^^^^^^^^^^^^^^^^^^^^^^^^^^^^^^^^^^^^^^^^^^^^^
  File "/Users/sumatidhingra/Documents/AaramBooks/Aaram_Inventory/test_env/lib/python3.11/site-packages/pydantic/main.py", line 551, in model_validate
    return cls.__pydantic_validator__.validate_python(
           ^^^^^^^^^^^^^^^^^^^^^^^^^^^^^^^^^^^^^^^^^^^
pydantic_core._pydantic_core.ValidationError: 1 validation error for SKUResponse
color
  String should have at most 50 characters [type=string_too_long, input_value='French Blue (Base), Must...d Ivory White (Accents)', input_type=str]
    For further information visit https://errors.pydantic.dev/2.7/v/string_too_long
{"timestamp": "2026-08-06T10:22:46.452716+00:00Z", "level": "ERROR", "logger": "foundation.exceptions", "message": "Unhandled Exception: 1 validation error for SKUResponse\ncolor\n  String should have at most 50 characters [type=string_too_long, input_value='French Blue (Base), Must...d Ivory White (Accents)', input_type=str]\n    For further information visit https://errors.pydantic.dev/2.7/v/string_too_long", "module": "handlers", "function": "unhandled_exception_handler", "line": 47, "request_id": "06a74607-66dd-7e7a-8000-0987a22ceea7", "exception": "  + Exception Group Traceback (most recent call last):\n  |   File \"/Users/sumatidhingra/Documents/AaramBooks/Aaram_Inventory/test_env/lib/python3.11/site-packages/starlette/_utils.py\", line 87, in collapse_excgroups\n  |     yield\n  |   File \"/Users/sumatidhingra/Documents/AaramBooks/Aaram_Inventory/test_env/lib/python3.11/site-packages/starlette/middleware/base.py\", line 190, in __call__\n  |     async with anyio.create_task_group() as task_group:\n  |   File \"/Users/sumatidhingra/Documents/AaramBooks/Aaram_Inventory/test_env/lib/python3.11/site-packages/anyio/_backends/_asyncio.py\", line 815, in __aexit__\n  |     raise BaseExceptionGroup(\n  | ExceptionGroup: unhandled errors in a TaskGroup (1 sub-exception)\n  +-+---------------- 1 ----------------\n    | Traceback (most recent call last):\n    |   File \"/Users/sumatidhingra/Documents/AaramBooks/Aaram_Inventory/test_env/lib/python3.11/site-packages/starlette/middleware/errors.py\", line 164, in __call__\n    |     await self.app(scope, receive, _send)\n    |   File \"/Users/sumatidhingra/Documents/AaramBooks/Aaram_Inventory/test_env/lib/python3.11/site-packages/starlette/middleware/base.py\", line 189, in __call__\n    |     with collapse_excgroups():\n    |   File \"/Library/Frameworks/Python.framework/Versions/3.11/lib/python3.11/contextlib.py\", line 158, in __exit__\n    |     self.gen.throw(typ, value, traceback)\n    |   File \"/Users/sumatidhingra/Documents/AaramBooks/Aaram_Inventory/test_env/lib/python3.11/site-packages/starlette/_utils.py\", line 93, in collapse_excgroups\n    |     raise exc\n    |   File \"/Users/sumatidhingra/Documents/AaramBooks/Aaram_Inventory/test_env/lib/python3.11/site-packages/starlette/middleware/base.py\", line 191, in __call__\n    |     response = await self.dispatch_func(request, call_next)\n    |                ^^^^^^^^^^^^^^^^^^^^^^^^^^^^^^^^^^^^^^^^^^^^\n    |   File \"/Users/sumatidhingra/Documents/AaramBooks/Aaram_Inventory/src/foundation/api/middleware.py\", line 15, in dispatch\n    |     response: Response = await call_next(request)\n    |                          ^^^^^^^^^^^^^^^^^^^^^^^^\n    |   File \"/Users/sumatidhingra/Documents/AaramBooks/Aaram_Inventory/test_env/lib/python3.11/site-packages/starlette/middleware/base.py\", line 165, in call_next\n    |     raise app_exc\n    |   File \"/Users/sumatidhingra/Documents/AaramBooks/Aaram_Inventory/test_env/lib/python3.11/site-packages/starlette/middleware/base.py\", line 151, in coro\n    |     await self.app(scope, receive_or_disconnect, send_no_error)\n    |   File \"/Users/sumatidhingra/Documents/AaramBooks/Aaram_Inventory/test_env/lib/python3.11/site-packages/starlette/middleware/cors.py\", line 93, in __call__\n    |     await self.simple_response(scope, receive, send, request_headers=headers)\n    |   File \"/Users/sumatidhingra/Documents/AaramBooks/Aaram_Inventory/test_env/lib/python3.11/site-packages/starlette/middleware/cors.py\", line 148, in simple_response\n    |     await self.app(scope, receive, send)\n    |   File \"/Users/sumatidhingra/Documents/AaramBooks/Aaram_Inventory/test_env/lib/python3.11/site-packages/starlette/middleware/exceptions.py\", line 65, in __call__\n    |     await wrap_app_handling_exceptions(self.app, conn)(scope, receive, send)\n    |   File \"/Users/sumatidhingra/Documents/AaramBooks/Aaram_Inventory/test_env/lib/python3.11/site-packages/starlette/_exception_handler.py\", line 64, in wrapped_app\n    |     raise exc\n    |   File \"/Users/sumatidhingra/Documents/AaramBooks/Aaram_Inventory/test_env/lib/python3.11/site-packages/starlette/_exception_handler.py\", line 53, in wrapped_app\n    |     await app(scope, receive, sender)\n    |   File \"/Users/sumatidhingra/Documents/AaramBooks/Aaram_Inventory/test_env/lib/python3.11/site-packages/starlette/routing.py\", line 756, in __call__\n    |     await self.middleware_stack(scope, receive, send)\n    |   File \"/Users/sumatidhingra/Documents/AaramBooks/Aaram_Inventory/test_env/lib/python3.11/site-packages/starlette/routing.py\", line 776, in app\n    |     await route.handle(scope, receive, send)\n    |   File \"/Users/sumatidhingra/Documents/AaramBooks/Aaram_Inventory/test_env/lib/python3.11/site-packages/starlette/routing.py\", line 297, in handle\n    |     await self.app(scope, receive, send)\n    |   File \"/Users/sumatidhingra/Documents/AaramBooks/Aaram_Inventory/test_env/lib/python3.11/site-packages/starlette/routing.py\", line 77, in app\n    |     await wrap_app_handling_exceptions(app, request)(scope, receive, send)\n    |   File \"/Users/sumatidhingra/Documents/AaramBooks/Aaram_Inventory/test_env/lib/python3.11/site-packages/starlette/_exception_handler.py\", line 64, in wrapped_app\n    |     raise exc\n    |   File \"/Users/sumatidhingra/Documents/AaramBooks/Aaram_Inventory/test_env/lib/python3.11/site-packages/starlette/_exception_handler.py\", line 53, in wrapped_app\n    |     await app(scope, receive, sender)\n    |   File \"/Users/sumatidhingra/Documents/AaramBooks/Aaram_Inventory/test_env/lib/python3.11/site-packages/starlette/routing.py\", line 72, in app\n    |     response = await func(request)\n    |                ^^^^^^^^^^^^^^^^^^^\n    |   File \"/Users/sumatidhingra/Documents/AaramBooks/Aaram_Inventory/test_env/lib/python3.11/site-packages/fastapi/routing.py\", line 278, in app\n    |     raw_response = await run_endpoint_function(\n    |                    ^^^^^^^^^^^^^^^^^^^^^^^^^^^^\n    |   File \"/Users/sumatidhingra/Documents/AaramBooks/Aaram_Inventory/test_env/lib/python3.11/site-packages/fastapi/routing.py\", line 191, in run_endpoint_function\n    |     return await dependant.call(**values)\n    |            ^^^^^^^^^^^^^^^^^^^^^^^^^^^^^^\n    |   File \"/Users/sumatidhingra/Documents/AaramBooks/Aaram_Inventory/test_env/lib/python3.11/site-packages/dependency_injector/wiring.py\", line 994, in _patched\n    |     return await _async_inject(\n    |            ^^^^^^^^^^^^^^^^^^^^\n    |   File \"src/dependency_injector/_cwiring.pyx\", line 66, in _async_inject\n    |   File \"/Users/sumatidhingra/Documents/AaramBooks/Aaram_Inventory/src/domains/masters/api/sku.py\", line 22, in list_skus\n    |     response_data = [SKUResponse.model_validate(sku, from_attributes=True) for sku in skus]\n    |                     ^^^^^^^^^^^^^^^^^^^^^^^^^^^^^^^^^^^^^^^^^^^^^^^^^^^^^^^^^^^^^^^^^^^^^^^\n    |   File \"/Users/sumatidhingra/Documents/AaramBooks/Aaram_Inventory/src/domains/masters/api/sku.py\", line 22, in <listcomp>\n    |     response_data = [SKUResponse.model_validate(sku, from_attributes=True) for sku in skus]\n    |                      ^^^^^^^^^^^^^^^^^^^^^^^^^^^^^^^^^^^^^^^^^^^^^^^^^^^^^\n    |   File \"/Users/sumatidhingra/Documents/AaramBooks/Aaram_Inventory/test_env/lib/python3.11/site-packages/pydantic/main.py\", line 551, in model_validate\n    |     return cls.__pydantic_validator__.validate_python(\n    |            ^^^^^^^^^^^^^^^^^^^^^^^^^^^^^^^^^^^^^^^^^^^\n    | pydantic_core._pydantic_core.ValidationError: 1 validation error for SKUResponse\n    | color\n    |   String should have at most 50 characters [type=string_too_long, input_value='French Blue (Base), Must...d Ivory White (Accents)', input_type=str]\n    |     For further information visit https://errors.pydantic.dev/2.7/v/string_too_long\n    +------------------------------------\n\nDuring handling of the above exception, another exception occurred:\n\nTraceback (most recent call last):\n  File \"/Users/sumatidhingra/Documents/AaramBooks/Aaram_Inventory/test_env/lib/python3.11/site-packages/starlette/middleware/errors.py\", line 164, in __call__\n    await self.app(scope, receive, _send)\n  File \"/Users/sumatidhingra/Documents/AaramBooks/Aaram_Inventory/test_env/lib/python3.11/site-packages/starlette/middleware/base.py\", line 189, in __call__\n    with collapse_excgroups():\n  File \"/Library/Frameworks/Python.framework/Versions/3.11/lib/python3.11/contextlib.py\", line 158, in __exit__\n    self.gen.throw(typ, value, traceback)\n  File \"/Users/sumatidhingra/Documents/AaramBooks/Aaram_Inventory/test_env/lib/python3.11/site-packages/starlette/_utils.py\", line 93, in collapse_excgroups\n    raise exc\n  File \"/Users/sumatidhingra/Documents/AaramBooks/Aaram_Inventory/test_env/lib/python3.11/site-packages/starlette/middleware/base.py\", line 191, in __call__\n    response = await self.dispatch_func(request, call_next)\n               ^^^^^^^^^^^^^^^^^^^^^^^^^^^^^^^^^^^^^^^^^^^^\n  File \"/Users/sumatidhingra/Documents/AaramBooks/Aaram_Inventory/src/foundation/api/middleware.py\", line 15, in dispatch\n    response: Response = await call_next(request)\n                         ^^^^^^^^^^^^^^^^^^^^^^^^\n  File \"/Users/sumatidhingra/Documents/AaramBooks/Aaram_Inventory/test_env/lib/python3.11/site-packages/starlette/middleware/base.py\", line 165, in call_next\n    raise app_exc\n  File \"/Users/sumatidhingra/Documents/AaramBooks/Aaram_Inventory/test_env/lib/python3.11/site-packages/starlette/middleware/base.py\", line 151, in coro\n    await self.app(scope, receive_or_disconnect, send_no_error)\n  File \"/Users/sumatidhingra/Documents/AaramBooks/Aaram_Inventory/test_env/lib/python3.11/site-packages/starlette/middleware/cors.py\", line 93, in __call__\n    await self.simple_response(scope, receive, send, request_headers=headers)\n  File \"/Users/sumatidhingra/Documents/AaramBooks/Aaram_Inventory/test_env/lib/python3.11/site-packages/starlette/middleware/cors.py\", line 148, in simple_response\n    await self.app(scope, receive, send)\n  File \"/Users/sumatidhingra/Documents/AaramBooks/Aaram_Inventory/test_env/lib/python3.11/site-packages/starlette/middleware/exceptions.py\", line 65, in __call__\n    await wrap_app_handling_exceptions(self.app, conn)(scope, receive, send)\n  File \"/Users/sumatidhingra/Documents/AaramBooks/Aaram_Inventory/test_env/lib/python3.11/site-packages/starlette/_exception_handler.py\", line 64, in wrapped_app\n    raise exc\n  File \"/Users/sumatidhingra/Documents/AaramBooks/Aaram_Inventory/test_env/lib/python3.11/site-packages/starlette/_exception_handler.py\", line 53, in wrapped_app\n    await app(scope, receive, sender)\n  File \"/Users/sumatidhingra/Documents/AaramBooks/Aaram_Inventory/test_env/lib/python3.11/site-packages/starlette/routing.py\", line 756, in __call__\n    await self.middleware_stack(scope, receive, send)\n  File \"/Users/sumatidhingra/Documents/AaramBooks/Aaram_Inventory/test_env/lib/python3.11/site-packages/starlette/routing.py\", line 776, in app\n    await route.handle(scope, receive, send)\n  File \"/Users/sumatidhingra/Documents/AaramBooks/Aaram_Inventory/test_env/lib/python3.11/site-packages/starlette/routing.py\", line 297, in handle\n    await self.app(scope, receive, send)\n  File \"/Users/sumatidhingra/Documents/AaramBooks/Aaram_Inventory/test_env/lib/python3.11/site-packages/starlette/routing.py\", line 77, in app\n    await wrap_app_handling_exceptions(app, request)(scope, receive, send)\n  File \"/Users/sumatidhingra/Documents/AaramBooks/Aaram_Inventory/test_env/lib/python3.11/site-packages/starlette/_exception_handler.py\", line 64, in wrapped_app\n    raise exc\n  File \"/Users/sumatidhingra/Documents/AaramBooks/Aaram_Inventory/test_env/lib/python3.11/site-packages/starlette/_exception_handler.py\", line 53, in wrapped_app\n    await app(scope, receive, sender)\n  File \"/Users/sumatidhingra/Documents/AaramBooks/Aaram_Inventory/test_env/lib/python3.11/site-packages/starlette/routing.py\", line 72, in app\n    response = await func(request)\n               ^^^^^^^^^^^^^^^^^^^\n  File \"/Users/sumatidhingra/Documents/AaramBooks/Aaram_Inventory/test_env/lib/python3.11/site-packages/fastapi/routing.py\", line 278, in app\n    raw_response = await run_endpoint_function(\n                   ^^^^^^^^^^^^^^^^^^^^^^^^^^^^\n  File \"/Users/sumatidhingra/Documents/AaramBooks/Aaram_Inventory/test_env/lib/python3.11/site-packages/fastapi/routing.py\", line 191, in run_endpoint_function\n    return await dependant.call(**values)\n           ^^^^^^^^^^^^^^^^^^^^^^^^^^^^^^\n  File \"/Users/sumatidhingra/Documents/AaramBooks/Aaram_Inventory/test_env/lib/python3.11/site-packages/dependency_injector/wiring.py\", line 994, in _patched\n    return await _async_inject(\n           ^^^^^^^^^^^^^^^^^^^^\n  File \"src/dependency_injector/_cwiring.pyx\", line 66, in _async_inject\n  File \"/Users/sumatidhingra/Documents/AaramBooks/Aaram_Inventory/src/domains/masters/api/sku.py\", line 22, in list_skus\n    response_data = [SKUResponse.model_validate(sku, from_attributes=True) for sku in skus]\n                    ^^^^^^^^^^^^^^^^^^^^^^^^^^^^^^^^^^^^^^^^^^^^^^^^^^^^^^^^^^^^^^^^^^^^^^^\n  File \"/Users/sumatidhingra/Documents/AaramBooks/Aaram_Inventory/src/domains/masters/api/sku.py\", line 22, in <listcomp>\n    response_data = [SKUResponse.model_validate(sku, from_attributes=True) for sku in skus]\n                     ^^^^^^^^^^^^^^^^^^^^^^^^^^^^^^^^^^^^^^^^^^^^^^^^^^^^^\n  File \"/Users/sumatidhingra/Documents/AaramBooks/Aaram_Inventory/test_env/lib/python3.11/site-packages/pydantic/main.py\", line 551, in model_validate\n    return cls.__pydantic_validator__.validate_python(\n           ^^^^^^^^^^^^^^^^^^^^^^^^^^^^^^^^^^^^^^^^^^^\npydantic_core._pydantic_core.ValidationError: 1 validation error for SKUResponse\ncolor\n  String should have at most 50 characters [type=string_too_long, input_value='French Blue (Base), Must...d Ivory White (Accents)', input_type=str]\n    For further information visit https://errors.pydantic.dev/2.7/v/string_too_long"}
INFO:     127.0.0.1:57375 - "GET /api/v1/masters/skus HTTP/1.1" 500 Internal Server Error
ERROR:    Exception in ASGI application
  + Exception Group Traceback (most recent call last):
  |   File "/Users/sumatidhingra/Documents/AaramBooks/Aaram_Inventory/test_env/lib/python3.11/site-packages/starlette/_utils.py", line 87, in collapse_excgroups
  |     yield
  |   File "/Users/sumatidhingra/Documents/AaramBooks/Aaram_Inventory/test_env/lib/python3.11/site-packages/starlette/middleware/base.py", line 190, in __call__
  |     async with anyio.create_task_group() as task_group:
  |   File "/Users/sumatidhingra/Documents/AaramBooks/Aaram_Inventory/test_env/lib/python3.11/site-packages/anyio/_backends/_asyncio.py", line 815, in __aexit__
  |     raise BaseExceptionGroup(
  | ExceptionGroup: unhandled errors in a TaskGroup (1 sub-exception)
  +-+---------------- 1 ----------------
    | Traceback (most recent call last):
    |   File "/Users/sumatidhingra/Documents/AaramBooks/Aaram_Inventory/test_env/lib/python3.11/site-packages/uvicorn/protocols/http/httptools_impl.py", line 399, in run_asgi
    |     result = await app(  # type: ignore[func-returns-value]
    |              ^^^^^^^^^^^^^^^^^^^^^^^^^^^^^^^^^^^^^^^^^^^^^^
    |   File "/Users/sumatidhingra/Documents/AaramBooks/Aaram_Inventory/test_env/lib/python3.11/site-packages/uvicorn/middleware/proxy_headers.py", line 70, in __call__
    |     return await self.app(scope, receive, send)
    |            ^^^^^^^^^^^^^^^^^^^^^^^^^^^^^^^^^^^^
    |   File "/Users/sumatidhingra/Documents/AaramBooks/Aaram_Inventory/test_env/lib/python3.11/site-packages/fastapi/applications.py", line 1054, in __call__
    |     await super().__call__(scope, receive, send)
    |   File "/Users/sumatidhingra/Documents/AaramBooks/Aaram_Inventory/test_env/lib/python3.11/site-packages/starlette/applications.py", line 123, in __call__
    |     await self.middleware_stack(scope, receive, send)
    |   File "/Users/sumatidhingra/Documents/AaramBooks/Aaram_Inventory/test_env/lib/python3.11/site-packages/starlette/middleware/errors.py", line 186, in __call__
    |     raise exc
    |   File "/Users/sumatidhingra/Documents/AaramBooks/Aaram_Inventory/test_env/lib/python3.11/site-packages/starlette/middleware/errors.py", line 164, in __call__
    |     await self.app(scope, receive, _send)
    |   File "/Users/sumatidhingra/Documents/AaramBooks/Aaram_Inventory/test_env/lib/python3.11/site-packages/starlette/middleware/base.py", line 189, in __call__
    |     with collapse_excgroups():
    |   File "/Library/Frameworks/Python.framework/Versions/3.11/lib/python3.11/contextlib.py", line 158, in __exit__
    |     self.gen.throw(typ, value, traceback)
    |   File "/Users/sumatidhingra/Documents/AaramBooks/Aaram_Inventory/test_env/lib/python3.11/site-packages/starlette/_utils.py", line 93, in collapse_excgroups
    |     raise exc
    |   File "/Users/sumatidhingra/Documents/AaramBooks/Aaram_Inventory/test_env/lib/python3.11/site-packages/starlette/middleware/base.py", line 191, in __call__
    |     response = await self.dispatch_func(request, call_next)
    |                ^^^^^^^^^^^^^^^^^^^^^^^^^^^^^^^^^^^^^^^^^^^^
    |   File "/Users/sumatidhingra/Documents/AaramBooks/Aaram_Inventory/src/foundation/api/middleware.py", line 15, in dispatch
    |     response: Response = await call_next(request)
    |                          ^^^^^^^^^^^^^^^^^^^^^^^^
    |   File "/Users/sumatidhingra/Documents/AaramBooks/Aaram_Inventory/test_env/lib/python3.11/site-packages/starlette/middleware/base.py", line 165, in call_next
    |     raise app_exc
    |   File "/Users/sumatidhingra/Documents/AaramBooks/Aaram_Inventory/test_env/lib/python3.11/site-packages/starlette/middleware/base.py", line 151, in coro
    |     await self.app(scope, receive_or_disconnect, send_no_error)
    |   File "/Users/sumatidhingra/Documents/AaramBooks/Aaram_Inventory/test_env/lib/python3.11/site-packages/starlette/middleware/cors.py", line 93, in __call__
    |     await self.simple_response(scope, receive, send, request_headers=headers)
    |   File "/Users/sumatidhingra/Documents/AaramBooks/Aaram_Inventory/test_env/lib/python3.11/site-packages/starlette/middleware/cors.py", line 148, in simple_response
    |     await self.app(scope, receive, send)
    |   File "/Users/sumatidhingra/Documents/AaramBooks/Aaram_Inventory/test_env/lib/python3.11/site-packages/starlette/middleware/exceptions.py", line 65, in __call__
    |     await wrap_app_handling_exceptions(self.app, conn)(scope, receive, send)
    |   File "/Users/sumatidhingra/Documents/AaramBooks/Aaram_Inventory/test_env/lib/python3.11/site-packages/starlette/_exception_handler.py", line 64, in wrapped_app
    |     raise exc
    |   File "/Users/sumatidhingra/Documents/AaramBooks/Aaram_Inventory/test_env/lib/python3.11/site-packages/starlette/_exception_handler.py", line 53, in wrapped_app
    |     await app(scope, receive, sender)
    |   File "/Users/sumatidhingra/Documents/AaramBooks/Aaram_Inventory/test_env/lib/python3.11/site-packages/starlette/routing.py", line 756, in __call__
    |     await self.middleware_stack(scope, receive, send)
    |   File "/Users/sumatidhingra/Documents/AaramBooks/Aaram_Inventory/test_env/lib/python3.11/site-packages/starlette/routing.py", line 776, in app
    |     await route.handle(scope, receive, send)
    |   File "/Users/sumatidhingra/Documents/AaramBooks/Aaram_Inventory/test_env/lib/python3.11/site-packages/starlette/routing.py", line 297, in handle
    |     await self.app(scope, receive, send)
    |   File "/Users/sumatidhingra/Documents/AaramBooks/Aaram_Inventory/test_env/lib/python3.11/site-packages/starlette/routing.py", line 77, in app
    |     await wrap_app_handling_exceptions(app, request)(scope, receive, send)
    |   File "/Users/sumatidhingra/Documents/AaramBooks/Aaram_Inventory/test_env/lib/python3.11/site-packages/starlette/_exception_handler.py", line 64, in wrapped_app
    |     raise exc
    |   File "/Users/sumatidhingra/Documents/AaramBooks/Aaram_Inventory/test_env/lib/python3.11/site-packages/starlette/_exception_handler.py", line 53, in wrapped_app
    |     await app(scope, receive, sender)
    |   File "/Users/sumatidhingra/Documents/AaramBooks/Aaram_Inventory/test_env/lib/python3.11/site-packages/starlette/routing.py", line 72, in app
    |     response = await func(request)
    |                ^^^^^^^^^^^^^^^^^^^
    |   File "/Users/sumatidhingra/Documents/AaramBooks/Aaram_Inventory/test_env/lib/python3.11/site-packages/fastapi/routing.py", line 278, in app
    |     raw_response = await run_endpoint_function(
    |                    ^^^^^^^^^^^^^^^^^^^^^^^^^^^^
    |   File "/Users/sumatidhingra/Documents/AaramBooks/Aaram_Inventory/test_env/lib/python3.11/site-packages/fastapi/routing.py", line 191, in run_endpoint_function
    |     return await dependant.call(**values)
    |            ^^^^^^^^^^^^^^^^^^^^^^^^^^^^^^
    |   File "/Users/sumatidhingra/Documents/AaramBooks/Aaram_Inventory/test_env/lib/python3.11/site-packages/dependency_injector/wiring.py", line 994, in _patched
    |     return await _async_inject(
    |            ^^^^^^^^^^^^^^^^^^^^
    |   File "src/dependency_injector/_cwiring.pyx", line 66, in _async_inject
    |   File "/Users/sumatidhingra/Documents/AaramBooks/Aaram_Inventory/src/domains/masters/api/sku.py", line 22, in list_skus
    |     response_data = [SKUResponse.model_validate(sku, from_attributes=True) for sku in skus]
    |                     ^^^^^^^^^^^^^^^^^^^^^^^^^^^^^^^^^^^^^^^^^^^^^^^^^^^^^^^^^^^^^^^^^^^^^^^
    |   File "/Users/sumatidhingra/Documents/AaramBooks/Aaram_Inventory/src/domains/masters/api/sku.py", line 22, in <listcomp>
    |     response_data = [SKUResponse.model_validate(sku, from_attributes=True) for sku in skus]
    |                      ^^^^^^^^^^^^^^^^^^^^^^^^^^^^^^^^^^^^^^^^^^^^^^^^^^^^^
    |   File "/Users/sumatidhingra/Documents/AaramBooks/Aaram_Inventory/test_env/lib/python3.11/site-packages/pydantic/main.py", line 551, in model_validate
    |     return cls.__pydantic_validator__.validate_python(
    |            ^^^^^^^^^^^^^^^^^^^^^^^^^^^^^^^^^^^^^^^^^^^
    | pydantic_core._pydantic_core.ValidationError: 1 validation error for SKUResponse
    | color
    |   String should have at most 50 characters [type=string_too_long, input_value='French Blue (Base), Must...d Ivory White (Accents)', input_type=str]
    |     For further information visit https://errors.pydantic.dev/2.7/v/string_too_long
    +------------------------------------

During handling of the above exception, another exception occurred:

Traceback (most recent call last):
  File "/Users/sumatidhingra/Documents/AaramBooks/Aaram_Inventory/test_env/lib/python3.11/site-packages/uvicorn/protocols/http/httptools_impl.py", line 399, in run_asgi
    result = await app(  # type: ignore[func-returns-value]
             ^^^^^^^^^^^^^^^^^^^^^^^^^^^^^^^^^^^^^^^^^^^^^^
  File "/Users/sumatidhingra/Documents/AaramBooks/Aaram_Inventory/test_env/lib/python3.11/site-packages/uvicorn/middleware/proxy_headers.py", line 70, in __call__
    return await self.app(scope, receive, send)
           ^^^^^^^^^^^^^^^^^^^^^^^^^^^^^^^^^^^^
  File "/Users/sumatidhingra/Documents/AaramBooks/Aaram_Inventory/test_env/lib/python3.11/site-packages/fastapi/applications.py", line 1054, in __call__
    await super().__call__(scope, receive, send)
  File "/Users/sumatidhingra/Documents/AaramBooks/Aaram_Inventory/test_env/lib/python3.11/site-packages/starlette/applications.py", line 123, in __call__
    await self.middleware_stack(scope, receive, send)
  File "/Users/sumatidhingra/Documents/AaramBooks/Aaram_Inventory/test_env/lib/python3.11/site-packages/starlette/middleware/errors.py", line 186, in __call__
    raise exc
  File "/Users/sumatidhingra/Documents/AaramBooks/Aaram_Inventory/test_env/lib/python3.11/site-packages/starlette/middleware/errors.py", line 164, in __call__
    await self.app(scope, receive, _send)
  File "/Users/sumatidhingra/Documents/AaramBooks/Aaram_Inventory/test_env/lib/python3.11/site-packages/starlette/middleware/base.py", line 189, in __call__
    with collapse_excgroups():
  File "/Library/Frameworks/Python.framework/Versions/3.11/lib/python3.11/contextlib.py", line 158, in __exit__
    self.gen.throw(typ, value, traceback)
  File "/Users/sumatidhingra/Documents/AaramBooks/Aaram_Inventory/test_env/lib/python3.11/site-packages/starlette/_utils.py", line 93, in collapse_excgroups
    raise exc
  File "/Users/sumatidhingra/Documents/AaramBooks/Aaram_Inventory/test_env/lib/python3.11/site-packages/starlette/middleware/base.py", line 191, in __call__
    response = await self.dispatch_func(request, call_next)
               ^^^^^^^^^^^^^^^^^^^^^^^^^^^^^^^^^^^^^^^^^^^^
  File "/Users/sumatidhingra/Documents/AaramBooks/Aaram_Inventory/src/foundation/api/middleware.py", line 15, in dispatch
    response: Response = await call_next(request)
                         ^^^^^^^^^^^^^^^^^^^^^^^^
  File "/Users/sumatidhingra/Documents/AaramBooks/Aaram_Inventory/test_env/lib/python3.11/site-packages/starlette/middleware/base.py", line 165, in call_next
    raise app_exc
  File "/Users/sumatidhingra/Documents/AaramBooks/Aaram_Inventory/test_env/lib/python3.11/site-packages/starlette/middleware/base.py", line 151, in coro
    await self.app(scope, receive_or_disconnect, send_no_error)
  File "/Users/sumatidhingra/Documents/AaramBooks/Aaram_Inventory/test_env/lib/python3.11/site-packages/starlette/middleware/cors.py", line 93, in __call__
    await self.simple_response(scope, receive, send, request_headers=headers)
  File "/Users/sumatidhingra/Documents/AaramBooks/Aaram_Inventory/test_env/lib/python3.11/site-packages/starlette/middleware/cors.py", line 148, in simple_response
    await self.app(scope, receive, send)
  File "/Users/sumatidhingra/Documents/AaramBooks/Aaram_Inventory/test_env/lib/python3.11/site-packages/starlette/middleware/exceptions.py", line 65, in __call__
    await wrap_app_handling_exceptions(self.app, conn)(scope, receive, send)
  File "/Users/sumatidhingra/Documents/AaramBooks/Aaram_Inventory/test_env/lib/python3.11/site-packages/starlette/_exception_handler.py", line 64, in wrapped_app
    raise exc
  File "/Users/sumatidhingra/Documents/AaramBooks/Aaram_Inventory/test_env/lib/python3.11/site-packages/starlette/_exception_handler.py", line 53, in wrapped_app
    await app(scope, receive, sender)
  File "/Users/sumatidhingra/Documents/AaramBooks/Aaram_Inventory/test_env/lib/python3.11/site-packages/starlette/routing.py", line 756, in __call__
    await self.middleware_stack(scope, receive, send)
  File "/Users/sumatidhingra/Documents/AaramBooks/Aaram_Inventory/test_env/lib/python3.11/site-packages/starlette/routing.py", line 776, in app
    await route.handle(scope, receive, send)
  File "/Users/sumatidhingra/Documents/AaramBooks/Aaram_Inventory/test_env/lib/python3.11/site-packages/starlette/routing.py", line 297, in handle
    await self.app(scope, receive, send)
  File "/Users/sumatidhingra/Documents/AaramBooks/Aaram_Inventory/test_env/lib/python3.11/site-packages/starlette/routing.py", line 77, in app
    await wrap_app_handling_exceptions(app, request)(scope, receive, send)
  File "/Users/sumatidhingra/Documents/AaramBooks/Aaram_Inventory/test_env/lib/python3.11/site-packages/starlette/_exception_handler.py", line 64, in wrapped_app
    raise exc
  File "/Users/sumatidhingra/Documents/AaramBooks/Aaram_Inventory/test_env/lib/python3.11/site-packages/starlette/_exception_handler.py", line 53, in wrapped_app
    await app(scope, receive, sender)
  File "/Users/sumatidhingra/Documents/AaramBooks/Aaram_Inventory/test_env/lib/python3.11/site-packages/starlette/routing.py", line 72, in app
    response = await func(request)
               ^^^^^^^^^^^^^^^^^^^
  File "/Users/sumatidhingra/Documents/AaramBooks/Aaram_Inventory/test_env/lib/python3.11/site-packages/fastapi/routing.py", line 278, in app
    raw_response = await run_endpoint_function(
                   ^^^^^^^^^^^^^^^^^^^^^^^^^^^^
  File "/Users/sumatidhingra/Documents/AaramBooks/Aaram_Inventory/test_env/lib/python3.11/site-packages/fastapi/routing.py", line 191, in run_endpoint_function
    return await dependant.call(**values)
           ^^^^^^^^^^^^^^^^^^^^^^^^^^^^^^
  File "/Users/sumatidhingra/Documents/AaramBooks/Aaram_Inventory/test_env/lib/python3.11/site-packages/dependency_injector/wiring.py", line 994, in _patched
    return await _async_inject(
           ^^^^^^^^^^^^^^^^^^^^
  File "src/dependency_injector/_cwiring.pyx", line 66, in _async_inject
  File "/Users/sumatidhingra/Documents/AaramBooks/Aaram_Inventory/src/domains/masters/api/sku.py", line 22, in list_skus
    response_data = [SKUResponse.model_validate(sku, from_attributes=True) for sku in skus]
                    ^^^^^^^^^^^^^^^^^^^^^^^^^^^^^^^^^^^^^^^^^^^^^^^^^^^^^^^^^^^^^^^^^^^^^^^
  File "/Users/sumatidhingra/Documents/AaramBooks/Aaram_Inventory/src/domains/masters/api/sku.py", line 22, in <listcomp>
    response_data = [SKUResponse.model_validate(sku, from_attributes=True) for sku in skus]
                     ^^^^^^^^^^^^^^^^^^^^^^^^^^^^^^^^^^^^^^^^^^^^^^^^^^^^^
  File "/Users/sumatidhingra/Documents/AaramBooks/Aaram_Inventory/test_env/lib/python3.11/site-packages/pydantic/main.py", line 551, in model_validate
    return cls.__pydantic_validator__.validate_python(
           ^^^^^^^^^^^^^^^^^^^^^^^^^^^^^^^^^^^^^^^^^^^
pydantic_core._pydantic_core.ValidationError: 1 validation error for SKUResponse
color
  String should have at most 50 characters [type=string_too_long, input_value='French Blue (Base), Must...d Ivory White (Accents)', input_type=str]
    For further information visit https://errors.pydantic.dev/2.7/v/string_too_long
{"timestamp": "2026-08-06T10:22:48.484461+00:00Z", "level": "ERROR", "logger": "foundation.exceptions", "message": "Unhandled Exception: 1 validation error for SKUResponse\ncolor\n  String should have at most 50 characters [type=string_too_long, input_value='French Blue (Base), Must...d Ivory White (Accents)', input_type=str]\n    For further information visit https://errors.pydantic.dev/2.7/v/string_too_long", "module": "handlers", "function": "unhandled_exception_handler", "line": 47, "request_id": "06a74607-8763-72d2-8000-47f32f647bc1", "exception": "  + Exception Group Traceback (most recent call last):\n  |   File \"/Users/sumatidhingra/Documents/AaramBooks/Aaram_Inventory/test_env/lib/python3.11/site-packages/starlette/_utils.py\", line 87, in collapse_excgroups\n  |     yield\n  |   File \"/Users/sumatidhingra/Documents/AaramBooks/Aaram_Inventory/test_env/lib/python3.11/site-packages/starlette/middleware/base.py\", line 190, in __call__\n  |     async with anyio.create_task_group() as task_group:\n  |   File \"/Users/sumatidhingra/Documents/AaramBooks/Aaram_Inventory/test_env/lib/python3.11/site-packages/anyio/_backends/_asyncio.py\", line 815, in __aexit__\n  |     raise BaseExceptionGroup(\n  | ExceptionGroup: unhandled errors in a TaskGroup (1 sub-exception)\n  +-+---------------- 1 ----------------\n    | Traceback (most recent call last):\n    |   File \"/Users/sumatidhingra/Documents/AaramBooks/Aaram_Inventory/test_env/lib/python3.11/site-packages/starlette/middleware/errors.py\", line 164, in __call__\n    |     await self.app(scope, receive, _send)\n    |   File \"/Users/sumatidhingra/Documents/AaramBooks/Aaram_Inventory/test_env/lib/python3.11/site-packages/starlette/middleware/base.py\", line 189, in __call__\n    |     with collapse_excgroups():\n    |   File \"/Library/Frameworks/Python.framework/Versions/3.11/lib/python3.11/contextlib.py\", line 158, in __exit__\n    |     self.gen.throw(typ, value, traceback)\n    |   File \"/Users/sumatidhingra/Documents/AaramBooks/Aaram_Inventory/test_env/lib/python3.11/site-packages/starlette/_utils.py\", line 93, in collapse_excgroups\n    |     raise exc\n    |   File \"/Users/sumatidhingra/Documents/AaramBooks/Aaram_Inventory/test_env/lib/python3.11/site-packages/starlette/middleware/base.py\", line 191, in __call__\n    |     response = await self.dispatch_func(request, call_next)\n    |                ^^^^^^^^^^^^^^^^^^^^^^^^^^^^^^^^^^^^^^^^^^^^\n    |   File \"/Users/sumatidhingra/Documents/AaramBooks/Aaram_Inventory/src/foundation/api/middleware.py\", line 15, in dispatch\n    |     response: Response = await call_next(request)\n    |                          ^^^^^^^^^^^^^^^^^^^^^^^^\n    |   File \"/Users/sumatidhingra/Documents/AaramBooks/Aaram_Inventory/test_env/lib/python3.11/site-packages/starlette/middleware/base.py\", line 165, in call_next\n    |     raise app_exc\n    |   File \"/Users/sumatidhingra/Documents/AaramBooks/Aaram_Inventory/test_env/lib/python3.11/site-packages/starlette/middleware/base.py\", line 151, in coro\n    |     await self.app(scope, receive_or_disconnect, send_no_error)\n    |   File \"/Users/sumatidhingra/Documents/AaramBooks/Aaram_Inventory/test_env/lib/python3.11/site-packages/starlette/middleware/cors.py\", line 93, in __call__\n    |     await self.simple_response(scope, receive, send, request_headers=headers)\n    |   File \"/Users/sumatidhingra/Documents/AaramBooks/Aaram_Inventory/test_env/lib/python3.11/site-packages/starlette/middleware/cors.py\", line 148, in simple_response\n    |     await self.app(scope, receive, send)\n    |   File \"/Users/sumatidhingra/Documents/AaramBooks/Aaram_Inventory/test_env/lib/python3.11/site-packages/starlette/middleware/exceptions.py\", line 65, in __call__\n    |     await wrap_app_handling_exceptions(self.app, conn)(scope, receive, send)\n    |   File \"/Users/sumatidhingra/Documents/AaramBooks/Aaram_Inventory/test_env/lib/python3.11/site-packages/starlette/_exception_handler.py\", line 64, in wrapped_app\n    |     raise exc\n    |   File \"/Users/sumatidhingra/Documents/AaramBooks/Aaram_Inventory/test_env/lib/python3.11/site-packages/starlette/_exception_handler.py\", line 53, in wrapped_app\n    |     await app(scope, receive, sender)\n    |   File \"/Users/sumatidhingra/Documents/AaramBooks/Aaram_Inventory/test_env/lib/python3.11/site-packages/starlette/routing.py\", line 756, in __call__\n    |     await self.middleware_stack(scope, receive, send)\n    |   File \"/Users/sumatidhingra/Documents/AaramBooks/Aaram_Inventory/test_env/lib/python3.11/site-packages/starlette/routing.py\", line 776, in app\n    |     await route.handle(scope, receive, send)\n    |   File \"/Users/sumatidhingra/Documents/AaramBooks/Aaram_Inventory/test_env/lib/python3.11/site-packages/starlette/routing.py\", line 297, in handle\n    |     await self.app(scope, receive, send)\n    |   File \"/Users/sumatidhingra/Documents/AaramBooks/Aaram_Inventory/test_env/lib/python3.11/site-packages/starlette/routing.py\", line 77, in app\n    |     await wrap_app_handling_exceptions(app, request)(scope, receive, send)\n    |   File \"/Users/sumatidhingra/Documents/AaramBooks/Aaram_Inventory/test_env/lib/python3.11/site-packages/starlette/_exception_handler.py\", line 64, in wrapped_app\n    |     raise exc\n    |   File \"/Users/sumatidhingra/Documents/AaramBooks/Aaram_Inventory/test_env/lib/python3.11/site-packages/starlette/_exception_handler.py\", line 53, in wrapped_app\n    |     await app(scope, receive, sender)\n    |   File \"/Users/sumatidhingra/Documents/AaramBooks/Aaram_Inventory/test_env/lib/python3.11/site-packages/starlette/routing.py\", line 72, in app\n    |     response = await func(request)\n    |                ^^^^^^^^^^^^^^^^^^^\n    |   File \"/Users/sumatidhingra/Documents/AaramBooks/Aaram_Inventory/test_env/lib/python3.11/site-packages/fastapi/routing.py\", line 278, in app\n    |     raw_response = await run_endpoint_function(\n    |                    ^^^^^^^^^^^^^^^^^^^^^^^^^^^^\n    |   File \"/Users/sumatidhingra/Documents/AaramBooks/Aaram_Inventory/test_env/lib/python3.11/site-packages/fastapi/routing.py\", line 191, in run_endpoint_function\n    |     return await dependant.call(**values)\n    |            ^^^^^^^^^^^^^^^^^^^^^^^^^^^^^^\n    |   File \"/Users/sumatidhingra/Documents/AaramBooks/Aaram_Inventory/test_env/lib/python3.11/site-packages/dependency_injector/wiring.py\", line 994, in _patched\n    |     return await _async_inject(\n    |            ^^^^^^^^^^^^^^^^^^^^\n    |   File \"src/dependency_injector/_cwiring.pyx\", line 66, in _async_inject\n    |   File \"/Users/sumatidhingra/Documents/AaramBooks/Aaram_Inventory/src/domains/masters/api/sku.py\", line 22, in list_skus\n    |     response_data = [SKUResponse.model_validate(sku, from_attributes=True) for sku in skus]\n    |                     ^^^^^^^^^^^^^^^^^^^^^^^^^^^^^^^^^^^^^^^^^^^^^^^^^^^^^^^^^^^^^^^^^^^^^^^\n    |   File \"/Users/sumatidhingra/Documents/AaramBooks/Aaram_Inventory/src/domains/masters/api/sku.py\", line 22, in <listcomp>\n    |     response_data = [SKUResponse.model_validate(sku, from_attributes=True) for sku in skus]\n    |                      ^^^^^^^^^^^^^^^^^^^^^^^^^^^^^^^^^^^^^^^^^^^^^^^^^^^^^\n    |   File \"/Users/sumatidhingra/Documents/AaramBooks/Aaram_Inventory/test_env/lib/python3.11/site-packages/pydantic/main.py\", line 551, in model_validate\n    |     return cls.__pydantic_validator__.validate_python(\n    |            ^^^^^^^^^^^^^^^^^^^^^^^^^^^^^^^^^^^^^^^^^^^\n    | pydantic_core._pydantic_core.ValidationError: 1 validation error for SKUResponse\n    | color\n    |   String should have at most 50 characters [type=string_too_long, input_value='French Blue (Base), Must...d Ivory White (Accents)', input_type=str]\n    |     For further information visit https://errors.pydantic.dev/2.7/v/string_too_long\n    +------------------------------------\n\nDuring handling of the above exception, another exception occurred:\n\nTraceback (most recent call last):\n  File \"/Users/sumatidhingra/Documents/AaramBooks/Aaram_Inventory/test_env/lib/python3.11/site-packages/starlette/middleware/errors.py\", line 164, in __call__\n    await self.app(scope, receive, _send)\n  File \"/Users/sumatidhingra/Documents/AaramBooks/Aaram_Inventory/test_env/lib/python3.11/site-packages/starlette/middleware/base.py\", line 189, in __call__\n    with collapse_excgroups():\n  File \"/Library/Frameworks/Python.framework/Versions/3.11/lib/python3.11/contextlib.py\", line 158, in __exit__\n    self.gen.throw(typ, value, traceback)\n  File \"/Users/sumatidhingra/Documents/AaramBooks/Aaram_Inventory/test_env/lib/python3.11/site-packages/starlette/_utils.py\", line 93, in collapse_excgroups\n    raise exc\n  File \"/Users/sumatidhingra/Documents/AaramBooks/Aaram_Inventory/test_env/lib/python3.11/site-packages/starlette/middleware/base.py\", line 191, in __call__\n    response = await self.dispatch_func(request, call_next)\n               ^^^^^^^^^^^^^^^^^^^^^^^^^^^^^^^^^^^^^^^^^^^^\n  File \"/Users/sumatidhingra/Documents/AaramBooks/Aaram_Inventory/src/foundation/api/middleware.py\", line 15, in dispatch\n    response: Response = await call_next(request)\n                         ^^^^^^^^^^^^^^^^^^^^^^^^\n  File \"/Users/sumatidhingra/Documents/AaramBooks/Aaram_Inventory/test_env/lib/python3.11/site-packages/starlette/middleware/base.py\", line 165, in call_next\n    raise app_exc\n  File \"/Users/sumatidhingra/Documents/AaramBooks/Aaram_Inventory/test_env/lib/python3.11/site-packages/starlette/middleware/base.py\", line 151, in coro\n    await self.app(scope, receive_or_disconnect, send_no_error)\n  File \"/Users/sumatidhingra/Documents/AaramBooks/Aaram_Inventory/test_env/lib/python3.11/site-packages/starlette/middleware/cors.py\", line 93, in __call__\n    await self.simple_response(scope, receive, send, request_headers=headers)\n  File \"/Users/sumatidhingra/Documents/AaramBooks/Aaram_Inventory/test_env/lib/python3.11/site-packages/starlette/middleware/cors.py\", line 148, in simple_response\n    await self.app(scope, receive, send)\n  File \"/Users/sumatidhingra/Documents/AaramBooks/Aaram_Inventory/test_env/lib/python3.11/site-packages/starlette/middleware/exceptions.py\", line 65, in __call__\n    await wrap_app_handling_exceptions(self.app, conn)(scope, receive, send)\n  File \"/Users/sumatidhingra/Documents/AaramBooks/Aaram_Inventory/test_env/lib/python3.11/site-packages/starlette/_exception_handler.py\", line 64, in wrapped_app\n    raise exc\n  File \"/Users/sumatidhingra/Documents/AaramBooks/Aaram_Inventory/test_env/lib/python3.11/site-packages/starlette/_exception_handler.py\", line 53, in wrapped_app\n    await app(scope, receive, sender)\n  File \"/Users/sumatidhingra/Documents/AaramBooks/Aaram_Inventory/test_env/lib/python3.11/site-packages/starlette/routing.py\", line 756, in __call__\n    await self.middleware_stack(scope, receive, send)\n  File \"/Users/sumatidhingra/Documents/AaramBooks/Aaram_Inventory/test_env/lib/python3.11/site-packages/starlette/routing.py\", line 776, in app\n    await route.handle(scope, receive, send)\n  File \"/Users/sumatidhingra/Documents/AaramBooks/Aaram_Inventory/test_env/lib/python3.11/site-packages/starlette/routing.py\", line 297, in handle\n    await self.app(scope, receive, send)\n  File \"/Users/sumatidhingra/Documents/AaramBooks/Aaram_Inventory/test_env/lib/python3.11/site-packages/starlette/routing.py\", line 77, in app\n    await wrap_app_handling_exceptions(app, request)(scope, receive, send)\n  File \"/Users/sumatidhingra/Documents/AaramBooks/Aaram_Inventory/test_env/lib/python3.11/site-packages/starlette/_exception_handler.py\", line 64, in wrapped_app\n    raise exc\n  File \"/Users/sumatidhingra/Documents/AaramBooks/Aaram_Inventory/test_env/lib/python3.11/site-packages/starlette/_exception_handler.py\", line 53, in wrapped_app\n    await app(scope, receive, sender)\n  File \"/Users/sumatidhingra/Documents/AaramBooks/Aaram_Inventory/test_env/lib/python3.11/site-packages/starlette/routing.py\", line 72, in app\n    response = await func(request)\n               ^^^^^^^^^^^^^^^^^^^\n  File \"/Users/sumatidhingra/Documents/AaramBooks/Aaram_Inventory/test_env/lib/python3.11/site-packages/fastapi/routing.py\", line 278, in app\n    raw_response = await run_endpoint_function(\n                   ^^^^^^^^^^^^^^^^^^^^^^^^^^^^\n  File \"/Users/sumatidhingra/Documents/AaramBooks/Aaram_Inventory/test_env/lib/python3.11/site-packages/fastapi/routing.py\", line 191, in run_endpoint_function\n    return await dependant.call(**values)\n           ^^^^^^^^^^^^^^^^^^^^^^^^^^^^^^\n  File \"/Users/sumatidhingra/Documents/AaramBooks/Aaram_Inventory/test_env/lib/python3.11/site-packages/dependency_injector/wiring.py\", line 994, in _patched\n    return await _async_inject(\n           ^^^^^^^^^^^^^^^^^^^^\n  File \"src/dependency_injector/_cwiring.pyx\", line 66, in _async_inject\n  File \"/Users/sumatidhingra/Documents/AaramBooks/Aaram_Inventory/src/domains/masters/api/sku.py\", line 22, in list_skus\n    response_data = [SKUResponse.model_validate(sku, from_attributes=True) for sku in skus]\n                    ^^^^^^^^^^^^^^^^^^^^^^^^^^^^^^^^^^^^^^^^^^^^^^^^^^^^^^^^^^^^^^^^^^^^^^^\n  File \"/Users/sumatidhingra/Documents/AaramBooks/Aaram_Inventory/src/domains/masters/api/sku.py\", line 22, in <listcomp>\n    response_data = [SKUResponse.model_validate(sku, from_attributes=True) for sku in skus]\n                     ^^^^^^^^^^^^^^^^^^^^^^^^^^^^^^^^^^^^^^^^^^^^^^^^^^^^^\n  File \"/Users/sumatidhingra/Documents/AaramBooks/Aaram_Inventory/test_env/lib/python3.11/site-packages/pydantic/main.py\", line 551, in model_validate\n    return cls.__pydantic_validator__.validate_python(\n           ^^^^^^^^^^^^^^^^^^^^^^^^^^^^^^^^^^^^^^^^^^^\npydantic_core._pydantic_core.ValidationError: 1 validation error for SKUResponse\ncolor\n  String should have at most 50 characters [type=string_too_long, input_value='French Blue (Base), Must...d Ivory White (Accents)', input_type=str]\n    For further information visit https://errors.pydantic.dev/2.7/v/string_too_long"}
INFO:     127.0.0.1:57380 - "GET /api/v1/masters/skus HTTP/1.1" 500 Internal Server Error
ERROR:    Exception in ASGI application
  + Exception Group Traceback (most recent call last):
  |   File "/Users/sumatidhingra/Documents/AaramBooks/Aaram_Inventory/test_env/lib/python3.11/site-packages/starlette/_utils.py", line 87, in collapse_excgroups
  |     yield
  |   File "/Users/sumatidhingra/Documents/AaramBooks/Aaram_Inventory/test_env/lib/python3.11/site-packages/starlette/middleware/base.py", line 190, in __call__
  |     async with anyio.create_task_group() as task_group:
  |   File "/Users/sumatidhingra/Documents/AaramBooks/Aaram_Inventory/test_env/lib/python3.11/site-packages/anyio/_backends/_asyncio.py", line 815, in __aexit__
  |     raise BaseExceptionGroup(
  | ExceptionGroup: unhandled errors in a TaskGroup (1 sub-exception)
  +-+---------------- 1 ----------------
    | Traceback (most recent call last):
    |   File "/Users/sumatidhingra/Documents/AaramBooks/Aaram_Inventory/test_env/lib/python3.11/site-packages/uvicorn/protocols/http/httptools_impl.py", line 399, in run_asgi
    |     result = await app(  # type: ignore[func-returns-value]
    |              ^^^^^^^^^^^^^^^^^^^^^^^^^^^^^^^^^^^^^^^^^^^^^^
    |   File "/Users/sumatidhingra/Documents/AaramBooks/Aaram_Inventory/test_env/lib/python3.11/site-packages/uvicorn/middleware/proxy_headers.py", line 70, in __call__
    |     return await self.app(scope, receive, send)
    |            ^^^^^^^^^^^^^^^^^^^^^^^^^^^^^^^^^^^^
    |   File "/Users/sumatidhingra/Documents/AaramBooks/Aaram_Inventory/test_env/lib/python3.11/site-packages/fastapi/applications.py", line 1054, in __call__
    |     await super().__call__(scope, receive, send)
    |   File "/Users/sumatidhingra/Documents/AaramBooks/Aaram_Inventory/test_env/lib/python3.11/site-packages/starlette/applications.py", line 123, in __call__
    |     await self.middleware_stack(scope, receive, send)
    |   File "/Users/sumatidhingra/Documents/AaramBooks/Aaram_Inventory/test_env/lib/python3.11/site-packages/starlette/middleware/errors.py", line 186, in __call__
    |     raise exc
    |   File "/Users/sumatidhingra/Documents/AaramBooks/Aaram_Inventory/test_env/lib/python3.11/site-packages/starlette/middleware/errors.py", line 164, in __call__
    |     await self.app(scope, receive, _send)
    |   File "/Users/sumatidhingra/Documents/AaramBooks/Aaram_Inventory/test_env/lib/python3.11/site-packages/starlette/middleware/base.py", line 189, in __call__
    |     with collapse_excgroups():
    |   File "/Library/Frameworks/Python.framework/Versions/3.11/lib/python3.11/contextlib.py", line 158, in __exit__
    |     self.gen.throw(typ, value, traceback)
    |   File "/Users/sumatidhingra/Documents/AaramBooks/Aaram_Inventory/test_env/lib/python3.11/site-packages/starlette/_utils.py", line 93, in collapse_excgroups
    |     raise exc
    |   File "/Users/sumatidhingra/Documents/AaramBooks/Aaram_Inventory/test_env/lib/python3.11/site-packages/starlette/middleware/base.py", line 191, in __call__
    |     response = await self.dispatch_func(request, call_next)
    |                ^^^^^^^^^^^^^^^^^^^^^^^^^^^^^^^^^^^^^^^^^^^^
    |   File "/Users/sumatidhingra/Documents/AaramBooks/Aaram_Inventory/src/foundation/api/middleware.py", line 15, in dispatch
    |     response: Response = await call_next(request)
    |                          ^^^^^^^^^^^^^^^^^^^^^^^^
    |   File "/Users/sumatidhingra/Documents/AaramBooks/Aaram_Inventory/test_env/lib/python3.11/site-packages/starlette/middleware/base.py", line 165, in call_next
    |     raise app_exc
    |   File "/Users/sumatidhingra/Documents/AaramBooks/Aaram_Inventory/test_env/lib/python3.11/site-packages/starlette/middleware/base.py", line 151, in coro
    |     await self.app(scope, receive_or_disconnect, send_no_error)
    |   File "/Users/sumatidhingra/Documents/AaramBooks/Aaram_Inventory/test_env/lib/python3.11/site-packages/starlette/middleware/cors.py", line 93, in __call__
    |     await self.simple_response(scope, receive, send, request_headers=headers)
    |   File "/Users/sumatidhingra/Documents/AaramBooks/Aaram_Inventory/test_env/lib/python3.11/site-packages/starlette/middleware/cors.py", line 148, in simple_response
    |     await self.app(scope, receive, send)
    |   File "/Users/sumatidhingra/Documents/AaramBooks/Aaram_Inventory/test_env/lib/python3.11/site-packages/starlette/middleware/exceptions.py", line 65, in __call__
    |     await wrap_app_handling_exceptions(self.app, conn)(scope, receive, send)
    |   File "/Users/sumatidhingra/Documents/AaramBooks/Aaram_Inventory/test_env/lib/python3.11/site-packages/starlette/_exception_handler.py", line 64, in wrapped_app
    |     raise exc
    |   File "/Users/sumatidhingra/Documents/AaramBooks/Aaram_Inventory/test_env/lib/python3.11/site-packages/starlette/_exception_handler.py", line 53, in wrapped_app
    |     await app(scope, receive, sender)
    |   File "/Users/sumatidhingra/Documents/AaramBooks/Aaram_Inventory/test_env/lib/python3.11/site-packages/starlette/routing.py", line 756, in __call__
    |     await self.middleware_stack(scope, receive, send)
    |   File "/Users/sumatidhingra/Documents/AaramBooks/Aaram_Inventory/test_env/lib/python3.11/site-packages/starlette/routing.py", line 776, in app
    |     await route.handle(scope, receive, send)
    |   File "/Users/sumatidhingra/Documents/AaramBooks/Aaram_Inventory/test_env/lib/python3.11/site-packages/starlette/routing.py", line 297, in handle
    |     await self.app(scope, receive, send)
    |   File "/Users/sumatidhingra/Documents/AaramBooks/Aaram_Inventory/test_env/lib/python3.11/site-packages/starlette/routing.py", line 77, in app
    |     await wrap_app_handling_exceptions(app, request)(scope, receive, send)
    |   File "/Users/sumatidhingra/Documents/AaramBooks/Aaram_Inventory/test_env/lib/python3.11/site-packages/starlette/_exception_handler.py", line 64, in wrapped_app
    |     raise exc
    |   File "/Users/sumatidhingra/Documents/AaramBooks/Aaram_Inventory/test_env/lib/python3.11/site-packages/starlette/_exception_handler.py", line 53, in wrapped_app
    |     await app(scope, receive, sender)
    |   File "/Users/sumatidhingra/Documents/AaramBooks/Aaram_Inventory/test_env/lib/python3.11/site-packages/starlette/routing.py", line 72, in app
    |     response = await func(request)
    |                ^^^^^^^^^^^^^^^^^^^
    |   File "/Users/sumatidhingra/Documents/AaramBooks/Aaram_Inventory/test_env/lib/python3.11/site-packages/fastapi/routing.py", line 278, in app
    |     raw_response = await run_endpoint_function(
    |                    ^^^^^^^^^^^^^^^^^^^^^^^^^^^^
    |   File "/Users/sumatidhingra/Documents/AaramBooks/Aaram_Inventory/test_env/lib/python3.11/site-packages/fastapi/routing.py", line 191, in run_endpoint_function
    |     return await dependant.call(**values)
    |            ^^^^^^^^^^^^^^^^^^^^^^^^^^^^^^
    |   File "/Users/sumatidhingra/Documents/AaramBooks/Aaram_Inventory/test_env/lib/python3.11/site-packages/dependency_injector/wiring.py", line 994, in _patched
    |     return await _async_inject(
    |            ^^^^^^^^^^^^^^^^^^^^
    |   File "src/dependency_injector/_cwiring.pyx", line 66, in _async_inject
    |   File "/Users/sumatidhingra/Documents/AaramBooks/Aaram_Inventory/src/domains/masters/api/sku.py", line 22, in list_skus
    |     response_data = [SKUResponse.model_validate(sku, from_attributes=True) for sku in skus]
    |                     ^^^^^^^^^^^^^^^^^^^^^^^^^^^^^^^^^^^^^^^^^^^^^^^^^^^^^^^^^^^^^^^^^^^^^^^
    |   File "/Users/sumatidhingra/Documents/AaramBooks/Aaram_Inventory/src/domains/masters/api/sku.py", line 22, in <listcomp>
    |     response_data = [SKUResponse.model_validate(sku, from_attributes=True) for sku in skus]
    |                      ^^^^^^^^^^^^^^^^^^^^^^^^^^^^^^^^^^^^^^^^^^^^^^^^^^^^^
    |   File "/Users/sumatidhingra/Documents/AaramBooks/Aaram_Inventory/test_env/lib/python3.11/site-packages/pydantic/main.py", line 551, in model_validate
    |     return cls.__pydantic_validator__.validate_python(
    |            ^^^^^^^^^^^^^^^^^^^^^^^^^^^^^^^^^^^^^^^^^^^
    | pydantic_core._pydantic_core.ValidationError: 1 validation error for SKUResponse
    | color
    |   String should have at most 50 characters [type=string_too_long, input_value='French Blue (Base), Must...d Ivory White (Accents)', input_type=str]
    |     For further information visit https://errors.pydantic.dev/2.7/v/string_too_long
    +------------------------------------

During handling of the above exception, another exception occurred:

Traceback (most recent call last):
  File "/Users/sumatidhingra/Documents/AaramBooks/Aaram_Inventory/test_env/lib/python3.11/site-packages/uvicorn/protocols/http/httptools_impl.py", line 399, in run_asgi
    result = await app(  # type: ignore[func-returns-value]
             ^^^^^^^^^^^^^^^^^^^^^^^^^^^^^^^^^^^^^^^^^^^^^^
  File "/Users/sumatidhingra/Documents/AaramBooks/Aaram_Inventory/test_env/lib/python3.11/site-packages/uvicorn/middleware/proxy_headers.py", line 70, in __call__
    return await self.app(scope, receive, send)
           ^^^^^^^^^^^^^^^^^^^^^^^^^^^^^^^^^^^^
  File "/Users/sumatidhingra/Documents/AaramBooks/Aaram_Inventory/test_env/lib/python3.11/site-packages/fastapi/applications.py", line 1054, in __call__
    await super().__call__(scope, receive, send)
  File "/Users/sumatidhingra/Documents/AaramBooks/Aaram_Inventory/test_env/lib/python3.11/site-packages/starlette/applications.py", line 123, in __call__
    await self.middleware_stack(scope, receive, send)
  File "/Users/sumatidhingra/Documents/AaramBooks/Aaram_Inventory/test_env/lib/python3.11/site-packages/starlette/middleware/errors.py", line 186, in __call__
    raise exc
  File "/Users/sumatidhingra/Documents/AaramBooks/Aaram_Inventory/test_env/lib/python3.11/site-packages/starlette/middleware/errors.py", line 164, in __call__
    await self.app(scope, receive, _send)
  File "/Users/sumatidhingra/Documents/AaramBooks/Aaram_Inventory/test_env/lib/python3.11/site-packages/starlette/middleware/base.py", line 189, in __call__
    with collapse_excgroups():
  File "/Library/Frameworks/Python.framework/Versions/3.11/lib/python3.11/contextlib.py", line 158, in __exit__
    self.gen.throw(typ, value, traceback)
  File "/Users/sumatidhingra/Documents/AaramBooks/Aaram_Inventory/test_env/lib/python3.11/site-packages/starlette/_utils.py", line 93, in collapse_excgroups
    raise exc
  File "/Users/sumatidhingra/Documents/AaramBooks/Aaram_Inventory/test_env/lib/python3.11/site-packages/starlette/middleware/base.py", line 191, in __call__
    response = await self.dispatch_func(request, call_next)
               ^^^^^^^^^^^^^^^^^^^^^^^^^^^^^^^^^^^^^^^^^^^^
  File "/Users/sumatidhingra/Documents/AaramBooks/Aaram_Inventory/src/foundation/api/middleware.py", line 15, in dispatch
    response: Response = await call_next(request)
                         ^^^^^^^^^^^^^^^^^^^^^^^^
  File "/Users/sumatidhingra/Documents/AaramBooks/Aaram_Inventory/test_env/lib/python3.11/site-packages/starlette/middleware/base.py", line 165, in call_next
    raise app_exc
  File "/Users/sumatidhingra/Documents/AaramBooks/Aaram_Inventory/test_env/lib/python3.11/site-packages/starlette/middleware/base.py", line 151, in coro
    await self.app(scope, receive_or_disconnect, send_no_error)
  File "/Users/sumatidhingra/Documents/AaramBooks/Aaram_Inventory/test_env/lib/python3.11/site-packages/starlette/middleware/cors.py", line 93, in __call__
    await self.simple_response(scope, receive, send, request_headers=headers)
  File "/Users/sumatidhingra/Documents/AaramBooks/Aaram_Inventory/test_env/lib/python3.11/site-packages/starlette/middleware/cors.py", line 148, in simple_response
    await self.app(scope, receive, send)
  File "/Users/sumatidhingra/Documents/AaramBooks/Aaram_Inventory/test_env/lib/python3.11/site-packages/starlette/middleware/exceptions.py", line 65, in __call__
    await wrap_app_handling_exceptions(self.app, conn)(scope, receive, send)
  File "/Users/sumatidhingra/Documents/AaramBooks/Aaram_Inventory/test_env/lib/python3.11/site-packages/starlette/_exception_handler.py", line 64, in wrapped_app
    raise exc
  File "/Users/sumatidhingra/Documents/AaramBooks/Aaram_Inventory/test_env/lib/python3.11/site-packages/starlette/_exception_handler.py", line 53, in wrapped_app
    await app(scope, receive, sender)
  File "/Users/sumatidhingra/Documents/AaramBooks/Aaram_Inventory/test_env/lib/python3.11/site-packages/starlette/routing.py", line 756, in __call__
    await self.middleware_stack(scope, receive, send)
  File "/Users/sumatidhingra/Documents/AaramBooks/Aaram_Inventory/test_env/lib/python3.11/site-packages/starlette/routing.py", line 776, in app
    await route.handle(scope, receive, send)
  File "/Users/sumatidhingra/Documents/AaramBooks/Aaram_Inventory/test_env/lib/python3.11/site-packages/starlette/routing.py", line 297, in handle
    await self.app(scope, receive, send)
  File "/Users/sumatidhingra/Documents/AaramBooks/Aaram_Inventory/test_env/lib/python3.11/site-packages/starlette/routing.py", line 77, in app
    await wrap_app_handling_exceptions(app, request)(scope, receive, send)
  File "/Users/sumatidhingra/Documents/AaramBooks/Aaram_Inventory/test_env/lib/python3.11/site-packages/starlette/_exception_handler.py", line 64, in wrapped_app
    raise exc
  File "/Users/sumatidhingra/Documents/AaramBooks/Aaram_Inventory/test_env/lib/python3.11/site-packages/starlette/_exception_handler.py", line 53, in wrapped_app
    await app(scope, receive, sender)
  File "/Users/sumatidhingra/Documents/AaramBooks/Aaram_Inventory/test_env/lib/python3.11/site-packages/starlette/routing.py", line 72, in app
    response = await func(request)
               ^^^^^^^^^^^^^^^^^^^
  File "/Users/sumatidhingra/Documents/AaramBooks/Aaram_Inventory/test_env/lib/python3.11/site-packages/fastapi/routing.py", line 278, in app
    raw_response = await run_endpoint_function(
                   ^^^^^^^^^^^^^^^^^^^^^^^^^^^^
  File "/Users/sumatidhingra/Documents/AaramBooks/Aaram_Inventory/test_env/lib/python3.11/site-packages/fastapi/routing.py", line 191, in run_endpoint_function
    return await dependant.call(**values)
           ^^^^^^^^^^^^^^^^^^^^^^^^^^^^^^
  File "/Users/sumatidhingra/Documents/AaramBooks/Aaram_Inventory/test_env/lib/python3.11/site-packages/dependency_injector/wiring.py", line 994, in _patched
    return await _async_inject(
           ^^^^^^^^^^^^^^^^^^^^
  File "src/dependency_injector/_cwiring.pyx", line 66, in _async_inject
  File "/Users/sumatidhingra/Documents/AaramBooks/Aaram_Inventory/src/domains/masters/api/sku.py", line 22, in list_skus
    response_data = [SKUResponse.model_validate(sku, from_attributes=True) for sku in skus]
                    ^^^^^^^^^^^^^^^^^^^^^^^^^^^^^^^^^^^^^^^^^^^^^^^^^^^^^^^^^^^^^^^^^^^^^^^
  File "/Users/sumatidhingra/Documents/AaramBooks/Aaram_Inventory/src/domains/masters/api/sku.py", line 22, in <listcomp>
    response_data = [SKUResponse.model_validate(sku, from_attributes=True) for sku in skus]
                     ^^^^^^^^^^^^^^^^^^^^^^^^^^^^^^^^^^^^^^^^^^^^^^^^^^^^^
  File "/Users/sumatidhingra/Documents/AaramBooks/Aaram_Inventory/test_env/lib/python3.11/site-packages/pydantic/main.py", line 551, in model_validate
    return cls.__pydantic_validator__.validate_python(
           ^^^^^^^^^^^^^^^^^^^^^^^^^^^^^^^^^^^^^^^^^^^
pydantic_core._pydantic_core.ValidationError: 1 validation error for SKUResponse
color
  String should have at most 50 characters [type=string_too_long, input_value='French Blue (Base), Must...d Ivory White (Accents)', input_type=str]
    For further information visit https://errors.pydantic.dev/2.7/v/string_too_long
{"timestamp": "2026-08-06T10:23:42.326566+00:00Z", "level": "WARNING", "logger": "foundation.exceptions", "message": "HTTP Exception: 401 - Not authenticated", "module": "handlers", "function": "http_exception_handler", "line": 39, "request_id": "06a7460a-e538-750d-8000-3cb2454b8cfe"}
INFO:     127.0.0.1:57434 - "GET /api/v1/masters/skus HTTP/1.1" 401 Unauthorized
{"timestamp": "2026-08-06T10:23:50.786922+00:00Z", "level": "ERROR", "logger": "foundation.exceptions", "message": "Unhandled Exception: 1 validation error for SKUResponse\ncolor\n  String should have at most 50 characters [type=string_too_long, input_value='French Blue (Base), Must...d Ivory White (Accents)', input_type=str]\n    For further information visit https://errors.pydantic.dev/2.7/v/string_too_long", "module": "handlers", "function": "unhandled_exception_handler", "line": 47, "request_id": "06a7460b-6c5f-7e54-8000-55ff73d623b5", "exception": "  + Exception Group Traceback (most recent call last):\n  |   File \"/Users/sumatidhingra/Documents/AaramBooks/Aaram_Inventory/test_env/lib/python3.11/site-packages/starlette/_utils.py\", line 87, in collapse_excgroups\n  |     yield\n  |   File \"/Users/sumatidhingra/Documents/AaramBooks/Aaram_Inventory/test_env/lib/python3.11/site-packages/starlette/middleware/base.py\", line 190, in __call__\n  |     async with anyio.create_task_group() as task_group:\n  |   File \"/Users/sumatidhingra/Documents/AaramBooks/Aaram_Inventory/test_env/lib/python3.11/site-packages/anyio/_backends/_asyncio.py\", line 815, in __aexit__\n  |     raise BaseExceptionGroup(\n  | ExceptionGroup: unhandled errors in a TaskGroup (1 sub-exception)\n  +-+---------------- 1 ----------------\n    | Traceback (most recent call last):\n    |   File \"/Users/sumatidhingra/Documents/AaramBooks/Aaram_Inventory/test_env/lib/python3.11/site-packages/starlette/middleware/errors.py\", line 164, in __call__\n    |     await self.app(scope, receive, _send)\n    |   File \"/Users/sumatidhingra/Documents/AaramBooks/Aaram_Inventory/test_env/lib/python3.11/site-packages/starlette/middleware/base.py\", line 189, in __call__\n    |     with collapse_excgroups():\n    |   File \"/Library/Frameworks/Python.framework/Versions/3.11/lib/python3.11/contextlib.py\", line 158, in __exit__\n    |     self.gen.throw(typ, value, traceback)\n    |   File \"/Users/sumatidhingra/Documents/AaramBooks/Aaram_Inventory/test_env/lib/python3.11/site-packages/starlette/_utils.py\", line 93, in collapse_excgroups\n    |     raise exc\n    |   File \"/Users/sumatidhingra/Documents/AaramBooks/Aaram_Inventory/test_env/lib/python3.11/site-packages/starlette/middleware/base.py\", line 191, in __call__\n    |     response = await self.dispatch_func(request, call_next)\n    |                ^^^^^^^^^^^^^^^^^^^^^^^^^^^^^^^^^^^^^^^^^^^^\n    |   File \"/Users/sumatidhingra/Documents/AaramBooks/Aaram_Inventory/src/foundation/api/middleware.py\", line 15, in dispatch\n    |     response: Response = await call_next(request)\n    |                          ^^^^^^^^^^^^^^^^^^^^^^^^\n    |   File \"/Users/sumatidhingra/Documents/AaramBooks/Aaram_Inventory/test_env/lib/python3.11/site-packages/starlette/middleware/base.py\", line 165, in call_next\n    |     raise app_exc\n    |   File \"/Users/sumatidhingra/Documents/AaramBooks/Aaram_Inventory/test_env/lib/python3.11/site-packages/starlette/middleware/base.py\", line 151, in coro\n    |     await self.app(scope, receive_or_disconnect, send_no_error)\n    |   File \"/Users/sumatidhingra/Documents/AaramBooks/Aaram_Inventory/test_env/lib/python3.11/site-packages/starlette/middleware/cors.py\", line 85, in __call__\n    |     await self.app(scope, receive, send)\n    |   File \"/Users/sumatidhingra/Documents/AaramBooks/Aaram_Inventory/test_env/lib/python3.11/site-packages/starlette/middleware/exceptions.py\", line 65, in __call__\n    |     await wrap_app_handling_exceptions(self.app, conn)(scope, receive, send)\n    |   File \"/Users/sumatidhingra/Documents/AaramBooks/Aaram_Inventory/test_env/lib/python3.11/site-packages/starlette/_exception_handler.py\", line 64, in wrapped_app\n    |     raise exc\n    |   File \"/Users/sumatidhingra/Documents/AaramBooks/Aaram_Inventory/test_env/lib/python3.11/site-packages/starlette/_exception_handler.py\", line 53, in wrapped_app\n    |     await app(scope, receive, sender)\n    |   File \"/Users/sumatidhingra/Documents/AaramBooks/Aaram_Inventory/test_env/lib/python3.11/site-packages/starlette/routing.py\", line 756, in __call__\n    |     await self.middleware_stack(scope, receive, send)\n    |   File \"/Users/sumatidhingra/Documents/AaramBooks/Aaram_Inventory/test_env/lib/python3.11/site-packages/starlette/routing.py\", line 776, in app\n    |     await route.handle(scope, receive, send)\n    |   File \"/Users/sumatidhingra/Documents/AaramBooks/Aaram_Inventory/test_env/lib/python3.11/site-packages/starlette/routing.py\", line 297, in handle\n    |     await self.app(scope, receive, send)\n    |   File \"/Users/sumatidhingra/Documents/AaramBooks/Aaram_Inventory/test_env/lib/python3.11/site-packages/starlette/routing.py\", line 77, in app\n    |     await wrap_app_handling_exceptions(app, request)(scope, receive, send)\n    |   File \"/Users/sumatidhingra/Documents/AaramBooks/Aaram_Inventory/test_env/lib/python3.11/site-packages/starlette/_exception_handler.py\", line 64, in wrapped_app\n    |     raise exc\n    |   File \"/Users/sumatidhingra/Documents/AaramBooks/Aaram_Inventory/test_env/lib/python3.11/site-packages/starlette/_exception_handler.py\", line 53, in wrapped_app\n    |     await app(scope, receive, sender)\n    |   File \"/Users/sumatidhingra/Documents/AaramBooks/Aaram_Inventory/test_env/lib/python3.11/site-packages/starlette/routing.py\", line 72, in app\n    |     response = await func(request)\n    |                ^^^^^^^^^^^^^^^^^^^\n    |   File \"/Users/sumatidhingra/Documents/AaramBooks/Aaram_Inventory/test_env/lib/python3.11/site-packages/fastapi/routing.py\", line 278, in app\n    |     raw_response = await run_endpoint_function(\n    |                    ^^^^^^^^^^^^^^^^^^^^^^^^^^^^\n    |   File \"/Users/sumatidhingra/Documents/AaramBooks/Aaram_Inventory/test_env/lib/python3.11/site-packages/fastapi/routing.py\", line 191, in run_endpoint_function\n    |     return await dependant.call(**values)\n    |            ^^^^^^^^^^^^^^^^^^^^^^^^^^^^^^\n    |   File \"/Users/sumatidhingra/Documents/AaramBooks/Aaram_Inventory/test_env/lib/python3.11/site-packages/dependency_injector/wiring.py\", line 994, in _patched\n    |     return await _async_inject(\n    |            ^^^^^^^^^^^^^^^^^^^^\n    |   File \"src/dependency_injector/_cwiring.pyx\", line 66, in _async_inject\n    |   File \"/Users/sumatidhingra/Documents/AaramBooks/Aaram_Inventory/src/domains/masters/api/sku.py\", line 22, in list_skus\n    |     response_data = [SKUResponse.model_validate(sku, from_attributes=True) for sku in skus]\n    |                     ^^^^^^^^^^^^^^^^^^^^^^^^^^^^^^^^^^^^^^^^^^^^^^^^^^^^^^^^^^^^^^^^^^^^^^^\n    |   File \"/Users/sumatidhingra/Documents/AaramBooks/Aaram_Inventory/src/domains/masters/api/sku.py\", line 22, in <listcomp>\n    |     response_data = [SKUResponse.model_validate(sku, from_attributes=True) for sku in skus]\n    |                      ^^^^^^^^^^^^^^^^^^^^^^^^^^^^^^^^^^^^^^^^^^^^^^^^^^^^^\n    |   File \"/Users/sumatidhingra/Documents/AaramBooks/Aaram_Inventory/test_env/lib/python3.11/site-packages/pydantic/main.py\", line 551, in model_validate\n    |     return cls.__pydantic_validator__.validate_python(\n    |            ^^^^^^^^^^^^^^^^^^^^^^^^^^^^^^^^^^^^^^^^^^^\n    | pydantic_core._pydantic_core.ValidationError: 1 validation error for SKUResponse\n    | color\n    |   String should have at most 50 characters [type=string_too_long, input_value='French Blue (Base), Must...d Ivory White (Accents)', input_type=str]\n    |     For further information visit https://errors.pydantic.dev/2.7/v/string_too_long\n    +------------------------------------\n\nDuring handling of the above exception, another exception occurred:\n\nTraceback (most recent call last):\n  File \"/Users/sumatidhingra/Documents/AaramBooks/Aaram_Inventory/test_env/lib/python3.11/site-packages/starlette/middleware/errors.py\", line 164, in __call__\n    await self.app(scope, receive, _send)\n  File \"/Users/sumatidhingra/Documents/AaramBooks/Aaram_Inventory/test_env/lib/python3.11/site-packages/starlette/middleware/base.py\", line 189, in __call__\n    with collapse_excgroups():\n  File \"/Library/Frameworks/Python.framework/Versions/3.11/lib/python3.11/contextlib.py\", line 158, in __exit__\n    self.gen.throw(typ, value, traceback)\n  File \"/Users/sumatidhingra/Documents/AaramBooks/Aaram_Inventory/test_env/lib/python3.11/site-packages/starlette/_utils.py\", line 93, in collapse_excgroups\n    raise exc\n  File \"/Users/sumatidhingra/Documents/AaramBooks/Aaram_Inventory/test_env/lib/python3.11/site-packages/starlette/middleware/base.py\", line 191, in __call__\n    response = await self.dispatch_func(request, call_next)\n               ^^^^^^^^^^^^^^^^^^^^^^^^^^^^^^^^^^^^^^^^^^^^\n  File \"/Users/sumatidhingra/Documents/AaramBooks/Aaram_Inventory/src/foundation/api/middleware.py\", line 15, in dispatch\n    response: Response = await call_next(request)\n                         ^^^^^^^^^^^^^^^^^^^^^^^^\n  File \"/Users/sumatidhingra/Documents/AaramBooks/Aaram_Inventory/test_env/lib/python3.11/site-packages/starlette/middleware/base.py\", line 165, in call_next\n    raise app_exc\n  File \"/Users/sumatidhingra/Documents/AaramBooks/Aaram_Inventory/test_env/lib/python3.11/site-packages/starlette/middleware/base.py\", line 151, in coro\n    await self.app(scope, receive_or_disconnect, send_no_error)\n  File \"/Users/sumatidhingra/Documents/AaramBooks/Aaram_Inventory/test_env/lib/python3.11/site-packages/starlette/middleware/cors.py\", line 85, in __call__\n    await self.app(scope, receive, send)\n  File \"/Users/sumatidhingra/Documents/AaramBooks/Aaram_Inventory/test_env/lib/python3.11/site-packages/starlette/middleware/exceptions.py\", line 65, in __call__\n    await wrap_app_handling_exceptions(self.app, conn)(scope, receive, send)\n  File \"/Users/sumatidhingra/Documents/AaramBooks/Aaram_Inventory/test_env/lib/python3.11/site-packages/starlette/_exception_handler.py\", line 64, in wrapped_app\n    raise exc\n  File \"/Users/sumatidhingra/Documents/AaramBooks/Aaram_Inventory/test_env/lib/python3.11/site-packages/starlette/_exception_handler.py\", line 53, in wrapped_app\n    await app(scope, receive, sender)\n  File \"/Users/sumatidhingra/Documents/AaramBooks/Aaram_Inventory/test_env/lib/python3.11/site-packages/starlette/routing.py\", line 756, in __call__\n    await self.middleware_stack(scope, receive, send)\n  File \"/Users/sumatidhingra/Documents/AaramBooks/Aaram_Inventory/test_env/lib/python3.11/site-packages/starlette/routing.py\", line 776, in app\n    await route.handle(scope, receive, send)\n  File \"/Users/sumatidhingra/Documents/AaramBooks/Aaram_Inventory/test_env/lib/python3.11/site-packages/starlette/routing.py\", line 297, in handle\n    await self.app(scope, receive, send)\n  File \"/Users/sumatidhingra/Documents/AaramBooks/Aaram_Inventory/test_env/lib/python3.11/site-packages/starlette/routing.py\", line 77, in app\n    await wrap_app_handling_exceptions(app, request)(scope, receive, send)\n  File \"/Users/sumatidhingra/Documents/AaramBooks/Aaram_Inventory/test_env/lib/python3.11/site-packages/starlette/_exception_handler.py\", line 64, in wrapped_app\n    raise exc\n  File \"/Users/sumatidhingra/Documents/AaramBooks/Aaram_Inventory/test_env/lib/python3.11/site-packages/starlette/_exception_handler.py\", line 53, in wrapped_app\n    await app(scope, receive, sender)\n  File \"/Users/sumatidhingra/Documents/AaramBooks/Aaram_Inventory/test_env/lib/python3.11/site-packages/starlette/routing.py\", line 72, in app\n    response = await func(request)\n               ^^^^^^^^^^^^^^^^^^^\n  File \"/Users/sumatidhingra/Documents/AaramBooks/Aaram_Inventory/test_env/lib/python3.11/site-packages/fastapi/routing.py\", line 278, in app\n    raw_response = await run_endpoint_function(\n                   ^^^^^^^^^^^^^^^^^^^^^^^^^^^^\n  File \"/Users/sumatidhingra/Documents/AaramBooks/Aaram_Inventory/test_env/lib/python3.11/site-packages/fastapi/routing.py\", line 191, in run_endpoint_function\n    return await dependant.call(**values)\n           ^^^^^^^^^^^^^^^^^^^^^^^^^^^^^^\n  File \"/Users/sumatidhingra/Documents/AaramBooks/Aaram_Inventory/test_env/lib/python3.11/site-packages/dependency_injector/wiring.py\", line 994, in _patched\n    return await _async_inject(\n           ^^^^^^^^^^^^^^^^^^^^\n  File \"src/dependency_injector/_cwiring.pyx\", line 66, in _async_inject\n  File \"/Users/sumatidhingra/Documents/AaramBooks/Aaram_Inventory/src/domains/masters/api/sku.py\", line 22, in list_skus\n    response_data = [SKUResponse.model_validate(sku, from_attributes=True) for sku in skus]\n                    ^^^^^^^^^^^^^^^^^^^^^^^^^^^^^^^^^^^^^^^^^^^^^^^^^^^^^^^^^^^^^^^^^^^^^^^\n  File \"/Users/sumatidhingra/Documents/AaramBooks/Aaram_Inventory/src/domains/masters/api/sku.py\", line 22, in <listcomp>\n    response_data = [SKUResponse.model_validate(sku, from_attributes=True) for sku in skus]\n                     ^^^^^^^^^^^^^^^^^^^^^^^^^^^^^^^^^^^^^^^^^^^^^^^^^^^^^\n  File \"/Users/sumatidhingra/Documents/AaramBooks/Aaram_Inventory/test_env/lib/python3.11/site-packages/pydantic/main.py\", line 551, in model_validate\n    return cls.__pydantic_validator__.validate_python(\n           ^^^^^^^^^^^^^^^^^^^^^^^^^^^^^^^^^^^^^^^^^^^\npydantic_core._pydantic_core.ValidationError: 1 validation error for SKUResponse\ncolor\n  String should have at most 50 characters [type=string_too_long, input_value='French Blue (Base), Must...d Ivory White (Accents)', input_type=str]\n    For further information visit https://errors.pydantic.dev/2.7/v/string_too_long"}
INFO:     127.0.0.1:57439 - "GET /api/v1/masters/skus HTTP/1.1" 500 Internal Server Error
ERROR:    Exception in ASGI application
  + Exception Group Traceback (most recent call last):
  |   File "/Users/sumatidhingra/Documents/AaramBooks/Aaram_Inventory/test_env/lib/python3.11/site-packages/starlette/_utils.py", line 87, in collapse_excgroups
  |     yield
  |   File "/Users/sumatidhingra/Documents/AaramBooks/Aaram_Inventory/test_env/lib/python3.11/site-packages/starlette/middleware/base.py", line 190, in __call__
  |     async with anyio.create_task_group() as task_group:
  |   File "/Users/sumatidhingra/Documents/AaramBooks/Aaram_Inventory/test_env/lib/python3.11/site-packages/anyio/_backends/_asyncio.py", line 815, in __aexit__
  |     raise BaseExceptionGroup(
  | ExceptionGroup: unhandled errors in a TaskGroup (1 sub-exception)
  +-+---------------- 1 ----------------
    | Traceback (most recent call last):
    |   File "/Users/sumatidhingra/Documents/AaramBooks/Aaram_Inventory/test_env/lib/python3.11/site-packages/uvicorn/protocols/http/httptools_impl.py", line 399, in run_asgi
    |     result = await app(  # type: ignore[func-returns-value]
    |              ^^^^^^^^^^^^^^^^^^^^^^^^^^^^^^^^^^^^^^^^^^^^^^
    |   File "/Users/sumatidhingra/Documents/AaramBooks/Aaram_Inventory/test_env/lib/python3.11/site-packages/uvicorn/middleware/proxy_headers.py", line 70, in __call__
    |     return await self.app(scope, receive, send)
    |            ^^^^^^^^^^^^^^^^^^^^^^^^^^^^^^^^^^^^
    |   File "/Users/sumatidhingra/Documents/AaramBooks/Aaram_Inventory/test_env/lib/python3.11/site-packages/fastapi/applications.py", line 1054, in __call__
    |     await super().__call__(scope, receive, send)
    |   File "/Users/sumatidhingra/Documents/AaramBooks/Aaram_Inventory/test_env/lib/python3.11/site-packages/starlette/applications.py", line 123, in __call__
    |     await self.middleware_stack(scope, receive, send)
    |   File "/Users/sumatidhingra/Documents/AaramBooks/Aaram_Inventory/test_env/lib/python3.11/site-packages/starlette/middleware/errors.py", line 186, in __call__
    |     raise exc
    |   File "/Users/sumatidhingra/Documents/AaramBooks/Aaram_Inventory/test_env/lib/python3.11/site-packages/starlette/middleware/errors.py", line 164, in __call__
    |     await self.app(scope, receive, _send)
    |   File "/Users/sumatidhingra/Documents/AaramBooks/Aaram_Inventory/test_env/lib/python3.11/site-packages/starlette/middleware/base.py", line 189, in __call__
    |     with collapse_excgroups():
    |   File "/Library/Frameworks/Python.framework/Versions/3.11/lib/python3.11/contextlib.py", line 158, in __exit__
    |     self.gen.throw(typ, value, traceback)
    |   File "/Users/sumatidhingra/Documents/AaramBooks/Aaram_Inventory/test_env/lib/python3.11/site-packages/starlette/_utils.py", line 93, in collapse_excgroups
    |     raise exc
    |   File "/Users/sumatidhingra/Documents/AaramBooks/Aaram_Inventory/test_env/lib/python3.11/site-packages/starlette/middleware/base.py", line 191, in __call__
    |     response = await self.dispatch_func(request, call_next)
    |                ^^^^^^^^^^^^^^^^^^^^^^^^^^^^^^^^^^^^^^^^^^^^
    |   File "/Users/sumatidhingra/Documents/AaramBooks/Aaram_Inventory/src/foundation/api/middleware.py", line 15, in dispatch
    |     response: Response = await call_next(request)
    |                          ^^^^^^^^^^^^^^^^^^^^^^^^
    |   File "/Users/sumatidhingra/Documents/AaramBooks/Aaram_Inventory/test_env/lib/python3.11/site-packages/starlette/middleware/base.py", line 165, in call_next
    |     raise app_exc
    |   File "/Users/sumatidhingra/Documents/AaramBooks/Aaram_Inventory/test_env/lib/python3.11/site-packages/starlette/middleware/base.py", line 151, in coro
    |     await self.app(scope, receive_or_disconnect, send_no_error)
    |   File "/Users/sumatidhingra/Documents/AaramBooks/Aaram_Inventory/test_env/lib/python3.11/site-packages/starlette/middleware/cors.py", line 85, in __call__
    |     await self.app(scope, receive, send)
    |   File "/Users/sumatidhingra/Documents/AaramBooks/Aaram_Inventory/test_env/lib/python3.11/site-packages/starlette/middleware/exceptions.py", line 65, in __call__
    |     await wrap_app_handling_exceptions(self.app, conn)(scope, receive, send)
    |   File "/Users/sumatidhingra/Documents/AaramBooks/Aaram_Inventory/test_env/lib/python3.11/site-packages/starlette/_exception_handler.py", line 64, in wrapped_app
    |     raise exc
    |   File "/Users/sumatidhingra/Documents/AaramBooks/Aaram_Inventory/test_env/lib/python3.11/site-packages/starlette/_exception_handler.py", line 53, in wrapped_app
    |     await app(scope, receive, sender)
    |   File "/Users/sumatidhingra/Documents/AaramBooks/Aaram_Inventory/test_env/lib/python3.11/site-packages/starlette/routing.py", line 756, in __call__
    |     await self.middleware_stack(scope, receive, send)
    |   File "/Users/sumatidhingra/Documents/AaramBooks/Aaram_Inventory/test_env/lib/python3.11/site-packages/starlette/routing.py", line 776, in app
    |     await route.handle(scope, receive, send)
    |   File "/Users/sumatidhingra/Documents/AaramBooks/Aaram_Inventory/test_env/lib/python3.11/site-packages/starlette/routing.py", line 297, in handle
    |     await self.app(scope, receive, send)
    |   File "/Users/sumatidhingra/Documents/AaramBooks/Aaram_Inventory/test_env/lib/python3.11/site-packages/starlette/routing.py", line 77, in app
    |     await wrap_app_handling_exceptions(app, request)(scope, receive, send)
    |   File "/Users/sumatidhingra/Documents/AaramBooks/Aaram_Inventory/test_env/lib/python3.11/site-packages/starlette/_exception_handler.py", line 64, in wrapped_app
    |     raise exc
    |   File "/Users/sumatidhingra/Documents/AaramBooks/Aaram_Inventory/test_env/lib/python3.11/site-packages/starlette/_exception_handler.py", line 53, in wrapped_app
    |     await app(scope, receive, sender)
    |   File "/Users/sumatidhingra/Documents/AaramBooks/Aaram_Inventory/test_env/lib/python3.11/site-packages/starlette/routing.py", line 72, in app
    |     response = await func(request)
    |                ^^^^^^^^^^^^^^^^^^^
    |   File "/Users/sumatidhingra/Documents/AaramBooks/Aaram_Inventory/test_env/lib/python3.11/site-packages/fastapi/routing.py", line 278, in app
    |     raw_response = await run_endpoint_function(
    |                    ^^^^^^^^^^^^^^^^^^^^^^^^^^^^
    |   File "/Users/sumatidhingra/Documents/AaramBooks/Aaram_Inventory/test_env/lib/python3.11/site-packages/fastapi/routing.py", line 191, in run_endpoint_function
    |     return await dependant.call(**values)
    |            ^^^^^^^^^^^^^^^^^^^^^^^^^^^^^^
    |   File "/Users/sumatidhingra/Documents/AaramBooks/Aaram_Inventory/test_env/lib/python3.11/site-packages/dependency_injector/wiring.py", line 994, in _patched
    |     return await _async_inject(
    |            ^^^^^^^^^^^^^^^^^^^^
    |   File "src/dependency_injector/_cwiring.pyx", line 66, in _async_inject
    |   File "/Users/sumatidhingra/Documents/AaramBooks/Aaram_Inventory/src/domains/masters/api/sku.py", line 22, in list_skus
    |     response_data = [SKUResponse.model_validate(sku, from_attributes=True) for sku in skus]
    |                     ^^^^^^^^^^^^^^^^^^^^^^^^^^^^^^^^^^^^^^^^^^^^^^^^^^^^^^^^^^^^^^^^^^^^^^^
    |   File "/Users/sumatidhingra/Documents/AaramBooks/Aaram_Inventory/src/domains/masters/api/sku.py", line 22, in <listcomp>
    |     response_data = [SKUResponse.model_validate(sku, from_attributes=True) for sku in skus]
    |                      ^^^^^^^^^^^^^^^^^^^^^^^^^^^^^^^^^^^^^^^^^^^^^^^^^^^^^
    |   File "/Users/sumatidhingra/Documents/AaramBooks/Aaram_Inventory/test_env/lib/python3.11/site-packages/pydantic/main.py", line 551, in model_validate
    |     return cls.__pydantic_validator__.validate_python(
    |            ^^^^^^^^^^^^^^^^^^^^^^^^^^^^^^^^^^^^^^^^^^^
    | pydantic_core._pydantic_core.ValidationError: 1 validation error for SKUResponse
    | color
    |   String should have at most 50 characters [type=string_too_long, input_value='French Blue (Base), Must...d Ivory White (Accents)', input_type=str]
    |     For further information visit https://errors.pydantic.dev/2.7/v/string_too_long
    +------------------------------------

During handling of the above exception, another exception occurred:

Traceback (most recent call last):
  File "/Users/sumatidhingra/Documents/AaramBooks/Aaram_Inventory/test_env/lib/python3.11/site-packages/uvicorn/protocols/http/httptools_impl.py", line 399, in run_asgi
    result = await app(  # type: ignore[func-returns-value]
             ^^^^^^^^^^^^^^^^^^^^^^^^^^^^^^^^^^^^^^^^^^^^^^
  File "/Users/sumatidhingra/Documents/AaramBooks/Aaram_Inventory/test_env/lib/python3.11/site-packages/uvicorn/middleware/proxy_headers.py", line 70, in __call__
    return await self.app(scope, receive, send)
           ^^^^^^^^^^^^^^^^^^^^^^^^^^^^^^^^^^^^
  File "/Users/sumatidhingra/Documents/AaramBooks/Aaram_Inventory/test_env/lib/python3.11/site-packages/fastapi/applications.py", line 1054, in __call__
    await super().__call__(scope, receive, send)
  File "/Users/sumatidhingra/Documents/AaramBooks/Aaram_Inventory/test_env/lib/python3.11/site-packages/starlette/applications.py", line 123, in __call__
    await self.middleware_stack(scope, receive, send)
  File "/Users/sumatidhingra/Documents/AaramBooks/Aaram_Inventory/test_env/lib/python3.11/site-packages/starlette/middleware/errors.py", line 186, in __call__
    raise exc
  File "/Users/sumatidhingra/Documents/AaramBooks/Aaram_Inventory/test_env/lib/python3.11/site-packages/starlette/middleware/errors.py", line 164, in __call__
    await self.app(scope, receive, _send)
  File "/Users/sumatidhingra/Documents/AaramBooks/Aaram_Inventory/test_env/lib/python3.11/site-packages/starlette/middleware/base.py", line 189, in __call__
    with collapse_excgroups():
  File "/Library/Frameworks/Python.framework/Versions/3.11/lib/python3.11/contextlib.py", line 158, in __exit__
    self.gen.throw(typ, value, traceback)
  File "/Users/sumatidhingra/Documents/AaramBooks/Aaram_Inventory/test_env/lib/python3.11/site-packages/starlette/_utils.py", line 93, in collapse_excgroups
    raise exc
  File "/Users/sumatidhingra/Documents/AaramBooks/Aaram_Inventory/test_env/lib/python3.11/site-packages/starlette/middleware/base.py", line 191, in __call__
    response = await self.dispatch_func(request, call_next)
               ^^^^^^^^^^^^^^^^^^^^^^^^^^^^^^^^^^^^^^^^^^^^
  File "/Users/sumatidhingra/Documents/AaramBooks/Aaram_Inventory/src/foundation/api/middleware.py", line 15, in dispatch
    response: Response = await call_next(request)
                         ^^^^^^^^^^^^^^^^^^^^^^^^
  File "/Users/sumatidhingra/Documents/AaramBooks/Aaram_Inventory/test_env/lib/python3.11/site-packages/starlette/middleware/base.py", line 165, in call_next
    raise app_exc
  File "/Users/sumatidhingra/Documents/AaramBooks/Aaram_Inventory/test_env/lib/python3.11/site-packages/starlette/middleware/base.py", line 151, in coro
    await self.app(scope, receive_or_disconnect, send_no_error)
  File "/Users/sumatidhingra/Documents/AaramBooks/Aaram_Inventory/test_env/lib/python3.11/site-packages/starlette/middleware/cors.py", line 85, in __call__
    await self.app(scope, receive, send)
  File "/Users/sumatidhingra/Documents/AaramBooks/Aaram_Inventory/test_env/lib/python3.11/site-packages/starlette/middleware/exceptions.py", line 65, in __call__
    await wrap_app_handling_exceptions(self.app, conn)(scope, receive, send)
  File "/Users/sumatidhingra/Documents/AaramBooks/Aaram_Inventory/test_env/lib/python3.11/site-packages/starlette/_exception_handler.py", line 64, in wrapped_app
    raise exc
  File "/Users/sumatidhingra/Documents/AaramBooks/Aaram_Inventory/test_env/lib/python3.11/site-packages/starlette/_exception_handler.py", line 53, in wrapped_app
    await app(scope, receive, sender)
  File "/Users/sumatidhingra/Documents/AaramBooks/Aaram_Inventory/test_env/lib/python3.11/site-packages/starlette/routing.py", line 756, in __call__
    await self.middleware_stack(scope, receive, send)
  File "/Users/sumatidhingra/Documents/AaramBooks/Aaram_Inventory/test_env/lib/python3.11/site-packages/starlette/routing.py", line 776, in app
    await route.handle(scope, receive, send)
  File "/Users/sumatidhingra/Documents/AaramBooks/Aaram_Inventory/test_env/lib/python3.11/site-packages/starlette/routing.py", line 297, in handle
    await self.app(scope, receive, send)
  File "/Users/sumatidhingra/Documents/AaramBooks/Aaram_Inventory/test_env/lib/python3.11/site-packages/starlette/routing.py", line 77, in app
    await wrap_app_handling_exceptions(app, request)(scope, receive, send)
  File "/Users/sumatidhingra/Documents/AaramBooks/Aaram_Inventory/test_env/lib/python3.11/site-packages/starlette/_exception_handler.py", line 64, in wrapped_app
    raise exc
  File "/Users/sumatidhingra/Documents/AaramBooks/Aaram_Inventory/test_env/lib/python3.11/site-packages/starlette/_exception_handler.py", line 53, in wrapped_app
    await app(scope, receive, sender)
  File "/Users/sumatidhingra/Documents/AaramBooks/Aaram_Inventory/test_env/lib/python3.11/site-packages/starlette/routing.py", line 72, in app
    response = await func(request)
               ^^^^^^^^^^^^^^^^^^^
  File "/Users/sumatidhingra/Documents/AaramBooks/Aaram_Inventory/test_env/lib/python3.11/site-packages/fastapi/routing.py", line 278, in app
    raw_response = await run_endpoint_function(
                   ^^^^^^^^^^^^^^^^^^^^^^^^^^^^
  File "/Users/sumatidhingra/Documents/AaramBooks/Aaram_Inventory/test_env/lib/python3.11/site-packages/fastapi/routing.py", line 191, in run_endpoint_function
    return await dependant.call(**values)
           ^^^^^^^^^^^^^^^^^^^^^^^^^^^^^^
  File "/Users/sumatidhingra/Documents/AaramBooks/Aaram_Inventory/test_env/lib/python3.11/site-packages/dependency_injector/wiring.py", line 994, in _patched
    return await _async_inject(
           ^^^^^^^^^^^^^^^^^^^^
  File "src/dependency_injector/_cwiring.pyx", line 66, in _async_inject
  File "/Users/sumatidhingra/Documents/AaramBooks/Aaram_Inventory/src/domains/masters/api/sku.py", line 22, in list_skus
    response_data = [SKUResponse.model_validate(sku, from_attributes=True) for sku in skus]
                    ^^^^^^^^^^^^^^^^^^^^^^^^^^^^^^^^^^^^^^^^^^^^^^^^^^^^^^^^^^^^^^^^^^^^^^^
  File "/Users/sumatidhingra/Documents/AaramBooks/Aaram_Inventory/src/domains/masters/api/sku.py", line 22, in <listcomp>
    response_data = [SKUResponse.model_validate(sku, from_attributes=True) for sku in skus]
                     ^^^^^^^^^^^^^^^^^^^^^^^^^^^^^^^^^^^^^^^^^^^^^^^^^^^^^
  File "/Users/sumatidhingra/Documents/AaramBooks/Aaram_Inventory/test_env/lib/python3.11/site-packages/pydantic/main.py", line 551, in model_validate
    return cls.__pydantic_validator__.validate_python(
           ^^^^^^^^^^^^^^^^^^^^^^^^^^^^^^^^^^^^^^^^^^^
pydantic_core._pydantic_core.ValidationError: 1 validation error for SKUResponse
color
  String should have at most 50 characters [type=string_too_long, input_value='French Blue (Base), Must...d Ivory White (Accents)', input_type=str]
    For further information visit https://errors.pydantic.dev/2.7/v/string_too_long
{"timestamp": "2026-08-06T10:24:30.317047+00:00Z", "level": "ERROR", "logger": "foundation.exceptions", "message": "Unhandled Exception: 1 validation error for SKUResponse\ncolor\n  String should have at most 50 characters [type=string_too_long, input_value='French Blue (Base), Must...d Ivory White (Accents)', input_type=str]\n    For further information visit https://errors.pydantic.dev/2.7/v/string_too_long", "module": "handlers", "function": "unhandled_exception_handler", "line": 47, "request_id": "06a7460d-e4ca-703c-8000-8133fb9d841f", "exception": "  + Exception Group Traceback (most recent call last):\n  |   File \"/Users/sumatidhingra/Documents/AaramBooks/Aaram_Inventory/test_env/lib/python3.11/site-packages/starlette/_utils.py\", line 87, in collapse_excgroups\n  |     yield\n  |   File \"/Users/sumatidhingra/Documents/AaramBooks/Aaram_Inventory/test_env/lib/python3.11/site-packages/starlette/middleware/base.py\", line 190, in __call__\n  |     async with anyio.create_task_group() as task_group:\n  |   File \"/Users/sumatidhingra/Documents/AaramBooks/Aaram_Inventory/test_env/lib/python3.11/site-packages/anyio/_backends/_asyncio.py\", line 815, in __aexit__\n  |     raise BaseExceptionGroup(\n  | ExceptionGroup: unhandled errors in a TaskGroup (1 sub-exception)\n  +-+---------------- 1 ----------------\n    | Traceback (most recent call last):\n    |   File \"/Users/sumatidhingra/Documents/AaramBooks/Aaram_Inventory/test_env/lib/python3.11/site-packages/starlette/middleware/errors.py\", line 164, in __call__\n    |     await self.app(scope, receive, _send)\n    |   File \"/Users/sumatidhingra/Documents/AaramBooks/Aaram_Inventory/test_env/lib/python3.11/site-packages/starlette/middleware/base.py\", line 189, in __call__\n    |     with collapse_excgroups():\n    |   File \"/Library/Frameworks/Python.framework/Versions/3.11/lib/python3.11/contextlib.py\", line 158, in __exit__\n    |     self.gen.throw(typ, value, traceback)\n    |   File \"/Users/sumatidhingra/Documents/AaramBooks/Aaram_Inventory/test_env/lib/python3.11/site-packages/starlette/_utils.py\", line 93, in collapse_excgroups\n    |     raise exc\n    |   File \"/Users/sumatidhingra/Documents/AaramBooks/Aaram_Inventory/test_env/lib/python3.11/site-packages/starlette/middleware/base.py\", line 191, in __call__\n    |     response = await self.dispatch_func(request, call_next)\n    |                ^^^^^^^^^^^^^^^^^^^^^^^^^^^^^^^^^^^^^^^^^^^^\n    |   File \"/Users/sumatidhingra/Documents/AaramBooks/Aaram_Inventory/src/foundation/api/middleware.py\", line 15, in dispatch\n    |     response: Response = await call_next(request)\n    |                          ^^^^^^^^^^^^^^^^^^^^^^^^\n    |   File \"/Users/sumatidhingra/Documents/AaramBooks/Aaram_Inventory/test_env/lib/python3.11/site-packages/starlette/middleware/base.py\", line 165, in call_next\n    |     raise app_exc\n    |   File \"/Users/sumatidhingra/Documents/AaramBooks/Aaram_Inventory/test_env/lib/python3.11/site-packages/starlette/middleware/base.py\", line 151, in coro\n    |     await self.app(scope, receive_or_disconnect, send_no_error)\n    |   File \"/Users/sumatidhingra/Documents/AaramBooks/Aaram_Inventory/test_env/lib/python3.11/site-packages/starlette/middleware/cors.py\", line 85, in __call__\n    |     await self.app(scope, receive, send)\n    |   File \"/Users/sumatidhingra/Documents/AaramBooks/Aaram_Inventory/test_env/lib/python3.11/site-packages/starlette/middleware/exceptions.py\", line 65, in __call__\n    |     await wrap_app_handling_exceptions(self.app, conn)(scope, receive, send)\n    |   File \"/Users/sumatidhingra/Documents/AaramBooks/Aaram_Inventory/test_env/lib/python3.11/site-packages/starlette/_exception_handler.py\", line 64, in wrapped_app\n    |     raise exc\n    |   File \"/Users/sumatidhingra/Documents/AaramBooks/Aaram_Inventory/test_env/lib/python3.11/site-packages/starlette/_exception_handler.py\", line 53, in wrapped_app\n    |     await app(scope, receive, sender)\n    |   File \"/Users/sumatidhingra/Documents/AaramBooks/Aaram_Inventory/test_env/lib/python3.11/site-packages/starlette/routing.py\", line 756, in __call__\n    |     await self.middleware_stack(scope, receive, send)\n    |   File \"/Users/sumatidhingra/Documents/AaramBooks/Aaram_Inventory/test_env/lib/python3.11/site-packages/starlette/routing.py\", line 776, in app\n    |     await route.handle(scope, receive, send)\n    |   File \"/Users/sumatidhingra/Documents/AaramBooks/Aaram_Inventory/test_env/lib/python3.11/site-packages/starlette/routing.py\", line 297, in handle\n    |     await self.app(scope, receive, send)\n    |   File \"/Users/sumatidhingra/Documents/AaramBooks/Aaram_Inventory/test_env/lib/python3.11/site-packages/starlette/routing.py\", line 77, in app\n    |     await wrap_app_handling_exceptions(app, request)(scope, receive, send)\n    |   File \"/Users/sumatidhingra/Documents/AaramBooks/Aaram_Inventory/test_env/lib/python3.11/site-packages/starlette/_exception_handler.py\", line 64, in wrapped_app\n    |     raise exc\n    |   File \"/Users/sumatidhingra/Documents/AaramBooks/Aaram_Inventory/test_env/lib/python3.11/site-packages/starlette/_exception_handler.py\", line 53, in wrapped_app\n    |     await app(scope, receive, sender)\n    |   File \"/Users/sumatidhingra/Documents/AaramBooks/Aaram_Inventory/test_env/lib/python3.11/site-packages/starlette/routing.py\", line 72, in app\n    |     response = await func(request)\n    |                ^^^^^^^^^^^^^^^^^^^\n    |   File \"/Users/sumatidhingra/Documents/AaramBooks/Aaram_Inventory/test_env/lib/python3.11/site-packages/fastapi/routing.py\", line 278, in app\n    |     raw_response = await run_endpoint_function(\n    |                    ^^^^^^^^^^^^^^^^^^^^^^^^^^^^\n    |   File \"/Users/sumatidhingra/Documents/AaramBooks/Aaram_Inventory/test_env/lib/python3.11/site-packages/fastapi/routing.py\", line 191, in run_endpoint_function\n    |     return await dependant.call(**values)\n    |            ^^^^^^^^^^^^^^^^^^^^^^^^^^^^^^\n    |   File \"/Users/sumatidhingra/Documents/AaramBooks/Aaram_Inventory/test_env/lib/python3.11/site-packages/dependency_injector/wiring.py\", line 994, in _patched\n    |     return await _async_inject(\n    |            ^^^^^^^^^^^^^^^^^^^^\n    |   File \"src/dependency_injector/_cwiring.pyx\", line 66, in _async_inject\n    |   File \"/Users/sumatidhingra/Documents/AaramBooks/Aaram_Inventory/src/domains/masters/api/sku.py\", line 22, in list_skus\n    |     response_data = [SKUResponse.model_validate(sku, from_attributes=True) for sku in skus]\n    |                     ^^^^^^^^^^^^^^^^^^^^^^^^^^^^^^^^^^^^^^^^^^^^^^^^^^^^^^^^^^^^^^^^^^^^^^^\n    |   File \"/Users/sumatidhingra/Documents/AaramBooks/Aaram_Inventory/src/domains/masters/api/sku.py\", line 22, in <listcomp>\n    |     response_data = [SKUResponse.model_validate(sku, from_attributes=True) for sku in skus]\n    |                      ^^^^^^^^^^^^^^^^^^^^^^^^^^^^^^^^^^^^^^^^^^^^^^^^^^^^^\n    |   File \"/Users/sumatidhingra/Documents/AaramBooks/Aaram_Inventory/test_env/lib/python3.11/site-packages/pydantic/main.py\", line 551, in model_validate\n    |     return cls.__pydantic_validator__.validate_python(\n    |            ^^^^^^^^^^^^^^^^^^^^^^^^^^^^^^^^^^^^^^^^^^^\n    | pydantic_core._pydantic_core.ValidationError: 1 validation error for SKUResponse\n    | color\n    |   String should have at most 50 characters [type=string_too_long, input_value='French Blue (Base), Must...d Ivory White (Accents)', input_type=str]\n    |     For further information visit https://errors.pydantic.dev/2.7/v/string_too_long\n    +------------------------------------\n\nDuring handling of the above exception, another exception occurred:\n\nTraceback (most recent call last):\n  File \"/Users/sumatidhingra/Documents/AaramBooks/Aaram_Inventory/test_env/lib/python3.11/site-packages/starlette/middleware/errors.py\", line 164, in __call__\n    await self.app(scope, receive, _send)\n  File \"/Users/sumatidhingra/Documents/AaramBooks/Aaram_Inventory/test_env/lib/python3.11/site-packages/starlette/middleware/base.py\", line 189, in __call__\n    with collapse_excgroups():\n  File \"/Library/Frameworks/Python.framework/Versions/3.11/lib/python3.11/contextlib.py\", line 158, in __exit__\n    self.gen.throw(typ, value, traceback)\n  File \"/Users/sumatidhingra/Documents/AaramBooks/Aaram_Inventory/test_env/lib/python3.11/site-packages/starlette/_utils.py\", line 93, in collapse_excgroups\n    raise exc\n  File \"/Users/sumatidhingra/Documents/AaramBooks/Aaram_Inventory/test_env/lib/python3.11/site-packages/starlette/middleware/base.py\", line 191, in __call__\n    response = await self.dispatch_func(request, call_next)\n               ^^^^^^^^^^^^^^^^^^^^^^^^^^^^^^^^^^^^^^^^^^^^\n  File \"/Users/sumatidhingra/Documents/AaramBooks/Aaram_Inventory/src/foundation/api/middleware.py\", line 15, in dispatch\n    response: Response = await call_next(request)\n                         ^^^^^^^^^^^^^^^^^^^^^^^^\n  File \"/Users/sumatidhingra/Documents/AaramBooks/Aaram_Inventory/test_env/lib/python3.11/site-packages/starlette/middleware/base.py\", line 165, in call_next\n    raise app_exc\n  File \"/Users/sumatidhingra/Documents/AaramBooks/Aaram_Inventory/test_env/lib/python3.11/site-packages/starlette/middleware/base.py\", line 151, in coro\n    await self.app(scope, receive_or_disconnect, send_no_error)\n  File \"/Users/sumatidhingra/Documents/AaramBooks/Aaram_Inventory/test_env/lib/python3.11/site-packages/starlette/middleware/cors.py\", line 85, in __call__\n    await self.app(scope, receive, send)\n  File \"/Users/sumatidhingra/Documents/AaramBooks/Aaram_Inventory/test_env/lib/python3.11/site-packages/starlette/middleware/exceptions.py\", line 65, in __call__\n    await wrap_app_handling_exceptions(self.app, conn)(scope, receive, send)\n  File \"/Users/sumatidhingra/Documents/AaramBooks/Aaram_Inventory/test_env/lib/python3.11/site-packages/starlette/_exception_handler.py\", line 64, in wrapped_app\n    raise exc\n  File \"/Users/sumatidhingra/Documents/AaramBooks/Aaram_Inventory/test_env/lib/python3.11/site-packages/starlette/_exception_handler.py\", line 53, in wrapped_app\n    await app(scope, receive, sender)\n  File \"/Users/sumatidhingra/Documents/AaramBooks/Aaram_Inventory/test_env/lib/python3.11/site-packages/starlette/routing.py\", line 756, in __call__\n    await self.middleware_stack(scope, receive, send)\n  File \"/Users/sumatidhingra/Documents/AaramBooks/Aaram_Inventory/test_env/lib/python3.11/site-packages/starlette/routing.py\", line 776, in app\n    await route.handle(scope, receive, send)\n  File \"/Users/sumatidhingra/Documents/AaramBooks/Aaram_Inventory/test_env/lib/python3.11/site-packages/starlette/routing.py\", line 297, in handle\n    await self.app(scope, receive, send)\n  File \"/Users/sumatidhingra/Documents/AaramBooks/Aaram_Inventory/test_env/lib/python3.11/site-packages/starlette/routing.py\", line 77, in app\n    await wrap_app_handling_exceptions(app, request)(scope, receive, send)\n  File \"/Users/sumatidhingra/Documents/AaramBooks/Aaram_Inventory/test_env/lib/python3.11/site-packages/starlette/_exception_handler.py\", line 64, in wrapped_app\n    raise exc\n  File \"/Users/sumatidhingra/Documents/AaramBooks/Aaram_Inventory/test_env/lib/python3.11/site-packages/starlette/_exception_handler.py\", line 53, in wrapped_app\n    await app(scope, receive, sender)\n  File \"/Users/sumatidhingra/Documents/AaramBooks/Aaram_Inventory/test_env/lib/python3.11/site-packages/starlette/routing.py\", line 72, in app\n    response = await func(request)\n               ^^^^^^^^^^^^^^^^^^^\n  File \"/Users/sumatidhingra/Documents/AaramBooks/Aaram_Inventory/test_env/lib/python3.11/site-packages/fastapi/routing.py\", line 278, in app\n    raw_response = await run_endpoint_function(\n                   ^^^^^^^^^^^^^^^^^^^^^^^^^^^^\n  File \"/Users/sumatidhingra/Documents/AaramBooks/Aaram_Inventory/test_env/lib/python3.11/site-packages/fastapi/routing.py\", line 191, in run_endpoint_function\n    return await dependant.call(**values)\n           ^^^^^^^^^^^^^^^^^^^^^^^^^^^^^^\n  File \"/Users/sumatidhingra/Documents/AaramBooks/Aaram_Inventory/test_env/lib/python3.11/site-packages/dependency_injector/wiring.py\", line 994, in _patched\n    return await _async_inject(\n           ^^^^^^^^^^^^^^^^^^^^\n  File \"src/dependency_injector/_cwiring.pyx\", line 66, in _async_inject\n  File \"/Users/sumatidhingra/Documents/AaramBooks/Aaram_Inventory/src/domains/masters/api/sku.py\", line 22, in list_skus\n    response_data = [SKUResponse.model_validate(sku, from_attributes=True) for sku in skus]\n                    ^^^^^^^^^^^^^^^^^^^^^^^^^^^^^^^^^^^^^^^^^^^^^^^^^^^^^^^^^^^^^^^^^^^^^^^\n  File \"/Users/sumatidhingra/Documents/AaramBooks/Aaram_Inventory/src/domains/masters/api/sku.py\", line 22, in <listcomp>\n    response_data = [SKUResponse.model_validate(sku, from_attributes=True) for sku in skus]\n                     ^^^^^^^^^^^^^^^^^^^^^^^^^^^^^^^^^^^^^^^^^^^^^^^^^^^^^\n  File \"/Users/sumatidhingra/Documents/AaramBooks/Aaram_Inventory/test_env/lib/python3.11/site-packages/pydantic/main.py\", line 551, in model_validate\n    return cls.__pydantic_validator__.validate_python(\n           ^^^^^^^^^^^^^^^^^^^^^^^^^^^^^^^^^^^^^^^^^^^\npydantic_core._pydantic_core.ValidationError: 1 validation error for SKUResponse\ncolor\n  String should have at most 50 characters [type=string_too_long, input_value='French Blue (Base), Must...d Ivory White (Accents)', input_type=str]\n    For further information visit https://errors.pydantic.dev/2.7/v/string_too_long"}
INFO:     127.0.0.1:57448 - "GET /api/v1/masters/skus HTTP/1.1" 500 Internal Server Error
ERROR:    Exception in ASGI application
  + Exception Group Traceback (most recent call last):
  |   File "/Users/sumatidhingra/Documents/AaramBooks/Aaram_Inventory/test_env/lib/python3.11/site-packages/starlette/_utils.py", line 87, in collapse_excgroups
  |     yield
  |   File "/Users/sumatidhingra/Documents/AaramBooks/Aaram_Inventory/test_env/lib/python3.11/site-packages/starlette/middleware/base.py", line 190, in __call__
  |     async with anyio.create_task_group() as task_group:
  |   File "/Users/sumatidhingra/Documents/AaramBooks/Aaram_Inventory/test_env/lib/python3.11/site-packages/anyio/_backends/_asyncio.py", line 815, in __aexit__
  |     raise BaseExceptionGroup(
  | ExceptionGroup: unhandled errors in a TaskGroup (1 sub-exception)
  +-+---------------- 1 ----------------
    | Traceback (most recent call last):
    |   File "/Users/sumatidhingra/Documents/AaramBooks/Aaram_Inventory/test_env/lib/python3.11/site-packages/uvicorn/protocols/http/httptools_impl.py", line 399, in run_asgi
    |     result = await app(  # type: ignore[func-returns-value]
    |              ^^^^^^^^^^^^^^^^^^^^^^^^^^^^^^^^^^^^^^^^^^^^^^
    |   File "/Users/sumatidhingra/Documents/AaramBooks/Aaram_Inventory/test_env/lib/python3.11/site-packages/uvicorn/middleware/proxy_headers.py", line 70, in __call__
    |     return await self.app(scope, receive, send)
    |            ^^^^^^^^^^^^^^^^^^^^^^^^^^^^^^^^^^^^
    |   File "/Users/sumatidhingra/Documents/AaramBooks/Aaram_Inventory/test_env/lib/python3.11/site-packages/fastapi/applications.py", line 1054, in __call__
    |     await super().__call__(scope, receive, send)
    |   File "/Users/sumatidhingra/Documents/AaramBooks/Aaram_Inventory/test_env/lib/python3.11/site-packages/starlette/applications.py", line 123, in __call__
    |     await self.middleware_stack(scope, receive, send)
    |   File "/Users/sumatidhingra/Documents/AaramBooks/Aaram_Inventory/test_env/lib/python3.11/site-packages/starlette/middleware/errors.py", line 186, in __call__
    |     raise exc
    |   File "/Users/sumatidhingra/Documents/AaramBooks/Aaram_Inventory/test_env/lib/python3.11/site-packages/starlette/middleware/errors.py", line 164, in __call__
    |     await self.app(scope, receive, _send)
    |   File "/Users/sumatidhingra/Documents/AaramBooks/Aaram_Inventory/test_env/lib/python3.11/site-packages/starlette/middleware/base.py", line 189, in __call__
    |     with collapse_excgroups():
    |   File "/Library/Frameworks/Python.framework/Versions/3.11/lib/python3.11/contextlib.py", line 158, in __exit__
    |     self.gen.throw(typ, value, traceback)
    |   File "/Users/sumatidhingra/Documents/AaramBooks/Aaram_Inventory/test_env/lib/python3.11/site-packages/starlette/_utils.py", line 93, in collapse_excgroups
    |     raise exc
    |   File "/Users/sumatidhingra/Documents/AaramBooks/Aaram_Inventory/test_env/lib/python3.11/site-packages/starlette/middleware/base.py", line 191, in __call__
    |     response = await self.dispatch_func(request, call_next)
    |                ^^^^^^^^^^^^^^^^^^^^^^^^^^^^^^^^^^^^^^^^^^^^
    |   File "/Users/sumatidhingra/Documents/AaramBooks/Aaram_Inventory/src/foundation/api/middleware.py", line 15, in dispatch
    |     response: Response = await call_next(request)
    |                          ^^^^^^^^^^^^^^^^^^^^^^^^
    |   File "/Users/sumatidhingra/Documents/AaramBooks/Aaram_Inventory/test_env/lib/python3.11/site-packages/starlette/middleware/base.py", line 165, in call_next
    |     raise app_exc
    |   File "/Users/sumatidhingra/Documents/AaramBooks/Aaram_Inventory/test_env/lib/python3.11/site-packages/starlette/middleware/base.py", line 151, in coro
    |     await self.app(scope, receive_or_disconnect, send_no_error)
    |   File "/Users/sumatidhingra/Documents/AaramBooks/Aaram_Inventory/test_env/lib/python3.11/site-packages/starlette/middleware/cors.py", line 85, in __call__
    |     await self.app(scope, receive, send)
    |   File "/Users/sumatidhingra/Documents/AaramBooks/Aaram_Inventory/test_env/lib/python3.11/site-packages/starlette/middleware/exceptions.py", line 65, in __call__
    |     await wrap_app_handling_exceptions(self.app, conn)(scope, receive, send)
    |   File "/Users/sumatidhingra/Documents/AaramBooks/Aaram_Inventory/test_env/lib/python3.11/site-packages/starlette/_exception_handler.py", line 64, in wrapped_app
    |     raise exc
    |   File "/Users/sumatidhingra/Documents/AaramBooks/Aaram_Inventory/test_env/lib/python3.11/site-packages/starlette/_exception_handler.py", line 53, in wrapped_app
    |     await app(scope, receive, sender)
    |   File "/Users/sumatidhingra/Documents/AaramBooks/Aaram_Inventory/test_env/lib/python3.11/site-packages/starlette/routing.py", line 756, in __call__
    |     await self.middleware_stack(scope, receive, send)
    |   File "/Users/sumatidhingra/Documents/AaramBooks/Aaram_Inventory/test_env/lib/python3.11/site-packages/starlette/routing.py", line 776, in app
    |     await route.handle(scope, receive, send)
    |   File "/Users/sumatidhingra/Documents/AaramBooks/Aaram_Inventory/test_env/lib/python3.11/site-packages/starlette/routing.py", line 297, in handle
    |     await self.app(scope, receive, send)
    |   File "/Users/sumatidhingra/Documents/AaramBooks/Aaram_Inventory/test_env/lib/python3.11/site-packages/starlette/routing.py", line 77, in app
    |     await wrap_app_handling_exceptions(app, request)(scope, receive, send)
    |   File "/Users/sumatidhingra/Documents/AaramBooks/Aaram_Inventory/test_env/lib/python3.11/site-packages/starlette/_exception_handler.py", line 64, in wrapped_app
    |     raise exc
    |   File "/Users/sumatidhingra/Documents/AaramBooks/Aaram_Inventory/test_env/lib/python3.11/site-packages/starlette/_exception_handler.py", line 53, in wrapped_app
    |     await app(scope, receive, sender)
    |   File "/Users/sumatidhingra/Documents/AaramBooks/Aaram_Inventory/test_env/lib/python3.11/site-packages/starlette/routing.py", line 72, in app
    |     response = await func(request)
    |                ^^^^^^^^^^^^^^^^^^^
    |   File "/Users/sumatidhingra/Documents/AaramBooks/Aaram_Inventory/test_env/lib/python3.11/site-packages/fastapi/routing.py", line 278, in app
    |     raw_response = await run_endpoint_function(
    |                    ^^^^^^^^^^^^^^^^^^^^^^^^^^^^
    |   File "/Users/sumatidhingra/Documents/AaramBooks/Aaram_Inventory/test_env/lib/python3.11/site-packages/fastapi/routing.py", line 191, in run_endpoint_function
    |     return await dependant.call(**values)
    |            ^^^^^^^^^^^^^^^^^^^^^^^^^^^^^^
    |   File "/Users/sumatidhingra/Documents/AaramBooks/Aaram_Inventory/test_env/lib/python3.11/site-packages/dependency_injector/wiring.py", line 994, in _patched
    |     return await _async_inject(
    |            ^^^^^^^^^^^^^^^^^^^^
    |   File "src/dependency_injector/_cwiring.pyx", line 66, in _async_inject
    |   File "/Users/sumatidhingra/Documents/AaramBooks/Aaram_Inventory/src/domains/masters/api/sku.py", line 22, in list_skus
    |     response_data = [SKUResponse.model_validate(sku, from_attributes=True) for sku in skus]
    |                     ^^^^^^^^^^^^^^^^^^^^^^^^^^^^^^^^^^^^^^^^^^^^^^^^^^^^^^^^^^^^^^^^^^^^^^^
    |   File "/Users/sumatidhingra/Documents/AaramBooks/Aaram_Inventory/src/domains/masters/api/sku.py", line 22, in <listcomp>
    |     response_data = [SKUResponse.model_validate(sku, from_attributes=True) for sku in skus]
    |                      ^^^^^^^^^^^^^^^^^^^^^^^^^^^^^^^^^^^^^^^^^^^^^^^^^^^^^
    |   File "/Users/sumatidhingra/Documents/AaramBooks/Aaram_Inventory/test_env/lib/python3.11/site-packages/pydantic/main.py", line 551, in model_validate
    |     return cls.__pydantic_validator__.validate_python(
    |            ^^^^^^^^^^^^^^^^^^^^^^^^^^^^^^^^^^^^^^^^^^^
    | pydantic_core._pydantic_core.ValidationError: 1 validation error for SKUResponse
    | color
    |   String should have at most 50 characters [type=string_too_long, input_value='French Blue (Base), Must...d Ivory White (Accents)', input_type=str]
    |     For further information visit https://errors.pydantic.dev/2.7/v/string_too_long
    +------------------------------------

During handling of the above exception, another exception occurred:

Traceback (most recent call last):
  File "/Users/sumatidhingra/Documents/AaramBooks/Aaram_Inventory/test_env/lib/python3.11/site-packages/uvicorn/protocols/http/httptools_impl.py", line 399, in run_asgi
    result = await app(  # type: ignore[func-returns-value]
             ^^^^^^^^^^^^^^^^^^^^^^^^^^^^^^^^^^^^^^^^^^^^^^
  File "/Users/sumatidhingra/Documents/AaramBooks/Aaram_Inventory/test_env/lib/python3.11/site-packages/uvicorn/middleware/proxy_headers.py", line 70, in __call__
    return await self.app(scope, receive, send)
           ^^^^^^^^^^^^^^^^^^^^^^^^^^^^^^^^^^^^
  File "/Users/sumatidhingra/Documents/AaramBooks/Aaram_Inventory/test_env/lib/python3.11/site-packages/fastapi/applications.py", line 1054, in __call__
    await super().__call__(scope, receive, send)
  File "/Users/sumatidhingra/Documents/AaramBooks/Aaram_Inventory/test_env/lib/python3.11/site-packages/starlette/applications.py", line 123, in __call__
    await self.middleware_stack(scope, receive, send)
  File "/Users/sumatidhingra/Documents/AaramBooks/Aaram_Inventory/test_env/lib/python3.11/site-packages/starlette/middleware/errors.py", line 186, in __call__
    raise exc
  File "/Users/sumatidhingra/Documents/AaramBooks/Aaram_Inventory/test_env/lib/python3.11/site-packages/starlette/middleware/errors.py", line 164, in __call__
    await self.app(scope, receive, _send)
  File "/Users/sumatidhingra/Documents/AaramBooks/Aaram_Inventory/test_env/lib/python3.11/site-packages/starlette/middleware/base.py", line 189, in __call__
    with collapse_excgroups():
  File "/Library/Frameworks/Python.framework/Versions/3.11/lib/python3.11/contextlib.py", line 158, in __exit__
    self.gen.throw(typ, value, traceback)
  File "/Users/sumatidhingra/Documents/AaramBooks/Aaram_Inventory/test_env/lib/python3.11/site-packages/starlette/_utils.py", line 93, in collapse_excgroups
    raise exc
  File "/Users/sumatidhingra/Documents/AaramBooks/Aaram_Inventory/test_env/lib/python3.11/site-packages/starlette/middleware/base.py", line 191, in __call__
    response = await self.dispatch_func(request, call_next)
               ^^^^^^^^^^^^^^^^^^^^^^^^^^^^^^^^^^^^^^^^^^^^
  File "/Users/sumatidhingra/Documents/AaramBooks/Aaram_Inventory/src/foundation/api/middleware.py", line 15, in dispatch
    response: Response = await call_next(request)
                         ^^^^^^^^^^^^^^^^^^^^^^^^
  File "/Users/sumatidhingra/Documents/AaramBooks/Aaram_Inventory/test_env/lib/python3.11/site-packages/starlette/middleware/base.py", line 165, in call_next
    raise app_exc
  File "/Users/sumatidhingra/Documents/AaramBooks/Aaram_Inventory/test_env/lib/python3.11/site-packages/starlette/middleware/base.py", line 151, in coro
    await self.app(scope, receive_or_disconnect, send_no_error)
  File "/Users/sumatidhingra/Documents/AaramBooks/Aaram_Inventory/test_env/lib/python3.11/site-packages/starlette/middleware/cors.py", line 85, in __call__
    await self.app(scope, receive, send)
  File "/Users/sumatidhingra/Documents/AaramBooks/Aaram_Inventory/test_env/lib/python3.11/site-packages/starlette/middleware/exceptions.py", line 65, in __call__
    await wrap_app_handling_exceptions(self.app, conn)(scope, receive, send)
  File "/Users/sumatidhingra/Documents/AaramBooks/Aaram_Inventory/test_env/lib/python3.11/site-packages/starlette/_exception_handler.py", line 64, in wrapped_app
    raise exc
  File "/Users/sumatidhingra/Documents/AaramBooks/Aaram_Inventory/test_env/lib/python3.11/site-packages/starlette/_exception_handler.py", line 53, in wrapped_app
    await app(scope, receive, sender)
  File "/Users/sumatidhingra/Documents/AaramBooks/Aaram_Inventory/test_env/lib/python3.11/site-packages/starlette/routing.py", line 756, in __call__
    await self.middleware_stack(scope, receive, send)
  File "/Users/sumatidhingra/Documents/AaramBooks/Aaram_Inventory/test_env/lib/python3.11/site-packages/starlette/routing.py", line 776, in app
    await route.handle(scope, receive, send)
  File "/Users/sumatidhingra/Documents/AaramBooks/Aaram_Inventory/test_env/lib/python3.11/site-packages/starlette/routing.py", line 297, in handle
    await self.app(scope, receive, send)
  File "/Users/sumatidhingra/Documents/AaramBooks/Aaram_Inventory/test_env/lib/python3.11/site-packages/starlette/routing.py", line 77, in app
    await wrap_app_handling_exceptions(app, request)(scope, receive, send)
  File "/Users/sumatidhingra/Documents/AaramBooks/Aaram_Inventory/test_env/lib/python3.11/site-packages/starlette/_exception_handler.py", line 64, in wrapped_app
    raise exc
  File "/Users/sumatidhingra/Documents/AaramBooks/Aaram_Inventory/test_env/lib/python3.11/site-packages/starlette/_exception_handler.py", line 53, in wrapped_app
    await app(scope, receive, sender)
  File "/Users/sumatidhingra/Documents/AaramBooks/Aaram_Inventory/test_env/lib/python3.11/site-packages/starlette/routing.py", line 72, in app
    response = await func(request)
               ^^^^^^^^^^^^^^^^^^^
  File "/Users/sumatidhingra/Documents/AaramBooks/Aaram_Inventory/test_env/lib/python3.11/site-packages/fastapi/routing.py", line 278, in app
    raw_response = await run_endpoint_function(
                   ^^^^^^^^^^^^^^^^^^^^^^^^^^^^
  File "/Users/sumatidhingra/Documents/AaramBooks/Aaram_Inventory/test_env/lib/python3.11/site-packages/fastapi/routing.py", line 191, in run_endpoint_function
    return await dependant.call(**values)
           ^^^^^^^^^^^^^^^^^^^^^^^^^^^^^^
  File "/Users/sumatidhingra/Documents/AaramBooks/Aaram_Inventory/test_env/lib/python3.11/site-packages/dependency_injector/wiring.py", line 994, in _patched
    return await _async_inject(
           ^^^^^^^^^^^^^^^^^^^^
  File "src/dependency_injector/_cwiring.pyx", line 66, in _async_inject
  File "/Users/sumatidhingra/Documents/AaramBooks/Aaram_Inventory/src/domains/masters/api/sku.py", line 22, in list_skus
    response_data = [SKUResponse.model_validate(sku, from_attributes=True) for sku in skus]
                    ^^^^^^^^^^^^^^^^^^^^^^^^^^^^^^^^^^^^^^^^^^^^^^^^^^^^^^^^^^^^^^^^^^^^^^^
  File "/Users/sumatidhingra/Documents/AaramBooks/Aaram_Inventory/src/domains/masters/api/sku.py", line 22, in <listcomp>
    response_data = [SKUResponse.model_validate(sku, from_attributes=True) for sku in skus]
                     ^^^^^^^^^^^^^^^^^^^^^^^^^^^^^^^^^^^^^^^^^^^^^^^^^^^^^
  File "/Users/sumatidhingra/Documents/AaramBooks/Aaram_Inventory/test_env/lib/python3.11/site-packages/pydantic/main.py", line 551, in model_validate
    return cls.__pydantic_validator__.validate_python(
           ^^^^^^^^^^^^^^^^^^^^^^^^^^^^^^^^^^^^^^^^^^^
pydantic_core._pydantic_core.ValidationError: 1 validation error for SKUResponse
color
  String should have at most 50 characters [type=string_too_long, input_value='French Blue (Base), Must...d Ivory White (Accents)', input_type=str]
    For further information visit https://errors.pydantic.dev/2.7/v/string_too_long
INFO:     127.0.0.1:57470 - "GET /api/v1/inventory/balances HTTP/1.1" 200 OK
{"timestamp": "2026-08-06T10:27:12.433072+00:00Z", "level": "ERROR", "logger": "foundation.exceptions", "message": "Unhandled Exception: 1 validation error for SKUResponse\ncolor\n  String should have at most 50 characters [type=string_too_long, input_value='French Blue (Base), Must...d Ivory White (Accents)', input_type=str]\n    For further information visit https://errors.pydantic.dev/2.7/v/string_too_long", "module": "handlers", "function": "unhandled_exception_handler", "line": 47, "request_id": "06a74618-0678-7982-8000-42db84c7c84c", "exception": "  + Exception Group Traceback (most recent call last):\n  |   File \"/Users/sumatidhingra/Documents/AaramBooks/Aaram_Inventory/test_env/lib/python3.11/site-packages/starlette/_utils.py\", line 87, in collapse_excgroups\n  |     yield\n  |   File \"/Users/sumatidhingra/Documents/AaramBooks/Aaram_Inventory/test_env/lib/python3.11/site-packages/starlette/middleware/base.py\", line 190, in __call__\n  |     async with anyio.create_task_group() as task_group:\n  |   File \"/Users/sumatidhingra/Documents/AaramBooks/Aaram_Inventory/test_env/lib/python3.11/site-packages/anyio/_backends/_asyncio.py\", line 815, in __aexit__\n  |     raise BaseExceptionGroup(\n  | ExceptionGroup: unhandled errors in a TaskGroup (1 sub-exception)\n  +-+---------------- 1 ----------------\n    | Traceback (most recent call last):\n    |   File \"/Users/sumatidhingra/Documents/AaramBooks/Aaram_Inventory/test_env/lib/python3.11/site-packages/starlette/middleware/errors.py\", line 164, in __call__\n    |     await self.app(scope, receive, _send)\n    |   File \"/Users/sumatidhingra/Documents/AaramBooks/Aaram_Inventory/test_env/lib/python3.11/site-packages/starlette/middleware/base.py\", line 189, in __call__\n    |     with collapse_excgroups():\n    |   File \"/Library/Frameworks/Python.framework/Versions/3.11/lib/python3.11/contextlib.py\", line 158, in __exit__\n    |     self.gen.throw(typ, value, traceback)\n    |   File \"/Users/sumatidhingra/Documents/AaramBooks/Aaram_Inventory/test_env/lib/python3.11/site-packages/starlette/_utils.py\", line 93, in collapse_excgroups\n    |     raise exc\n    |   File \"/Users/sumatidhingra/Documents/AaramBooks/Aaram_Inventory/test_env/lib/python3.11/site-packages/starlette/middleware/base.py\", line 191, in __call__\n    |     response = await self.dispatch_func(request, call_next)\n    |                ^^^^^^^^^^^^^^^^^^^^^^^^^^^^^^^^^^^^^^^^^^^^\n    |   File \"/Users/sumatidhingra/Documents/AaramBooks/Aaram_Inventory/src/foundation/api/middleware.py\", line 15, in dispatch\n    |     response: Response = await call_next(request)\n    |                          ^^^^^^^^^^^^^^^^^^^^^^^^\n    |   File \"/Users/sumatidhingra/Documents/AaramBooks/Aaram_Inventory/test_env/lib/python3.11/site-packages/starlette/middleware/base.py\", line 165, in call_next\n    |     raise app_exc\n    |   File \"/Users/sumatidhingra/Documents/AaramBooks/Aaram_Inventory/test_env/lib/python3.11/site-packages/starlette/middleware/base.py\", line 151, in coro\n    |     await self.app(scope, receive_or_disconnect, send_no_error)\n    |   File \"/Users/sumatidhingra/Documents/AaramBooks/Aaram_Inventory/test_env/lib/python3.11/site-packages/starlette/middleware/cors.py\", line 93, in __call__\n    |     await self.simple_response(scope, receive, send, request_headers=headers)\n    |   File \"/Users/sumatidhingra/Documents/AaramBooks/Aaram_Inventory/test_env/lib/python3.11/site-packages/starlette/middleware/cors.py\", line 148, in simple_response\n    |     await self.app(scope, receive, send)\n    |   File \"/Users/sumatidhingra/Documents/AaramBooks/Aaram_Inventory/test_env/lib/python3.11/site-packages/starlette/middleware/exceptions.py\", line 65, in __call__\n    |     await wrap_app_handling_exceptions(self.app, conn)(scope, receive, send)\n    |   File \"/Users/sumatidhingra/Documents/AaramBooks/Aaram_Inventory/test_env/lib/python3.11/site-packages/starlette/_exception_handler.py\", line 64, in wrapped_app\n    |     raise exc\n    |   File \"/Users/sumatidhingra/Documents/AaramBooks/Aaram_Inventory/test_env/lib/python3.11/site-packages/starlette/_exception_handler.py\", line 53, in wrapped_app\n    |     await app(scope, receive, sender)\n    |   File \"/Users/sumatidhingra/Documents/AaramBooks/Aaram_Inventory/test_env/lib/python3.11/site-packages/starlette/routing.py\", line 756, in __call__\n    |     await self.middleware_stack(scope, receive, send)\n    |   File \"/Users/sumatidhingra/Documents/AaramBooks/Aaram_Inventory/test_env/lib/python3.11/site-packages/starlette/routing.py\", line 776, in app\n    |     await route.handle(scope, receive, send)\n    |   File \"/Users/sumatidhingra/Documents/AaramBooks/Aaram_Inventory/test_env/lib/python3.11/site-packages/starlette/routing.py\", line 297, in handle\n    |     await self.app(scope, receive, send)\n    |   File \"/Users/sumatidhingra/Documents/AaramBooks/Aaram_Inventory/test_env/lib/python3.11/site-packages/starlette/routing.py\", line 77, in app\n    |     await wrap_app_handling_exceptions(app, request)(scope, receive, send)\n    |   File \"/Users/sumatidhingra/Documents/AaramBooks/Aaram_Inventory/test_env/lib/python3.11/site-packages/starlette/_exception_handler.py\", line 64, in wrapped_app\n    |     raise exc\n    |   File \"/Users/sumatidhingra/Documents/AaramBooks/Aaram_Inventory/test_env/lib/python3.11/site-packages/starlette/_exception_handler.py\", line 53, in wrapped_app\n    |     await app(scope, receive, sender)\n    |   File \"/Users/sumatidhingra/Documents/AaramBooks/Aaram_Inventory/test_env/lib/python3.11/site-packages/starlette/routing.py\", line 72, in app\n    |     response = await func(request)\n    |                ^^^^^^^^^^^^^^^^^^^\n    |   File \"/Users/sumatidhingra/Documents/AaramBooks/Aaram_Inventory/test_env/lib/python3.11/site-packages/fastapi/routing.py\", line 278, in app\n    |     raw_response = await run_endpoint_function(\n    |                    ^^^^^^^^^^^^^^^^^^^^^^^^^^^^\n    |   File \"/Users/sumatidhingra/Documents/AaramBooks/Aaram_Inventory/test_env/lib/python3.11/site-packages/fastapi/routing.py\", line 191, in run_endpoint_function\n    |     return await dependant.call(**values)\n    |            ^^^^^^^^^^^^^^^^^^^^^^^^^^^^^^\n    |   File \"/Users/sumatidhingra/Documents/AaramBooks/Aaram_Inventory/test_env/lib/python3.11/site-packages/dependency_injector/wiring.py\", line 994, in _patched\n    |     return await _async_inject(\n    |            ^^^^^^^^^^^^^^^^^^^^\n    |   File \"src/dependency_injector/_cwiring.pyx\", line 66, in _async_inject\n    |   File \"/Users/sumatidhingra/Documents/AaramBooks/Aaram_Inventory/src/domains/masters/api/sku.py\", line 22, in list_skus\n    |     response_data = [SKUResponse.model_validate(sku, from_attributes=True) for sku in skus]\n    |                     ^^^^^^^^^^^^^^^^^^^^^^^^^^^^^^^^^^^^^^^^^^^^^^^^^^^^^^^^^^^^^^^^^^^^^^^\n    |   File \"/Users/sumatidhingra/Documents/AaramBooks/Aaram_Inventory/src/domains/masters/api/sku.py\", line 22, in <listcomp>\n    |     response_data = [SKUResponse.model_validate(sku, from_attributes=True) for sku in skus]\n    |                      ^^^^^^^^^^^^^^^^^^^^^^^^^^^^^^^^^^^^^^^^^^^^^^^^^^^^^\n    |   File \"/Users/sumatidhingra/Documents/AaramBooks/Aaram_Inventory/test_env/lib/python3.11/site-packages/pydantic/main.py\", line 551, in model_validate\n    |     return cls.__pydantic_validator__.validate_python(\n    |            ^^^^^^^^^^^^^^^^^^^^^^^^^^^^^^^^^^^^^^^^^^^\n    | pydantic_core._pydantic_core.ValidationError: 1 validation error for SKUResponse\n    | color\n    |   String should have at most 50 characters [type=string_too_long, input_value='French Blue (Base), Must...d Ivory White (Accents)', input_type=str]\n    |     For further information visit https://errors.pydantic.dev/2.7/v/string_too_long\n    +------------------------------------\n\nDuring handling of the above exception, another exception occurred:\n\nTraceback (most recent call last):\n  File \"/Users/sumatidhingra/Documents/AaramBooks/Aaram_Inventory/test_env/lib/python3.11/site-packages/starlette/middleware/errors.py\", line 164, in __call__\n    await self.app(scope, receive, _send)\n  File \"/Users/sumatidhingra/Documents/AaramBooks/Aaram_Inventory/test_env/lib/python3.11/site-packages/starlette/middleware/base.py\", line 189, in __call__\n    with collapse_excgroups():\n  File \"/Library/Frameworks/Python.framework/Versions/3.11/lib/python3.11/contextlib.py\", line 158, in __exit__\n    self.gen.throw(typ, value, traceback)\n  File \"/Users/sumatidhingra/Documents/AaramBooks/Aaram_Inventory/test_env/lib/python3.11/site-packages/starlette/_utils.py\", line 93, in collapse_excgroups\n    raise exc\n  File \"/Users/sumatidhingra/Documents/AaramBooks/Aaram_Inventory/test_env/lib/python3.11/site-packages/starlette/middleware/base.py\", line 191, in __call__\n    response = await self.dispatch_func(request, call_next)\n               ^^^^^^^^^^^^^^^^^^^^^^^^^^^^^^^^^^^^^^^^^^^^\n  File \"/Users/sumatidhingra/Documents/AaramBooks/Aaram_Inventory/src/foundation/api/middleware.py\", line 15, in dispatch\n    response: Response = await call_next(request)\n                         ^^^^^^^^^^^^^^^^^^^^^^^^\n  File \"/Users/sumatidhingra/Documents/AaramBooks/Aaram_Inventory/test_env/lib/python3.11/site-packages/starlette/middleware/base.py\", line 165, in call_next\n    raise app_exc\n  File \"/Users/sumatidhingra/Documents/AaramBooks/Aaram_Inventory/test_env/lib/python3.11/site-packages/starlette/middleware/base.py\", line 151, in coro\n    await self.app(scope, receive_or_disconnect, send_no_error)\n  File \"/Users/sumatidhingra/Documents/AaramBooks/Aaram_Inventory/test_env/lib/python3.11/site-packages/starlette/middleware/cors.py\", line 93, in __call__\n    await self.simple_response(scope, receive, send, request_headers=headers)\n  File \"/Users/sumatidhingra/Documents/AaramBooks/Aaram_Inventory/test_env/lib/python3.11/site-packages/starlette/middleware/cors.py\", line 148, in simple_response\n    await self.app(scope, receive, send)\n  File \"/Users/sumatidhingra/Documents/AaramBooks/Aaram_Inventory/test_env/lib/python3.11/site-packages/starlette/middleware/exceptions.py\", line 65, in __call__\n    await wrap_app_handling_exceptions(self.app, conn)(scope, receive, send)\n  File \"/Users/sumatidhingra/Documents/AaramBooks/Aaram_Inventory/test_env/lib/python3.11/site-packages/starlette/_exception_handler.py\", line 64, in wrapped_app\n    raise exc\n  File \"/Users/sumatidhingra/Documents/AaramBooks/Aaram_Inventory/test_env/lib/python3.11/site-packages/starlette/_exception_handler.py\", line 53, in wrapped_app\n    await app(scope, receive, sender)\n  File \"/Users/sumatidhingra/Documents/AaramBooks/Aaram_Inventory/test_env/lib/python3.11/site-packages/starlette/routing.py\", line 756, in __call__\n    await self.middleware_stack(scope, receive, send)\n  File \"/Users/sumatidhingra/Documents/AaramBooks/Aaram_Inventory/test_env/lib/python3.11/site-packages/starlette/routing.py\", line 776, in app\n    await route.handle(scope, receive, send)\n  File \"/Users/sumatidhingra/Documents/AaramBooks/Aaram_Inventory/test_env/lib/python3.11/site-packages/starlette/routing.py\", line 297, in handle\n    await self.app(scope, receive, send)\n  File \"/Users/sumatidhingra/Documents/AaramBooks/Aaram_Inventory/test_env/lib/python3.11/site-packages/starlette/routing.py\", line 77, in app\n    await wrap_app_handling_exceptions(app, request)(scope, receive, send)\n  File \"/Users/sumatidhingra/Documents/AaramBooks/Aaram_Inventory/test_env/lib/python3.11/site-packages/starlette/_exception_handler.py\", line 64, in wrapped_app\n    raise exc\n  File \"/Users/sumatidhingra/Documents/AaramBooks/Aaram_Inventory/test_env/lib/python3.11/site-packages/starlette/_exception_handler.py\", line 53, in wrapped_app\n    await app(scope, receive, sender)\n  File \"/Users/sumatidhingra/Documents/AaramBooks/Aaram_Inventory/test_env/lib/python3.11/site-packages/starlette/routing.py\", line 72, in app\n    response = await func(request)\n               ^^^^^^^^^^^^^^^^^^^\n  File \"/Users/sumatidhingra/Documents/AaramBooks/Aaram_Inventory/test_env/lib/python3.11/site-packages/fastapi/routing.py\", line 278, in app\n    raw_response = await run_endpoint_function(\n                   ^^^^^^^^^^^^^^^^^^^^^^^^^^^^\n  File \"/Users/sumatidhingra/Documents/AaramBooks/Aaram_Inventory/test_env/lib/python3.11/site-packages/fastapi/routing.py\", line 191, in run_endpoint_function\n    return await dependant.call(**values)\n           ^^^^^^^^^^^^^^^^^^^^^^^^^^^^^^\n  File \"/Users/sumatidhingra/Documents/AaramBooks/Aaram_Inventory/test_env/lib/python3.11/site-packages/dependency_injector/wiring.py\", line 994, in _patched\n    return await _async_inject(\n           ^^^^^^^^^^^^^^^^^^^^\n  File \"src/dependency_injector/_cwiring.pyx\", line 66, in _async_inject\n  File \"/Users/sumatidhingra/Documents/AaramBooks/Aaram_Inventory/src/domains/masters/api/sku.py\", line 22, in list_skus\n    response_data = [SKUResponse.model_validate(sku, from_attributes=True) for sku in skus]\n                    ^^^^^^^^^^^^^^^^^^^^^^^^^^^^^^^^^^^^^^^^^^^^^^^^^^^^^^^^^^^^^^^^^^^^^^^\n  File \"/Users/sumatidhingra/Documents/AaramBooks/Aaram_Inventory/src/domains/masters/api/sku.py\", line 22, in <listcomp>\n    response_data = [SKUResponse.model_validate(sku, from_attributes=True) for sku in skus]\n                     ^^^^^^^^^^^^^^^^^^^^^^^^^^^^^^^^^^^^^^^^^^^^^^^^^^^^^\n  File \"/Users/sumatidhingra/Documents/AaramBooks/Aaram_Inventory/test_env/lib/python3.11/site-packages/pydantic/main.py\", line 551, in model_validate\n    return cls.__pydantic_validator__.validate_python(\n           ^^^^^^^^^^^^^^^^^^^^^^^^^^^^^^^^^^^^^^^^^^^\npydantic_core._pydantic_core.ValidationError: 1 validation error for SKUResponse\ncolor\n  String should have at most 50 characters [type=string_too_long, input_value='French Blue (Base), Must...d Ivory White (Accents)', input_type=str]\n    For further information visit https://errors.pydantic.dev/2.7/v/string_too_long"}
INFO:     127.0.0.1:57471 - "GET /api/v1/masters/skus HTTP/1.1" 500 Internal Server Error
ERROR:    Exception in ASGI application
  + Exception Group Traceback (most recent call last):
  |   File "/Users/sumatidhingra/Documents/AaramBooks/Aaram_Inventory/test_env/lib/python3.11/site-packages/starlette/_utils.py", line 87, in collapse_excgroups
  |     yield
  |   File "/Users/sumatidhingra/Documents/AaramBooks/Aaram_Inventory/test_env/lib/python3.11/site-packages/starlette/middleware/base.py", line 190, in __call__
  |     async with anyio.create_task_group() as task_group:
  |   File "/Users/sumatidhingra/Documents/AaramBooks/Aaram_Inventory/test_env/lib/python3.11/site-packages/anyio/_backends/_asyncio.py", line 815, in __aexit__
  |     raise BaseExceptionGroup(
  | ExceptionGroup: unhandled errors in a TaskGroup (1 sub-exception)
  +-+---------------- 1 ----------------
    | Traceback (most recent call last):
    |   File "/Users/sumatidhingra/Documents/AaramBooks/Aaram_Inventory/test_env/lib/python3.11/site-packages/uvicorn/protocols/http/httptools_impl.py", line 399, in run_asgi
    |     result = await app(  # type: ignore[func-returns-value]
    |              ^^^^^^^^^^^^^^^^^^^^^^^^^^^^^^^^^^^^^^^^^^^^^^
    |   File "/Users/sumatidhingra/Documents/AaramBooks/Aaram_Inventory/test_env/lib/python3.11/site-packages/uvicorn/middleware/proxy_headers.py", line 70, in __call__
    |     return await self.app(scope, receive, send)
    |            ^^^^^^^^^^^^^^^^^^^^^^^^^^^^^^^^^^^^
    |   File "/Users/sumatidhingra/Documents/AaramBooks/Aaram_Inventory/test_env/lib/python3.11/site-packages/fastapi/applications.py", line 1054, in __call__
    |     await super().__call__(scope, receive, send)
    |   File "/Users/sumatidhingra/Documents/AaramBooks/Aaram_Inventory/test_env/lib/python3.11/site-packages/starlette/applications.py", line 123, in __call__
    |     await self.middleware_stack(scope, receive, send)
    |   File "/Users/sumatidhingra/Documents/AaramBooks/Aaram_Inventory/test_env/lib/python3.11/site-packages/starlette/middleware/errors.py", line 186, in __call__
    |     raise exc
    |   File "/Users/sumatidhingra/Documents/AaramBooks/Aaram_Inventory/test_env/lib/python3.11/site-packages/starlette/middleware/errors.py", line 164, in __call__
    |     await self.app(scope, receive, _send)
    |   File "/Users/sumatidhingra/Documents/AaramBooks/Aaram_Inventory/test_env/lib/python3.11/site-packages/starlette/middleware/base.py", line 189, in __call__
    |     with collapse_excgroups():
    |   File "/Library/Frameworks/Python.framework/Versions/3.11/lib/python3.11/contextlib.py", line 158, in __exit__
    |     self.gen.throw(typ, value, traceback)
    |   File "/Users/sumatidhingra/Documents/AaramBooks/Aaram_Inventory/test_env/lib/python3.11/site-packages/starlette/_utils.py", line 93, in collapse_excgroups
    |     raise exc
    |   File "/Users/sumatidhingra/Documents/AaramBooks/Aaram_Inventory/test_env/lib/python3.11/site-packages/starlette/middleware/base.py", line 191, in __call__
    |     response = await self.dispatch_func(request, call_next)
    |                ^^^^^^^^^^^^^^^^^^^^^^^^^^^^^^^^^^^^^^^^^^^^
    |   File "/Users/sumatidhingra/Documents/AaramBooks/Aaram_Inventory/src/foundation/api/middleware.py", line 15, in dispatch
    |     response: Response = await call_next(request)
    |                          ^^^^^^^^^^^^^^^^^^^^^^^^
    |   File "/Users/sumatidhingra/Documents/AaramBooks/Aaram_Inventory/test_env/lib/python3.11/site-packages/starlette/middleware/base.py", line 165, in call_next
    |     raise app_exc
    |   File "/Users/sumatidhingra/Documents/AaramBooks/Aaram_Inventory/test_env/lib/python3.11/site-packages/starlette/middleware/base.py", line 151, in coro
    |     await self.app(scope, receive_or_disconnect, send_no_error)
    |   File "/Users/sumatidhingra/Documents/AaramBooks/Aaram_Inventory/test_env/lib/python3.11/site-packages/starlette/middleware/cors.py", line 93, in __call__
    |     await self.simple_response(scope, receive, send, request_headers=headers)
    |   File "/Users/sumatidhingra/Documents/AaramBooks/Aaram_Inventory/test_env/lib/python3.11/site-packages/starlette/middleware/cors.py", line 148, in simple_response
    |     await self.app(scope, receive, send)
    |   File "/Users/sumatidhingra/Documents/AaramBooks/Aaram_Inventory/test_env/lib/python3.11/site-packages/starlette/middleware/exceptions.py", line 65, in __call__
    |     await wrap_app_handling_exceptions(self.app, conn)(scope, receive, send)
    |   File "/Users/sumatidhingra/Documents/AaramBooks/Aaram_Inventory/test_env/lib/python3.11/site-packages/starlette/_exception_handler.py", line 64, in wrapped_app
    |     raise exc
    |   File "/Users/sumatidhingra/Documents/AaramBooks/Aaram_Inventory/test_env/lib/python3.11/site-packages/starlette/_exception_handler.py", line 53, in wrapped_app
    |     await app(scope, receive, sender)
    |   File "/Users/sumatidhingra/Documents/AaramBooks/Aaram_Inventory/test_env/lib/python3.11/site-packages/starlette/routing.py", line 756, in __call__
    |     await self.middleware_stack(scope, receive, send)
    |   File "/Users/sumatidhingra/Documents/AaramBooks/Aaram_Inventory/test_env/lib/python3.11/site-packages/starlette/routing.py", line 776, in app
    |     await route.handle(scope, receive, send)
    |   File "/Users/sumatidhingra/Documents/AaramBooks/Aaram_Inventory/test_env/lib/python3.11/site-packages/starlette/routing.py", line 297, in handle
    |     await self.app(scope, receive, send)
    |   File "/Users/sumatidhingra/Documents/AaramBooks/Aaram_Inventory/test_env/lib/python3.11/site-packages/starlette/routing.py", line 77, in app
    |     await wrap_app_handling_exceptions(app, request)(scope, receive, send)
    |   File "/Users/sumatidhingra/Documents/AaramBooks/Aaram_Inventory/test_env/lib/python3.11/site-packages/starlette/_exception_handler.py", line 64, in wrapped_app
    |     raise exc
    |   File "/Users/sumatidhingra/Documents/AaramBooks/Aaram_Inventory/test_env/lib/python3.11/site-packages/starlette/_exception_handler.py", line 53, in wrapped_app
    |     await app(scope, receive, sender)
    |   File "/Users/sumatidhingra/Documents/AaramBooks/Aaram_Inventory/test_env/lib/python3.11/site-packages/starlette/routing.py", line 72, in app
    |     response = await func(request)
    |                ^^^^^^^^^^^^^^^^^^^
    |   File "/Users/sumatidhingra/Documents/AaramBooks/Aaram_Inventory/test_env/lib/python3.11/site-packages/fastapi/routing.py", line 278, in app
    |     raw_response = await run_endpoint_function(
    |                    ^^^^^^^^^^^^^^^^^^^^^^^^^^^^
    |   File "/Users/sumatidhingra/Documents/AaramBooks/Aaram_Inventory/test_env/lib/python3.11/site-packages/fastapi/routing.py", line 191, in run_endpoint_function
    |     return await dependant.call(**values)
    |            ^^^^^^^^^^^^^^^^^^^^^^^^^^^^^^
    |   File "/Users/sumatidhingra/Documents/AaramBooks/Aaram_Inventory/test_env/lib/python3.11/site-packages/dependency_injector/wiring.py", line 994, in _patched
    |     return await _async_inject(
    |            ^^^^^^^^^^^^^^^^^^^^
    |   File "src/dependency_injector/_cwiring.pyx", line 66, in _async_inject
    |   File "/Users/sumatidhingra/Documents/AaramBooks/Aaram_Inventory/src/domains/masters/api/sku.py", line 22, in list_skus
    |     response_data = [SKUResponse.model_validate(sku, from_attributes=True) for sku in skus]
    |                     ^^^^^^^^^^^^^^^^^^^^^^^^^^^^^^^^^^^^^^^^^^^^^^^^^^^^^^^^^^^^^^^^^^^^^^^
    |   File "/Users/sumatidhingra/Documents/AaramBooks/Aaram_Inventory/src/domains/masters/api/sku.py", line 22, in <listcomp>
    |     response_data = [SKUResponse.model_validate(sku, from_attributes=True) for sku in skus]
    |                      ^^^^^^^^^^^^^^^^^^^^^^^^^^^^^^^^^^^^^^^^^^^^^^^^^^^^^
    |   File "/Users/sumatidhingra/Documents/AaramBooks/Aaram_Inventory/test_env/lib/python3.11/site-packages/pydantic/main.py", line 551, in model_validate
    |     return cls.__pydantic_validator__.validate_python(
    |            ^^^^^^^^^^^^^^^^^^^^^^^^^^^^^^^^^^^^^^^^^^^
    | pydantic_core._pydantic_core.ValidationError: 1 validation error for SKUResponse
    | color
    |   String should have at most 50 characters [type=string_too_long, input_value='French Blue (Base), Must...d Ivory White (Accents)', input_type=str]
    |     For further information visit https://errors.pydantic.dev/2.7/v/string_too_long
    +------------------------------------

During handling of the above exception, another exception occurred:

Traceback (most recent call last):
  File "/Users/sumatidhingra/Documents/AaramBooks/Aaram_Inventory/test_env/lib/python3.11/site-packages/uvicorn/protocols/http/httptools_impl.py", line 399, in run_asgi
    result = await app(  # type: ignore[func-returns-value]
             ^^^^^^^^^^^^^^^^^^^^^^^^^^^^^^^^^^^^^^^^^^^^^^
  File "/Users/sumatidhingra/Documents/AaramBooks/Aaram_Inventory/test_env/lib/python3.11/site-packages/uvicorn/middleware/proxy_headers.py", line 70, in __call__
    return await self.app(scope, receive, send)
           ^^^^^^^^^^^^^^^^^^^^^^^^^^^^^^^^^^^^
  File "/Users/sumatidhingra/Documents/AaramBooks/Aaram_Inventory/test_env/lib/python3.11/site-packages/fastapi/applications.py", line 1054, in __call__
    await super().__call__(scope, receive, send)
  File "/Users/sumatidhingra/Documents/AaramBooks/Aaram_Inventory/test_env/lib/python3.11/site-packages/starlette/applications.py", line 123, in __call__
    await self.middleware_stack(scope, receive, send)
  File "/Users/sumatidhingra/Documents/AaramBooks/Aaram_Inventory/test_env/lib/python3.11/site-packages/starlette/middleware/errors.py", line 186, in __call__
    raise exc
  File "/Users/sumatidhingra/Documents/AaramBooks/Aaram_Inventory/test_env/lib/python3.11/site-packages/starlette/middleware/errors.py", line 164, in __call__
    await self.app(scope, receive, _send)
  File "/Users/sumatidhingra/Documents/AaramBooks/Aaram_Inventory/test_env/lib/python3.11/site-packages/starlette/middleware/base.py", line 189, in __call__
    with collapse_excgroups():
  File "/Library/Frameworks/Python.framework/Versions/3.11/lib/python3.11/contextlib.py", line 158, in __exit__
    self.gen.throw(typ, value, traceback)
  File "/Users/sumatidhingra/Documents/AaramBooks/Aaram_Inventory/test_env/lib/python3.11/site-packages/starlette/_utils.py", line 93, in collapse_excgroups
    raise exc
  File "/Users/sumatidhingra/Documents/AaramBooks/Aaram_Inventory/test_env/lib/python3.11/site-packages/starlette/middleware/base.py", line 191, in __call__
    response = await self.dispatch_func(request, call_next)
               ^^^^^^^^^^^^^^^^^^^^^^^^^^^^^^^^^^^^^^^^^^^^
  File "/Users/sumatidhingra/Documents/AaramBooks/Aaram_Inventory/src/foundation/api/middleware.py", line 15, in dispatch
    response: Response = await call_next(request)
                         ^^^^^^^^^^^^^^^^^^^^^^^^
  File "/Users/sumatidhingra/Documents/AaramBooks/Aaram_Inventory/test_env/lib/python3.11/site-packages/starlette/middleware/base.py", line 165, in call_next
    raise app_exc
  File "/Users/sumatidhingra/Documents/AaramBooks/Aaram_Inventory/test_env/lib/python3.11/site-packages/starlette/middleware/base.py", line 151, in coro
    await self.app(scope, receive_or_disconnect, send_no_error)
  File "/Users/sumatidhingra/Documents/AaramBooks/Aaram_Inventory/test_env/lib/python3.11/site-packages/starlette/middleware/cors.py", line 93, in __call__
    await self.simple_response(scope, receive, send, request_headers=headers)
  File "/Users/sumatidhingra/Documents/AaramBooks/Aaram_Inventory/test_env/lib/python3.11/site-packages/starlette/middleware/cors.py", line 148, in simple_response
    await self.app(scope, receive, send)
  File "/Users/sumatidhingra/Documents/AaramBooks/Aaram_Inventory/test_env/lib/python3.11/site-packages/starlette/middleware/exceptions.py", line 65, in __call__
    await wrap_app_handling_exceptions(self.app, conn)(scope, receive, send)
  File "/Users/sumatidhingra/Documents/AaramBooks/Aaram_Inventory/test_env/lib/python3.11/site-packages/starlette/_exception_handler.py", line 64, in wrapped_app
    raise exc
  File "/Users/sumatidhingra/Documents/AaramBooks/Aaram_Inventory/test_env/lib/python3.11/site-packages/starlette/_exception_handler.py", line 53, in wrapped_app
    await app(scope, receive, sender)
  File "/Users/sumatidhingra/Documents/AaramBooks/Aaram_Inventory/test_env/lib/python3.11/site-packages/starlette/routing.py", line 756, in __call__
    await self.middleware_stack(scope, receive, send)
  File "/Users/sumatidhingra/Documents/AaramBooks/Aaram_Inventory/test_env/lib/python3.11/site-packages/starlette/routing.py", line 776, in app
    await route.handle(scope, receive, send)
  File "/Users/sumatidhingra/Documents/AaramBooks/Aaram_Inventory/test_env/lib/python3.11/site-packages/starlette/routing.py", line 297, in handle
    await self.app(scope, receive, send)
  File "/Users/sumatidhingra/Documents/AaramBooks/Aaram_Inventory/test_env/lib/python3.11/site-packages/starlette/routing.py", line 77, in app
    await wrap_app_handling_exceptions(app, request)(scope, receive, send)
  File "/Users/sumatidhingra/Documents/AaramBooks/Aaram_Inventory/test_env/lib/python3.11/site-packages/starlette/_exception_handler.py", line 64, in wrapped_app
    raise exc
  File "/Users/sumatidhingra/Documents/AaramBooks/Aaram_Inventory/test_env/lib/python3.11/site-packages/starlette/_exception_handler.py", line 53, in wrapped_app
    await app(scope, receive, sender)
  File "/Users/sumatidhingra/Documents/AaramBooks/Aaram_Inventory/test_env/lib/python3.11/site-packages/starlette/routing.py", line 72, in app
    response = await func(request)
               ^^^^^^^^^^^^^^^^^^^
  File "/Users/sumatidhingra/Documents/AaramBooks/Aaram_Inventory/test_env/lib/python3.11/site-packages/fastapi/routing.py", line 278, in app
    raw_response = await run_endpoint_function(
                   ^^^^^^^^^^^^^^^^^^^^^^^^^^^^
  File "/Users/sumatidhingra/Documents/AaramBooks/Aaram_Inventory/test_env/lib/python3.11/site-packages/fastapi/routing.py", line 191, in run_endpoint_function
    return await dependant.call(**values)
           ^^^^^^^^^^^^^^^^^^^^^^^^^^^^^^
  File "/Users/sumatidhingra/Documents/AaramBooks/Aaram_Inventory/test_env/lib/python3.11/site-packages/dependency_injector/wiring.py", line 994, in _patched
    return await _async_inject(
           ^^^^^^^^^^^^^^^^^^^^
  File "src/dependency_injector/_cwiring.pyx", line 66, in _async_inject
  File "/Users/sumatidhingra/Documents/AaramBooks/Aaram_Inventory/src/domains/masters/api/sku.py", line 22, in list_skus
    response_data = [SKUResponse.model_validate(sku, from_attributes=True) for sku in skus]
                    ^^^^^^^^^^^^^^^^^^^^^^^^^^^^^^^^^^^^^^^^^^^^^^^^^^^^^^^^^^^^^^^^^^^^^^^
  File "/Users/sumatidhingra/Documents/AaramBooks/Aaram_Inventory/src/domains/masters/api/sku.py", line 22, in <listcomp>
    response_data = [SKUResponse.model_validate(sku, from_attributes=True) for sku in skus]
                     ^^^^^^^^^^^^^^^^^^^^^^^^^^^^^^^^^^^^^^^^^^^^^^^^^^^^^
  File "/Users/sumatidhingra/Documents/AaramBooks/Aaram_Inventory/test_env/lib/python3.11/site-packages/pydantic/main.py", line 551, in model_validate
    return cls.__pydantic_validator__.validate_python(
           ^^^^^^^^^^^^^^^^^^^^^^^^^^^^^^^^^^^^^^^^^^^
pydantic_core._pydantic_core.ValidationError: 1 validation error for SKUResponse
color
  String should have at most 50 characters [type=string_too_long, input_value='French Blue (Base), Must...d Ivory White (Accents)', input_type=str]
    For further information visit https://errors.pydantic.dev/2.7/v/string_too_long
INFO:     127.0.0.1:57487 - "GET /api/v1/inventory/balances HTTP/1.1" 200 OK
{"timestamp": "2026-08-06T10:27:15.174173+00:00Z", "level": "ERROR", "logger": "foundation.exceptions", "message": "Unhandled Exception: 1 validation error for SKUResponse\ncolor\n  String should have at most 50 characters [type=string_too_long, input_value='French Blue (Base), Must...d Ivory White (Accents)', input_type=str]\n    For further information visit https://errors.pydantic.dev/2.7/v/string_too_long", "module": "handlers", "function": "unhandled_exception_handler", "line": 47, "request_id": "06a74618-3263-75f8-8000-22b41e44f3ec", "exception": "  + Exception Group Traceback (most recent call last):\n  |   File \"/Users/sumatidhingra/Documents/AaramBooks/Aaram_Inventory/test_env/lib/python3.11/site-packages/starlette/_utils.py\", line 87, in collapse_excgroups\n  |     yield\n  |   File \"/Users/sumatidhingra/Documents/AaramBooks/Aaram_Inventory/test_env/lib/python3.11/site-packages/starlette/middleware/base.py\", line 190, in __call__\n  |     async with anyio.create_task_group() as task_group:\n  |   File \"/Users/sumatidhingra/Documents/AaramBooks/Aaram_Inventory/test_env/lib/python3.11/site-packages/anyio/_backends/_asyncio.py\", line 815, in __aexit__\n  |     raise BaseExceptionGroup(\n  | ExceptionGroup: unhandled errors in a TaskGroup (1 sub-exception)\n  +-+---------------- 1 ----------------\n    | Traceback (most recent call last):\n    |   File \"/Users/sumatidhingra/Documents/AaramBooks/Aaram_Inventory/test_env/lib/python3.11/site-packages/starlette/middleware/errors.py\", line 164, in __call__\n    |     await self.app(scope, receive, _send)\n    |   File \"/Users/sumatidhingra/Documents/AaramBooks/Aaram_Inventory/test_env/lib/python3.11/site-packages/starlette/middleware/base.py\", line 189, in __call__\n    |     with collapse_excgroups():\n    |   File \"/Library/Frameworks/Python.framework/Versions/3.11/lib/python3.11/contextlib.py\", line 158, in __exit__\n    |     self.gen.throw(typ, value, traceback)\n    |   File \"/Users/sumatidhingra/Documents/AaramBooks/Aaram_Inventory/test_env/lib/python3.11/site-packages/starlette/_utils.py\", line 93, in collapse_excgroups\n    |     raise exc\n    |   File \"/Users/sumatidhingra/Documents/AaramBooks/Aaram_Inventory/test_env/lib/python3.11/site-packages/starlette/middleware/base.py\", line 191, in __call__\n    |     response = await self.dispatch_func(request, call_next)\n    |                ^^^^^^^^^^^^^^^^^^^^^^^^^^^^^^^^^^^^^^^^^^^^\n    |   File \"/Users/sumatidhingra/Documents/AaramBooks/Aaram_Inventory/src/foundation/api/middleware.py\", line 15, in dispatch\n    |     response: Response = await call_next(request)\n    |                          ^^^^^^^^^^^^^^^^^^^^^^^^\n    |   File \"/Users/sumatidhingra/Documents/AaramBooks/Aaram_Inventory/test_env/lib/python3.11/site-packages/starlette/middleware/base.py\", line 165, in call_next\n    |     raise app_exc\n    |   File \"/Users/sumatidhingra/Documents/AaramBooks/Aaram_Inventory/test_env/lib/python3.11/site-packages/starlette/middleware/base.py\", line 151, in coro\n    |     await self.app(scope, receive_or_disconnect, send_no_error)\n    |   File \"/Users/sumatidhingra/Documents/AaramBooks/Aaram_Inventory/test_env/lib/python3.11/site-packages/starlette/middleware/cors.py\", line 93, in __call__\n    |     await self.simple_response(scope, receive, send, request_headers=headers)\n    |   File \"/Users/sumatidhingra/Documents/AaramBooks/Aaram_Inventory/test_env/lib/python3.11/site-packages/starlette/middleware/cors.py\", line 148, in simple_response\n    |     await self.app(scope, receive, send)\n    |   File \"/Users/sumatidhingra/Documents/AaramBooks/Aaram_Inventory/test_env/lib/python3.11/site-packages/starlette/middleware/exceptions.py\", line 65, in __call__\n    |     await wrap_app_handling_exceptions(self.app, conn)(scope, receive, send)\n    |   File \"/Users/sumatidhingra/Documents/AaramBooks/Aaram_Inventory/test_env/lib/python3.11/site-packages/starlette/_exception_handler.py\", line 64, in wrapped_app\n    |     raise exc\n    |   File \"/Users/sumatidhingra/Documents/AaramBooks/Aaram_Inventory/test_env/lib/python3.11/site-packages/starlette/_exception_handler.py\", line 53, in wrapped_app\n    |     await app(scope, receive, sender)\n    |   File \"/Users/sumatidhingra/Documents/AaramBooks/Aaram_Inventory/test_env/lib/python3.11/site-packages/starlette/routing.py\", line 756, in __call__\n    |     await self.middleware_stack(scope, receive, send)\n    |   File \"/Users/sumatidhingra/Documents/AaramBooks/Aaram_Inventory/test_env/lib/python3.11/site-packages/starlette/routing.py\", line 776, in app\n    |     await route.handle(scope, receive, send)\n    |   File \"/Users/sumatidhingra/Documents/AaramBooks/Aaram_Inventory/test_env/lib/python3.11/site-packages/starlette/routing.py\", line 297, in handle\n    |     await self.app(scope, receive, send)\n    |   File \"/Users/sumatidhingra/Documents/AaramBooks/Aaram_Inventory/test_env/lib/python3.11/site-packages/starlette/routing.py\", line 77, in app\n    |     await wrap_app_handling_exceptions(app, request)(scope, receive, send)\n    |   File \"/Users/sumatidhingra/Documents/AaramBooks/Aaram_Inventory/test_env/lib/python3.11/site-packages/starlette/_exception_handler.py\", line 64, in wrapped_app\n    |     raise exc\n    |   File \"/Users/sumatidhingra/Documents/AaramBooks/Aaram_Inventory/test_env/lib/python3.11/site-packages/starlette/_exception_handler.py\", line 53, in wrapped_app\n    |     await app(scope, receive, sender)\n    |   File \"/Users/sumatidhingra/Documents/AaramBooks/Aaram_Inventory/test_env/lib/python3.11/site-packages/starlette/routing.py\", line 72, in app\n    |     response = await func(request)\n    |                ^^^^^^^^^^^^^^^^^^^\n    |   File \"/Users/sumatidhingra/Documents/AaramBooks/Aaram_Inventory/test_env/lib/python3.11/site-packages/fastapi/routing.py\", line 278, in app\n    |     raw_response = await run_endpoint_function(\n    |                    ^^^^^^^^^^^^^^^^^^^^^^^^^^^^\n    |   File \"/Users/sumatidhingra/Documents/AaramBooks/Aaram_Inventory/test_env/lib/python3.11/site-packages/fastapi/routing.py\", line 191, in run_endpoint_function\n    |     return await dependant.call(**values)\n    |            ^^^^^^^^^^^^^^^^^^^^^^^^^^^^^^\n    |   File \"/Users/sumatidhingra/Documents/AaramBooks/Aaram_Inventory/test_env/lib/python3.11/site-packages/dependency_injector/wiring.py\", line 994, in _patched\n    |     return await _async_inject(\n    |            ^^^^^^^^^^^^^^^^^^^^\n    |   File \"src/dependency_injector/_cwiring.pyx\", line 66, in _async_inject\n    |   File \"/Users/sumatidhingra/Documents/AaramBooks/Aaram_Inventory/src/domains/masters/api/sku.py\", line 22, in list_skus\n    |     response_data = [SKUResponse.model_validate(sku, from_attributes=True) for sku in skus]\n    |                     ^^^^^^^^^^^^^^^^^^^^^^^^^^^^^^^^^^^^^^^^^^^^^^^^^^^^^^^^^^^^^^^^^^^^^^^\n    |   File \"/Users/sumatidhingra/Documents/AaramBooks/Aaram_Inventory/src/domains/masters/api/sku.py\", line 22, in <listcomp>\n    |     response_data = [SKUResponse.model_validate(sku, from_attributes=True) for sku in skus]\n    |                      ^^^^^^^^^^^^^^^^^^^^^^^^^^^^^^^^^^^^^^^^^^^^^^^^^^^^^\n    |   File \"/Users/sumatidhingra/Documents/AaramBooks/Aaram_Inventory/test_env/lib/python3.11/site-packages/pydantic/main.py\", line 551, in model_validate\n    |     return cls.__pydantic_validator__.validate_python(\n    |            ^^^^^^^^^^^^^^^^^^^^^^^^^^^^^^^^^^^^^^^^^^^\n    | pydantic_core._pydantic_core.ValidationError: 1 validation error for SKUResponse\n    | color\n    |   String should have at most 50 characters [type=string_too_long, input_value='French Blue (Base), Must...d Ivory White (Accents)', input_type=str]\n    |     For further information visit https://errors.pydantic.dev/2.7/v/string_too_long\n    +------------------------------------\n\nDuring handling of the above exception, another exception occurred:\n\nTraceback (most recent call last):\n  File \"/Users/sumatidhingra/Documents/AaramBooks/Aaram_Inventory/test_env/lib/python3.11/site-packages/starlette/middleware/errors.py\", line 164, in __call__\n    await self.app(scope, receive, _send)\n  File \"/Users/sumatidhingra/Documents/AaramBooks/Aaram_Inventory/test_env/lib/python3.11/site-packages/starlette/middleware/base.py\", line 189, in __call__\n    with collapse_excgroups():\n  File \"/Library/Frameworks/Python.framework/Versions/3.11/lib/python3.11/contextlib.py\", line 158, in __exit__\n    self.gen.throw(typ, value, traceback)\n  File \"/Users/sumatidhingra/Documents/AaramBooks/Aaram_Inventory/test_env/lib/python3.11/site-packages/starlette/_utils.py\", line 93, in collapse_excgroups\n    raise exc\n  File \"/Users/sumatidhingra/Documents/AaramBooks/Aaram_Inventory/test_env/lib/python3.11/site-packages/starlette/middleware/base.py\", line 191, in __call__\n    response = await self.dispatch_func(request, call_next)\n               ^^^^^^^^^^^^^^^^^^^^^^^^^^^^^^^^^^^^^^^^^^^^\n  File \"/Users/sumatidhingra/Documents/AaramBooks/Aaram_Inventory/src/foundation/api/middleware.py\", line 15, in dispatch\n    response: Response = await call_next(request)\n                         ^^^^^^^^^^^^^^^^^^^^^^^^\n  File \"/Users/sumatidhingra/Documents/AaramBooks/Aaram_Inventory/test_env/lib/python3.11/site-packages/starlette/middleware/base.py\", line 165, in call_next\n    raise app_exc\n  File \"/Users/sumatidhingra/Documents/AaramBooks/Aaram_Inventory/test_env/lib/python3.11/site-packages/starlette/middleware/base.py\", line 151, in coro\n    await self.app(scope, receive_or_disconnect, send_no_error)\n  File \"/Users/sumatidhingra/Documents/AaramBooks/Aaram_Inventory/test_env/lib/python3.11/site-packages/starlette/middleware/cors.py\", line 93, in __call__\n    await self.simple_response(scope, receive, send, request_headers=headers)\n  File \"/Users/sumatidhingra/Documents/AaramBooks/Aaram_Inventory/test_env/lib/python3.11/site-packages/starlette/middleware/cors.py\", line 148, in simple_response\n    await self.app(scope, receive, send)\n  File \"/Users/sumatidhingra/Documents/AaramBooks/Aaram_Inventory/test_env/lib/python3.11/site-packages/starlette/middleware/exceptions.py\", line 65, in __call__\n    await wrap_app_handling_exceptions(self.app, conn)(scope, receive, send)\n  File \"/Users/sumatidhingra/Documents/AaramBooks/Aaram_Inventory/test_env/lib/python3.11/site-packages/starlette/_exception_handler.py\", line 64, in wrapped_app\n    raise exc\n  File \"/Users/sumatidhingra/Documents/AaramBooks/Aaram_Inventory/test_env/lib/python3.11/site-packages/starlette/_exception_handler.py\", line 53, in wrapped_app\n    await app(scope, receive, sender)\n  File \"/Users/sumatidhingra/Documents/AaramBooks/Aaram_Inventory/test_env/lib/python3.11/site-packages/starlette/routing.py\", line 756, in __call__\n    await self.middleware_stack(scope, receive, send)\n  File \"/Users/sumatidhingra/Documents/AaramBooks/Aaram_Inventory/test_env/lib/python3.11/site-packages/starlette/routing.py\", line 776, in app\n    await route.handle(scope, receive, send)\n  File \"/Users/sumatidhingra/Documents/AaramBooks/Aaram_Inventory/test_env/lib/python3.11/site-packages/starlette/routing.py\", line 297, in handle\n    await self.app(scope, receive, send)\n  File \"/Users/sumatidhingra/Documents/AaramBooks/Aaram_Inventory/test_env/lib/python3.11/site-packages/starlette/routing.py\", line 77, in app\n    await wrap_app_handling_exceptions(app, request)(scope, receive, send)\n  File \"/Users/sumatidhingra/Documents/AaramBooks/Aaram_Inventory/test_env/lib/python3.11/site-packages/starlette/_exception_handler.py\", line 64, in wrapped_app\n    raise exc\n  File \"/Users/sumatidhingra/Documents/AaramBooks/Aaram_Inventory/test_env/lib/python3.11/site-packages/starlette/_exception_handler.py\", line 53, in wrapped_app\n    await app(scope, receive, sender)\n  File \"/Users/sumatidhingra/Documents/AaramBooks/Aaram_Inventory/test_env/lib/python3.11/site-packages/starlette/routing.py\", line 72, in app\n    response = await func(request)\n               ^^^^^^^^^^^^^^^^^^^\n  File \"/Users/sumatidhingra/Documents/AaramBooks/Aaram_Inventory/test_env/lib/python3.11/site-packages/fastapi/routing.py\", line 278, in app\n    raw_response = await run_endpoint_function(\n                   ^^^^^^^^^^^^^^^^^^^^^^^^^^^^\n  File \"/Users/sumatidhingra/Documents/AaramBooks/Aaram_Inventory/test_env/lib/python3.11/site-packages/fastapi/routing.py\", line 191, in run_endpoint_function\n    return await dependant.call(**values)\n           ^^^^^^^^^^^^^^^^^^^^^^^^^^^^^^\n  File \"/Users/sumatidhingra/Documents/AaramBooks/Aaram_Inventory/test_env/lib/python3.11/site-packages/dependency_injector/wiring.py\", line 994, in _patched\n    return await _async_inject(\n           ^^^^^^^^^^^^^^^^^^^^\n  File \"src/dependency_injector/_cwiring.pyx\", line 66, in _async_inject\n  File \"/Users/sumatidhingra/Documents/AaramBooks/Aaram_Inventory/src/domains/masters/api/sku.py\", line 22, in list_skus\n    response_data = [SKUResponse.model_validate(sku, from_attributes=True) for sku in skus]\n                    ^^^^^^^^^^^^^^^^^^^^^^^^^^^^^^^^^^^^^^^^^^^^^^^^^^^^^^^^^^^^^^^^^^^^^^^\n  File \"/Users/sumatidhingra/Documents/AaramBooks/Aaram_Inventory/src/domains/masters/api/sku.py\", line 22, in <listcomp>\n    response_data = [SKUResponse.model_validate(sku, from_attributes=True) for sku in skus]\n                     ^^^^^^^^^^^^^^^^^^^^^^^^^^^^^^^^^^^^^^^^^^^^^^^^^^^^^\n  File \"/Users/sumatidhingra/Documents/AaramBooks/Aaram_Inventory/test_env/lib/python3.11/site-packages/pydantic/main.py\", line 551, in model_validate\n    return cls.__pydantic_validator__.validate_python(\n           ^^^^^^^^^^^^^^^^^^^^^^^^^^^^^^^^^^^^^^^^^^^\npydantic_core._pydantic_core.ValidationError: 1 validation error for SKUResponse\ncolor\n  String should have at most 50 characters [type=string_too_long, input_value='French Blue (Base), Must...d Ivory White (Accents)', input_type=str]\n    For further information visit https://errors.pydantic.dev/2.7/v/string_too_long"}
INFO:     127.0.0.1:57470 - "GET /api/v1/masters/skus HTTP/1.1" 500 Internal Server Error
ERROR:    Exception in ASGI application
  + Exception Group Traceback (most recent call last):
  |   File "/Users/sumatidhingra/Documents/AaramBooks/Aaram_Inventory/test_env/lib/python3.11/site-packages/starlette/_utils.py", line 87, in collapse_excgroups
  |     yield
  |   File "/Users/sumatidhingra/Documents/AaramBooks/Aaram_Inventory/test_env/lib/python3.11/site-packages/starlette/middleware/base.py", line 190, in __call__
  |     async with anyio.create_task_group() as task_group:
  |   File "/Users/sumatidhingra/Documents/AaramBooks/Aaram_Inventory/test_env/lib/python3.11/site-packages/anyio/_backends/_asyncio.py", line 815, in __aexit__
  |     raise BaseExceptionGroup(
  | ExceptionGroup: unhandled errors in a TaskGroup (1 sub-exception)
  +-+---------------- 1 ----------------
    | Traceback (most recent call last):
    |   File "/Users/sumatidhingra/Documents/AaramBooks/Aaram_Inventory/test_env/lib/python3.11/site-packages/uvicorn/protocols/http/httptools_impl.py", line 399, in run_asgi
    |     result = await app(  # type: ignore[func-returns-value]
    |              ^^^^^^^^^^^^^^^^^^^^^^^^^^^^^^^^^^^^^^^^^^^^^^
    |   File "/Users/sumatidhingra/Documents/AaramBooks/Aaram_Inventory/test_env/lib/python3.11/site-packages/uvicorn/middleware/proxy_headers.py", line 70, in __call__
    |     return await self.app(scope, receive, send)
    |            ^^^^^^^^^^^^^^^^^^^^^^^^^^^^^^^^^^^^
    |   File "/Users/sumatidhingra/Documents/AaramBooks/Aaram_Inventory/test_env/lib/python3.11/site-packages/fastapi/applications.py", line 1054, in __call__
    |     await super().__call__(scope, receive, send)
    |   File "/Users/sumatidhingra/Documents/AaramBooks/Aaram_Inventory/test_env/lib/python3.11/site-packages/starlette/applications.py", line 123, in __call__
    |     await self.middleware_stack(scope, receive, send)
    |   File "/Users/sumatidhingra/Documents/AaramBooks/Aaram_Inventory/test_env/lib/python3.11/site-packages/starlette/middleware/errors.py", line 186, in __call__
    |     raise exc
    |   File "/Users/sumatidhingra/Documents/AaramBooks/Aaram_Inventory/test_env/lib/python3.11/site-packages/starlette/middleware/errors.py", line 164, in __call__
    |     await self.app(scope, receive, _send)
    |   File "/Users/sumatidhingra/Documents/AaramBooks/Aaram_Inventory/test_env/lib/python3.11/site-packages/starlette/middleware/base.py", line 189, in __call__
    |     with collapse_excgroups():
    |   File "/Library/Frameworks/Python.framework/Versions/3.11/lib/python3.11/contextlib.py", line 158, in __exit__
    |     self.gen.throw(typ, value, traceback)
    |   File "/Users/sumatidhingra/Documents/AaramBooks/Aaram_Inventory/test_env/lib/python3.11/site-packages/starlette/_utils.py", line 93, in collapse_excgroups
    |     raise exc
    |   File "/Users/sumatidhingra/Documents/AaramBooks/Aaram_Inventory/test_env/lib/python3.11/site-packages/starlette/middleware/base.py", line 191, in __call__
    |     response = await self.dispatch_func(request, call_next)
    |                ^^^^^^^^^^^^^^^^^^^^^^^^^^^^^^^^^^^^^^^^^^^^
    |   File "/Users/sumatidhingra/Documents/AaramBooks/Aaram_Inventory/src/foundation/api/middleware.py", line 15, in dispatch
    |     response: Response = await call_next(request)
    |                          ^^^^^^^^^^^^^^^^^^^^^^^^
    |   File "/Users/sumatidhingra/Documents/AaramBooks/Aaram_Inventory/test_env/lib/python3.11/site-packages/starlette/middleware/base.py", line 165, in call_next
    |     raise app_exc
    |   File "/Users/sumatidhingra/Documents/AaramBooks/Aaram_Inventory/test_env/lib/python3.11/site-packages/starlette/middleware/base.py", line 151, in coro
    |     await self.app(scope, receive_or_disconnect, send_no_error)
    |   File "/Users/sumatidhingra/Documents/AaramBooks/Aaram_Inventory/test_env/lib/python3.11/site-packages/starlette/middleware/cors.py", line 93, in __call__
    |     await self.simple_response(scope, receive, send, request_headers=headers)
    |   File "/Users/sumatidhingra/Documents/AaramBooks/Aaram_Inventory/test_env/lib/python3.11/site-packages/starlette/middleware/cors.py", line 148, in simple_response
    |     await self.app(scope, receive, send)
    |   File "/Users/sumatidhingra/Documents/AaramBooks/Aaram_Inventory/test_env/lib/python3.11/site-packages/starlette/middleware/exceptions.py", line 65, in __call__
    |     await wrap_app_handling_exceptions(self.app, conn)(scope, receive, send)
    |   File "/Users/sumatidhingra/Documents/AaramBooks/Aaram_Inventory/test_env/lib/python3.11/site-packages/starlette/_exception_handler.py", line 64, in wrapped_app
    |     raise exc
    |   File "/Users/sumatidhingra/Documents/AaramBooks/Aaram_Inventory/test_env/lib/python3.11/site-packages/starlette/_exception_handler.py", line 53, in wrapped_app
    |     await app(scope, receive, sender)
    |   File "/Users/sumatidhingra/Documents/AaramBooks/Aaram_Inventory/test_env/lib/python3.11/site-packages/starlette/routing.py", line 756, in __call__
    |     await self.middleware_stack(scope, receive, send)
    |   File "/Users/sumatidhingra/Documents/AaramBooks/Aaram_Inventory/test_env/lib/python3.11/site-packages/starlette/routing.py", line 776, in app
    |     await route.handle(scope, receive, send)
    |   File "/Users/sumatidhingra/Documents/AaramBooks/Aaram_Inventory/test_env/lib/python3.11/site-packages/starlette/routing.py", line 297, in handle
    |     await self.app(scope, receive, send)
    |   File "/Users/sumatidhingra/Documents/AaramBooks/Aaram_Inventory/test_env/lib/python3.11/site-packages/starlette/routing.py", line 77, in app
    |     await wrap_app_handling_exceptions(app, request)(scope, receive, send)
    |   File "/Users/sumatidhingra/Documents/AaramBooks/Aaram_Inventory/test_env/lib/python3.11/site-packages/starlette/_exception_handler.py", line 64, in wrapped_app
    |     raise exc
    |   File "/Users/sumatidhingra/Documents/AaramBooks/Aaram_Inventory/test_env/lib/python3.11/site-packages/starlette/_exception_handler.py", line 53, in wrapped_app
    |     await app(scope, receive, sender)
    |   File "/Users/sumatidhingra/Documents/AaramBooks/Aaram_Inventory/test_env/lib/python3.11/site-packages/starlette/routing.py", line 72, in app
    |     response = await func(request)
    |                ^^^^^^^^^^^^^^^^^^^
    |   File "/Users/sumatidhingra/Documents/AaramBooks/Aaram_Inventory/test_env/lib/python3.11/site-packages/fastapi/routing.py", line 278, in app
    |     raw_response = await run_endpoint_function(
    |                    ^^^^^^^^^^^^^^^^^^^^^^^^^^^^
    |   File "/Users/sumatidhingra/Documents/AaramBooks/Aaram_Inventory/test_env/lib/python3.11/site-packages/fastapi/routing.py", line 191, in run_endpoint_function
    |     return await dependant.call(**values)
    |            ^^^^^^^^^^^^^^^^^^^^^^^^^^^^^^
    |   File "/Users/sumatidhingra/Documents/AaramBooks/Aaram_Inventory/test_env/lib/python3.11/site-packages/dependency_injector/wiring.py", line 994, in _patched
    |     return await _async_inject(
    |            ^^^^^^^^^^^^^^^^^^^^
    |   File "src/dependency_injector/_cwiring.pyx", line 66, in _async_inject
    |   File "/Users/sumatidhingra/Documents/AaramBooks/Aaram_Inventory/src/domains/masters/api/sku.py", line 22, in list_skus
    |     response_data = [SKUResponse.model_validate(sku, from_attributes=True) for sku in skus]
    |                     ^^^^^^^^^^^^^^^^^^^^^^^^^^^^^^^^^^^^^^^^^^^^^^^^^^^^^^^^^^^^^^^^^^^^^^^
    |   File "/Users/sumatidhingra/Documents/AaramBooks/Aaram_Inventory/src/domains/masters/api/sku.py", line 22, in <listcomp>
    |     response_data = [SKUResponse.model_validate(sku, from_attributes=True) for sku in skus]
    |                      ^^^^^^^^^^^^^^^^^^^^^^^^^^^^^^^^^^^^^^^^^^^^^^^^^^^^^
    |   File "/Users/sumatidhingra/Documents/AaramBooks/Aaram_Inventory/test_env/lib/python3.11/site-packages/pydantic/main.py", line 551, in model_validate
    |     return cls.__pydantic_validator__.validate_python(
    |            ^^^^^^^^^^^^^^^^^^^^^^^^^^^^^^^^^^^^^^^^^^^
    | pydantic_core._pydantic_core.ValidationError: 1 validation error for SKUResponse
    | color
    |   String should have at most 50 characters [type=string_too_long, input_value='French Blue (Base), Must...d Ivory White (Accents)', input_type=str]
    |     For further information visit https://errors.pydantic.dev/2.7/v/string_too_long
    +------------------------------------

During handling of the above exception, another exception occurred:

Traceback (most recent call last):
  File "/Users/sumatidhingra/Documents/AaramBooks/Aaram_Inventory/test_env/lib/python3.11/site-packages/uvicorn/protocols/http/httptools_impl.py", line 399, in run_asgi
    result = await app(  # type: ignore[func-returns-value]
             ^^^^^^^^^^^^^^^^^^^^^^^^^^^^^^^^^^^^^^^^^^^^^^
  File "/Users/sumatidhingra/Documents/AaramBooks/Aaram_Inventory/test_env/lib/python3.11/site-packages/uvicorn/middleware/proxy_headers.py", line 70, in __call__
    return await self.app(scope, receive, send)
           ^^^^^^^^^^^^^^^^^^^^^^^^^^^^^^^^^^^^
  File "/Users/sumatidhingra/Documents/AaramBooks/Aaram_Inventory/test_env/lib/python3.11/site-packages/fastapi/applications.py", line 1054, in __call__
    await super().__call__(scope, receive, send)
  File "/Users/sumatidhingra/Documents/AaramBooks/Aaram_Inventory/test_env/lib/python3.11/site-packages/starlette/applications.py", line 123, in __call__
    await self.middleware_stack(scope, receive, send)
  File "/Users/sumatidhingra/Documents/AaramBooks/Aaram_Inventory/test_env/lib/python3.11/site-packages/starlette/middleware/errors.py", line 186, in __call__
    raise exc
  File "/Users/sumatidhingra/Documents/AaramBooks/Aaram_Inventory/test_env/lib/python3.11/site-packages/starlette/middleware/errors.py", line 164, in __call__
    await self.app(scope, receive, _send)
  File "/Users/sumatidhingra/Documents/AaramBooks/Aaram_Inventory/test_env/lib/python3.11/site-packages/starlette/middleware/base.py", line 189, in __call__
    with collapse_excgroups():
  File "/Library/Frameworks/Python.framework/Versions/3.11/lib/python3.11/contextlib.py", line 158, in __exit__
    self.gen.throw(typ, value, traceback)
  File "/Users/sumatidhingra/Documents/AaramBooks/Aaram_Inventory/test_env/lib/python3.11/site-packages/starlette/_utils.py", line 93, in collapse_excgroups
    raise exc
  File "/Users/sumatidhingra/Documents/AaramBooks/Aaram_Inventory/test_env/lib/python3.11/site-packages/starlette/middleware/base.py", line 191, in __call__
    response = await self.dispatch_func(request, call_next)
               ^^^^^^^^^^^^^^^^^^^^^^^^^^^^^^^^^^^^^^^^^^^^
  File "/Users/sumatidhingra/Documents/AaramBooks/Aaram_Inventory/src/foundation/api/middleware.py", line 15, in dispatch
    response: Response = await call_next(request)
                         ^^^^^^^^^^^^^^^^^^^^^^^^
  File "/Users/sumatidhingra/Documents/AaramBooks/Aaram_Inventory/test_env/lib/python3.11/site-packages/starlette/middleware/base.py", line 165, in call_next
    raise app_exc
  File "/Users/sumatidhingra/Documents/AaramBooks/Aaram_Inventory/test_env/lib/python3.11/site-packages/starlette/middleware/base.py", line 151, in coro
    await self.app(scope, receive_or_disconnect, send_no_error)
  File "/Users/sumatidhingra/Documents/AaramBooks/Aaram_Inventory/test_env/lib/python3.11/site-packages/starlette/middleware/cors.py", line 93, in __call__
    await self.simple_response(scope, receive, send, request_headers=headers)
  File "/Users/sumatidhingra/Documents/AaramBooks/Aaram_Inventory/test_env/lib/python3.11/site-packages/starlette/middleware/cors.py", line 148, in simple_response
    await self.app(scope, receive, send)
  File "/Users/sumatidhingra/Documents/AaramBooks/Aaram_Inventory/test_env/lib/python3.11/site-packages/starlette/middleware/exceptions.py", line 65, in __call__
    await wrap_app_handling_exceptions(self.app, conn)(scope, receive, send)
  File "/Users/sumatidhingra/Documents/AaramBooks/Aaram_Inventory/test_env/lib/python3.11/site-packages/starlette/_exception_handler.py", line 64, in wrapped_app
    raise exc
  File "/Users/sumatidhingra/Documents/AaramBooks/Aaram_Inventory/test_env/lib/python3.11/site-packages/starlette/_exception_handler.py", line 53, in wrapped_app
    await app(scope, receive, sender)
  File "/Users/sumatidhingra/Documents/AaramBooks/Aaram_Inventory/test_env/lib/python3.11/site-packages/starlette/routing.py", line 756, in __call__
    await self.middleware_stack(scope, receive, send)
  File "/Users/sumatidhingra/Documents/AaramBooks/Aaram_Inventory/test_env/lib/python3.11/site-packages/starlette/routing.py", line 776, in app
    await route.handle(scope, receive, send)
  File "/Users/sumatidhingra/Documents/AaramBooks/Aaram_Inventory/test_env/lib/python3.11/site-packages/starlette/routing.py", line 297, in handle
    await self.app(scope, receive, send)
  File "/Users/sumatidhingra/Documents/AaramBooks/Aaram_Inventory/test_env/lib/python3.11/site-packages/starlette/routing.py", line 77, in app
    await wrap_app_handling_exceptions(app, request)(scope, receive, send)
  File "/Users/sumatidhingra/Documents/AaramBooks/Aaram_Inventory/test_env/lib/python3.11/site-packages/starlette/_exception_handler.py", line 64, in wrapped_app
    raise exc
  File "/Users/sumatidhingra/Documents/AaramBooks/Aaram_Inventory/test_env/lib/python3.11/site-packages/starlette/_exception_handler.py", line 53, in wrapped_app
    await app(scope, receive, sender)
  File "/Users/sumatidhingra/Documents/AaramBooks/Aaram_Inventory/test_env/lib/python3.11/site-packages/starlette/routing.py", line 72, in app
    response = await func(request)
               ^^^^^^^^^^^^^^^^^^^
  File "/Users/sumatidhingra/Documents/AaramBooks/Aaram_Inventory/test_env/lib/python3.11/site-packages/fastapi/routing.py", line 278, in app
    raw_response = await run_endpoint_function(
                   ^^^^^^^^^^^^^^^^^^^^^^^^^^^^
  File "/Users/sumatidhingra/Documents/AaramBooks/Aaram_Inventory/test_env/lib/python3.11/site-packages/fastapi/routing.py", line 191, in run_endpoint_function
    return await dependant.call(**values)
           ^^^^^^^^^^^^^^^^^^^^^^^^^^^^^^
  File "/Users/sumatidhingra/Documents/AaramBooks/Aaram_Inventory/test_env/lib/python3.11/site-packages/dependency_injector/wiring.py", line 994, in _patched
    return await _async_inject(
           ^^^^^^^^^^^^^^^^^^^^
  File "src/dependency_injector/_cwiring.pyx", line 66, in _async_inject
  File "/Users/sumatidhingra/Documents/AaramBooks/Aaram_Inventory/src/domains/masters/api/sku.py", line 22, in list_skus
    response_data = [SKUResponse.model_validate(sku, from_attributes=True) for sku in skus]
                    ^^^^^^^^^^^^^^^^^^^^^^^^^^^^^^^^^^^^^^^^^^^^^^^^^^^^^^^^^^^^^^^^^^^^^^^
  File "/Users/sumatidhingra/Documents/AaramBooks/Aaram_Inventory/src/domains/masters/api/sku.py", line 22, in <listcomp>
    response_data = [SKUResponse.model_validate(sku, from_attributes=True) for sku in skus]
                     ^^^^^^^^^^^^^^^^^^^^^^^^^^^^^^^^^^^^^^^^^^^^^^^^^^^^^
  File "/Users/sumatidhingra/Documents/AaramBooks/Aaram_Inventory/test_env/lib/python3.11/site-packages/pydantic/main.py", line 551, in model_validate
    return cls.__pydantic_validator__.validate_python(
           ^^^^^^^^^^^^^^^^^^^^^^^^^^^^^^^^^^^^^^^^^^^
pydantic_core._pydantic_core.ValidationError: 1 validation error for SKUResponse
color
  String should have at most 50 characters [type=string_too_long, input_value='French Blue (Base), Must...d Ivory White (Accents)', input_type=str]
    For further information visit https://errors.pydantic.dev/2.7/v/string_too_long
INFO:     127.0.0.1:57490 - "GET /api/v1/inventory/balances HTTP/1.1" 200 OK
{"timestamp": "2026-08-06T10:27:16.019886+00:00Z", "level": "ERROR", "logger": "foundation.exceptions", "message": "Unhandled Exception: 1 validation error for SKUResponse\ncolor\n  String should have at most 50 characters [type=string_too_long, input_value='French Blue (Base), Must...d Ivory White (Accents)', input_type=str]\n    For further information visit https://errors.pydantic.dev/2.7/v/string_too_long", "module": "handlers", "function": "unhandled_exception_handler", "line": 47, "request_id": "06a74618-3ff9-7ecf-8000-13d10f9e4415", "exception": "  + Exception Group Traceback (most recent call last):\n  |   File \"/Users/sumatidhingra/Documents/AaramBooks/Aaram_Inventory/test_env/lib/python3.11/site-packages/starlette/_utils.py\", line 87, in collapse_excgroups\n  |     yield\n  |   File \"/Users/sumatidhingra/Documents/AaramBooks/Aaram_Inventory/test_env/lib/python3.11/site-packages/starlette/middleware/base.py\", line 190, in __call__\n  |     async with anyio.create_task_group() as task_group:\n  |   File \"/Users/sumatidhingra/Documents/AaramBooks/Aaram_Inventory/test_env/lib/python3.11/site-packages/anyio/_backends/_asyncio.py\", line 815, in __aexit__\n  |     raise BaseExceptionGroup(\n  | ExceptionGroup: unhandled errors in a TaskGroup (1 sub-exception)\n  +-+---------------- 1 ----------------\n    | Traceback (most recent call last):\n    |   File \"/Users/sumatidhingra/Documents/AaramBooks/Aaram_Inventory/test_env/lib/python3.11/site-packages/starlette/middleware/errors.py\", line 164, in __call__\n    |     await self.app(scope, receive, _send)\n    |   File \"/Users/sumatidhingra/Documents/AaramBooks/Aaram_Inventory/test_env/lib/python3.11/site-packages/starlette/middleware/base.py\", line 189, in __call__\n    |     with collapse_excgroups():\n    |   File \"/Library/Frameworks/Python.framework/Versions/3.11/lib/python3.11/contextlib.py\", line 158, in __exit__\n    |     self.gen.throw(typ, value, traceback)\n    |   File \"/Users/sumatidhingra/Documents/AaramBooks/Aaram_Inventory/test_env/lib/python3.11/site-packages/starlette/_utils.py\", line 93, in collapse_excgroups\n    |     raise exc\n    |   File \"/Users/sumatidhingra/Documents/AaramBooks/Aaram_Inventory/test_env/lib/python3.11/site-packages/starlette/middleware/base.py\", line 191, in __call__\n    |     response = await self.dispatch_func(request, call_next)\n    |                ^^^^^^^^^^^^^^^^^^^^^^^^^^^^^^^^^^^^^^^^^^^^\n    |   File \"/Users/sumatidhingra/Documents/AaramBooks/Aaram_Inventory/src/foundation/api/middleware.py\", line 15, in dispatch\n    |     response: Response = await call_next(request)\n    |                          ^^^^^^^^^^^^^^^^^^^^^^^^\n    |   File \"/Users/sumatidhingra/Documents/AaramBooks/Aaram_Inventory/test_env/lib/python3.11/site-packages/starlette/middleware/base.py\", line 165, in call_next\n    |     raise app_exc\n    |   File \"/Users/sumatidhingra/Documents/AaramBooks/Aaram_Inventory/test_env/lib/python3.11/site-packages/starlette/middleware/base.py\", line 151, in coro\n    |     await self.app(scope, receive_or_disconnect, send_no_error)\n    |   File \"/Users/sumatidhingra/Documents/AaramBooks/Aaram_Inventory/test_env/lib/python3.11/site-packages/starlette/middleware/cors.py\", line 93, in __call__\n    |     await self.simple_response(scope, receive, send, request_headers=headers)\n    |   File \"/Users/sumatidhingra/Documents/AaramBooks/Aaram_Inventory/test_env/lib/python3.11/site-packages/starlette/middleware/cors.py\", line 148, in simple_response\n    |     await self.app(scope, receive, send)\n    |   File \"/Users/sumatidhingra/Documents/AaramBooks/Aaram_Inventory/test_env/lib/python3.11/site-packages/starlette/middleware/exceptions.py\", line 65, in __call__\n    |     await wrap_app_handling_exceptions(self.app, conn)(scope, receive, send)\n    |   File \"/Users/sumatidhingra/Documents/AaramBooks/Aaram_Inventory/test_env/lib/python3.11/site-packages/starlette/_exception_handler.py\", line 64, in wrapped_app\n    |     raise exc\n    |   File \"/Users/sumatidhingra/Documents/AaramBooks/Aaram_Inventory/test_env/lib/python3.11/site-packages/starlette/_exception_handler.py\", line 53, in wrapped_app\n    |     await app(scope, receive, sender)\n    |   File \"/Users/sumatidhingra/Documents/AaramBooks/Aaram_Inventory/test_env/lib/python3.11/site-packages/starlette/routing.py\", line 756, in __call__\n    |     await self.middleware_stack(scope, receive, send)\n    |   File \"/Users/sumatidhingra/Documents/AaramBooks/Aaram_Inventory/test_env/lib/python3.11/site-packages/starlette/routing.py\", line 776, in app\n    |     await route.handle(scope, receive, send)\n    |   File \"/Users/sumatidhingra/Documents/AaramBooks/Aaram_Inventory/test_env/lib/python3.11/site-packages/starlette/routing.py\", line 297, in handle\n    |     await self.app(scope, receive, send)\n    |   File \"/Users/sumatidhingra/Documents/AaramBooks/Aaram_Inventory/test_env/lib/python3.11/site-packages/starlette/routing.py\", line 77, in app\n    |     await wrap_app_handling_exceptions(app, request)(scope, receive, send)\n    |   File \"/Users/sumatidhingra/Documents/AaramBooks/Aaram_Inventory/test_env/lib/python3.11/site-packages/starlette/_exception_handler.py\", line 64, in wrapped_app\n    |     raise exc\n    |   File \"/Users/sumatidhingra/Documents/AaramBooks/Aaram_Inventory/test_env/lib/python3.11/site-packages/starlette/_exception_handler.py\", line 53, in wrapped_app\n    |     await app(scope, receive, sender)\n    |   File \"/Users/sumatidhingra/Documents/AaramBooks/Aaram_Inventory/test_env/lib/python3.11/site-packages/starlette/routing.py\", line 72, in app\n    |     response = await func(request)\n    |                ^^^^^^^^^^^^^^^^^^^\n    |   File \"/Users/sumatidhingra/Documents/AaramBooks/Aaram_Inventory/test_env/lib/python3.11/site-packages/fastapi/routing.py\", line 278, in app\n    |     raw_response = await run_endpoint_function(\n    |                    ^^^^^^^^^^^^^^^^^^^^^^^^^^^^\n    |   File \"/Users/sumatidhingra/Documents/AaramBooks/Aaram_Inventory/test_env/lib/python3.11/site-packages/fastapi/routing.py\", line 191, in run_endpoint_function\n    |     return await dependant.call(**values)\n    |            ^^^^^^^^^^^^^^^^^^^^^^^^^^^^^^\n    |   File \"/Users/sumatidhingra/Documents/AaramBooks/Aaram_Inventory/test_env/lib/python3.11/site-packages/dependency_injector/wiring.py\", line 994, in _patched\n    |     return await _async_inject(\n    |            ^^^^^^^^^^^^^^^^^^^^\n    |   File \"src/dependency_injector/_cwiring.pyx\", line 66, in _async_inject\n    |   File \"/Users/sumatidhingra/Documents/AaramBooks/Aaram_Inventory/src/domains/masters/api/sku.py\", line 22, in list_skus\n    |     response_data = [SKUResponse.model_validate(sku, from_attributes=True) for sku in skus]\n    |                     ^^^^^^^^^^^^^^^^^^^^^^^^^^^^^^^^^^^^^^^^^^^^^^^^^^^^^^^^^^^^^^^^^^^^^^^\n    |   File \"/Users/sumatidhingra/Documents/AaramBooks/Aaram_Inventory/src/domains/masters/api/sku.py\", line 22, in <listcomp>\n    |     response_data = [SKUResponse.model_validate(sku, from_attributes=True) for sku in skus]\n    |                      ^^^^^^^^^^^^^^^^^^^^^^^^^^^^^^^^^^^^^^^^^^^^^^^^^^^^^\n    |   File \"/Users/sumatidhingra/Documents/AaramBooks/Aaram_Inventory/test_env/lib/python3.11/site-packages/pydantic/main.py\", line 551, in model_validate\n    |     return cls.__pydantic_validator__.validate_python(\n    |            ^^^^^^^^^^^^^^^^^^^^^^^^^^^^^^^^^^^^^^^^^^^\n    | pydantic_core._pydantic_core.ValidationError: 1 validation error for SKUResponse\n    | color\n    |   String should have at most 50 characters [type=string_too_long, input_value='French Blue (Base), Must...d Ivory White (Accents)', input_type=str]\n    |     For further information visit https://errors.pydantic.dev/2.7/v/string_too_long\n    +------------------------------------\n\nDuring handling of the above exception, another exception occurred:\n\nTraceback (most recent call last):\n  File \"/Users/sumatidhingra/Documents/AaramBooks/Aaram_Inventory/test_env/lib/python3.11/site-packages/starlette/middleware/errors.py\", line 164, in __call__\n    await self.app(scope, receive, _send)\n  File \"/Users/sumatidhingra/Documents/AaramBooks/Aaram_Inventory/test_env/lib/python3.11/site-packages/starlette/middleware/base.py\", line 189, in __call__\n    with collapse_excgroups():\n  File \"/Library/Frameworks/Python.framework/Versions/3.11/lib/python3.11/contextlib.py\", line 158, in __exit__\n    self.gen.throw(typ, value, traceback)\n  File \"/Users/sumatidhingra/Documents/AaramBooks/Aaram_Inventory/test_env/lib/python3.11/site-packages/starlette/_utils.py\", line 93, in collapse_excgroups\n    raise exc\n  File \"/Users/sumatidhingra/Documents/AaramBooks/Aaram_Inventory/test_env/lib/python3.11/site-packages/starlette/middleware/base.py\", line 191, in __call__\n    response = await self.dispatch_func(request, call_next)\n               ^^^^^^^^^^^^^^^^^^^^^^^^^^^^^^^^^^^^^^^^^^^^\n  File \"/Users/sumatidhingra/Documents/AaramBooks/Aaram_Inventory/src/foundation/api/middleware.py\", line 15, in dispatch\n    response: Response = await call_next(request)\n                         ^^^^^^^^^^^^^^^^^^^^^^^^\n  File \"/Users/sumatidhingra/Documents/AaramBooks/Aaram_Inventory/test_env/lib/python3.11/site-packages/starlette/middleware/base.py\", line 165, in call_next\n    raise app_exc\n  File \"/Users/sumatidhingra/Documents/AaramBooks/Aaram_Inventory/test_env/lib/python3.11/site-packages/starlette/middleware/base.py\", line 151, in coro\n    await self.app(scope, receive_or_disconnect, send_no_error)\n  File \"/Users/sumatidhingra/Documents/AaramBooks/Aaram_Inventory/test_env/lib/python3.11/site-packages/starlette/middleware/cors.py\", line 93, in __call__\n    await self.simple_response(scope, receive, send, request_headers=headers)\n  File \"/Users/sumatidhingra/Documents/AaramBooks/Aaram_Inventory/test_env/lib/python3.11/site-packages/starlette/middleware/cors.py\", line 148, in simple_response\n    await self.app(scope, receive, send)\n  File \"/Users/sumatidhingra/Documents/AaramBooks/Aaram_Inventory/test_env/lib/python3.11/site-packages/starlette/middleware/exceptions.py\", line 65, in __call__\n    await wrap_app_handling_exceptions(self.app, conn)(scope, receive, send)\n  File \"/Users/sumatidhingra/Documents/AaramBooks/Aaram_Inventory/test_env/lib/python3.11/site-packages/starlette/_exception_handler.py\", line 64, in wrapped_app\n    raise exc\n  File \"/Users/sumatidhingra/Documents/AaramBooks/Aaram_Inventory/test_env/lib/python3.11/site-packages/starlette/_exception_handler.py\", line 53, in wrapped_app\n    await app(scope, receive, sender)\n  File \"/Users/sumatidhingra/Documents/AaramBooks/Aaram_Inventory/test_env/lib/python3.11/site-packages/starlette/routing.py\", line 756, in __call__\n    await self.middleware_stack(scope, receive, send)\n  File \"/Users/sumatidhingra/Documents/AaramBooks/Aaram_Inventory/test_env/lib/python3.11/site-packages/starlette/routing.py\", line 776, in app\n    await route.handle(scope, receive, send)\n  File \"/Users/sumatidhingra/Documents/AaramBooks/Aaram_Inventory/test_env/lib/python3.11/site-packages/starlette/routing.py\", line 297, in handle\n    await self.app(scope, receive, send)\n  File \"/Users/sumatidhingra/Documents/AaramBooks/Aaram_Inventory/test_env/lib/python3.11/site-packages/starlette/routing.py\", line 77, in app\n    await wrap_app_handling_exceptions(app, request)(scope, receive, send)\n  File \"/Users/sumatidhingra/Documents/AaramBooks/Aaram_Inventory/test_env/lib/python3.11/site-packages/starlette/_exception_handler.py\", line 64, in wrapped_app\n    raise exc\n  File \"/Users/sumatidhingra/Documents/AaramBooks/Aaram_Inventory/test_env/lib/python3.11/site-packages/starlette/_exception_handler.py\", line 53, in wrapped_app\n    await app(scope, receive, sender)\n  File \"/Users/sumatidhingra/Documents/AaramBooks/Aaram_Inventory/test_env/lib/python3.11/site-packages/starlette/routing.py\", line 72, in app\n    response = await func(request)\n               ^^^^^^^^^^^^^^^^^^^\n  File \"/Users/sumatidhingra/Documents/AaramBooks/Aaram_Inventory/test_env/lib/python3.11/site-packages/fastapi/routing.py\", line 278, in app\n    raw_response = await run_endpoint_function(\n                   ^^^^^^^^^^^^^^^^^^^^^^^^^^^^\n  File \"/Users/sumatidhingra/Documents/AaramBooks/Aaram_Inventory/test_env/lib/python3.11/site-packages/fastapi/routing.py\", line 191, in run_endpoint_function\n    return await dependant.call(**values)\n           ^^^^^^^^^^^^^^^^^^^^^^^^^^^^^^\n  File \"/Users/sumatidhingra/Documents/AaramBooks/Aaram_Inventory/test_env/lib/python3.11/site-packages/dependency_injector/wiring.py\", line 994, in _patched\n    return await _async_inject(\n           ^^^^^^^^^^^^^^^^^^^^\n  File \"src/dependency_injector/_cwiring.pyx\", line 66, in _async_inject\n  File \"/Users/sumatidhingra/Documents/AaramBooks/Aaram_Inventory/src/domains/masters/api/sku.py\", line 22, in list_skus\n    response_data = [SKUResponse.model_validate(sku, from_attributes=True) for sku in skus]\n                    ^^^^^^^^^^^^^^^^^^^^^^^^^^^^^^^^^^^^^^^^^^^^^^^^^^^^^^^^^^^^^^^^^^^^^^^\n  File \"/Users/sumatidhingra/Documents/AaramBooks/Aaram_Inventory/src/domains/masters/api/sku.py\", line 22, in <listcomp>\n    response_data = [SKUResponse.model_validate(sku, from_attributes=True) for sku in skus]\n                     ^^^^^^^^^^^^^^^^^^^^^^^^^^^^^^^^^^^^^^^^^^^^^^^^^^^^^\n  File \"/Users/sumatidhingra/Documents/AaramBooks/Aaram_Inventory/test_env/lib/python3.11/site-packages/pydantic/main.py\", line 551, in model_validate\n    return cls.__pydantic_validator__.validate_python(\n           ^^^^^^^^^^^^^^^^^^^^^^^^^^^^^^^^^^^^^^^^^^^\npydantic_core._pydantic_core.ValidationError: 1 validation error for SKUResponse\ncolor\n  String should have at most 50 characters [type=string_too_long, input_value='French Blue (Base), Must...d Ivory White (Accents)', input_type=str]\n    For further information visit https://errors.pydantic.dev/2.7/v/string_too_long"}
INFO:     127.0.0.1:57487 - "GET /api/v1/masters/skus HTTP/1.1" 500 Internal Server Error
ERROR:    Exception in ASGI application
  + Exception Group Traceback (most recent call last):
  |   File "/Users/sumatidhingra/Documents/AaramBooks/Aaram_Inventory/test_env/lib/python3.11/site-packages/starlette/_utils.py", line 87, in collapse_excgroups
  |     yield
  |   File "/Users/sumatidhingra/Documents/AaramBooks/Aaram_Inventory/test_env/lib/python3.11/site-packages/starlette/middleware/base.py", line 190, in __call__
  |     async with anyio.create_task_group() as task_group:
  |   File "/Users/sumatidhingra/Documents/AaramBooks/Aaram_Inventory/test_env/lib/python3.11/site-packages/anyio/_backends/_asyncio.py", line 815, in __aexit__
  |     raise BaseExceptionGroup(
  | ExceptionGroup: unhandled errors in a TaskGroup (1 sub-exception)
  +-+---------------- 1 ----------------
    | Traceback (most recent call last):
    |   File "/Users/sumatidhingra/Documents/AaramBooks/Aaram_Inventory/test_env/lib/python3.11/site-packages/uvicorn/protocols/http/httptools_impl.py", line 399, in run_asgi
    |     result = await app(  # type: ignore[func-returns-value]
    |              ^^^^^^^^^^^^^^^^^^^^^^^^^^^^^^^^^^^^^^^^^^^^^^
    |   File "/Users/sumatidhingra/Documents/AaramBooks/Aaram_Inventory/test_env/lib/python3.11/site-packages/uvicorn/middleware/proxy_headers.py", line 70, in __call__
    |     return await self.app(scope, receive, send)
    |            ^^^^^^^^^^^^^^^^^^^^^^^^^^^^^^^^^^^^
    |   File "/Users/sumatidhingra/Documents/AaramBooks/Aaram_Inventory/test_env/lib/python3.11/site-packages/fastapi/applications.py", line 1054, in __call__
    |     await super().__call__(scope, receive, send)
    |   File "/Users/sumatidhingra/Documents/AaramBooks/Aaram_Inventory/test_env/lib/python3.11/site-packages/starlette/applications.py", line 123, in __call__
    |     await self.middleware_stack(scope, receive, send)
    |   File "/Users/sumatidhingra/Documents/AaramBooks/Aaram_Inventory/test_env/lib/python3.11/site-packages/starlette/middleware/errors.py", line 186, in __call__
    |     raise exc
    |   File "/Users/sumatidhingra/Documents/AaramBooks/Aaram_Inventory/test_env/lib/python3.11/site-packages/starlette/middleware/errors.py", line 164, in __call__
    |     await self.app(scope, receive, _send)
    |   File "/Users/sumatidhingra/Documents/AaramBooks/Aaram_Inventory/test_env/lib/python3.11/site-packages/starlette/middleware/base.py", line 189, in __call__
    |     with collapse_excgroups():
    |   File "/Library/Frameworks/Python.framework/Versions/3.11/lib/python3.11/contextlib.py", line 158, in __exit__
    |     self.gen.throw(typ, value, traceback)
    |   File "/Users/sumatidhingra/Documents/AaramBooks/Aaram_Inventory/test_env/lib/python3.11/site-packages/starlette/_utils.py", line 93, in collapse_excgroups
    |     raise exc
    |   File "/Users/sumatidhingra/Documents/AaramBooks/Aaram_Inventory/test_env/lib/python3.11/site-packages/starlette/middleware/base.py", line 191, in __call__
    |     response = await self.dispatch_func(request, call_next)
    |                ^^^^^^^^^^^^^^^^^^^^^^^^^^^^^^^^^^^^^^^^^^^^
    |   File "/Users/sumatidhingra/Documents/AaramBooks/Aaram_Inventory/src/foundation/api/middleware.py", line 15, in dispatch
    |     response: Response = await call_next(request)
    |                          ^^^^^^^^^^^^^^^^^^^^^^^^
    |   File "/Users/sumatidhingra/Documents/AaramBooks/Aaram_Inventory/test_env/lib/python3.11/site-packages/starlette/middleware/base.py", line 165, in call_next
    |     raise app_exc
    |   File "/Users/sumatidhingra/Documents/AaramBooks/Aaram_Inventory/test_env/lib/python3.11/site-packages/starlette/middleware/base.py", line 151, in coro
    |     await self.app(scope, receive_or_disconnect, send_no_error)
    |   File "/Users/sumatidhingra/Documents/AaramBooks/Aaram_Inventory/test_env/lib/python3.11/site-packages/starlette/middleware/cors.py", line 93, in __call__
    |     await self.simple_response(scope, receive, send, request_headers=headers)
    |   File "/Users/sumatidhingra/Documents/AaramBooks/Aaram_Inventory/test_env/lib/python3.11/site-packages/starlette/middleware/cors.py", line 148, in simple_response
    |     await self.app(scope, receive, send)
    |   File "/Users/sumatidhingra/Documents/AaramBooks/Aaram_Inventory/test_env/lib/python3.11/site-packages/starlette/middleware/exceptions.py", line 65, in __call__
    |     await wrap_app_handling_exceptions(self.app, conn)(scope, receive, send)
    |   File "/Users/sumatidhingra/Documents/AaramBooks/Aaram_Inventory/test_env/lib/python3.11/site-packages/starlette/_exception_handler.py", line 64, in wrapped_app
    |     raise exc
    |   File "/Users/sumatidhingra/Documents/AaramBooks/Aaram_Inventory/test_env/lib/python3.11/site-packages/starlette/_exception_handler.py", line 53, in wrapped_app
    |     await app(scope, receive, sender)
    |   File "/Users/sumatidhingra/Documents/AaramBooks/Aaram_Inventory/test_env/lib/python3.11/site-packages/starlette/routing.py", line 756, in __call__
    |     await self.middleware_stack(scope, receive, send)
    |   File "/Users/sumatidhingra/Documents/AaramBooks/Aaram_Inventory/test_env/lib/python3.11/site-packages/starlette/routing.py", line 776, in app
    |     await route.handle(scope, receive, send)
    |   File "/Users/sumatidhingra/Documents/AaramBooks/Aaram_Inventory/test_env/lib/python3.11/site-packages/starlette/routing.py", line 297, in handle
    |     await self.app(scope, receive, send)
    |   File "/Users/sumatidhingra/Documents/AaramBooks/Aaram_Inventory/test_env/lib/python3.11/site-packages/starlette/routing.py", line 77, in app
    |     await wrap_app_handling_exceptions(app, request)(scope, receive, send)
    |   File "/Users/sumatidhingra/Documents/AaramBooks/Aaram_Inventory/test_env/lib/python3.11/site-packages/starlette/_exception_handler.py", line 64, in wrapped_app
    |     raise exc
    |   File "/Users/sumatidhingra/Documents/AaramBooks/Aaram_Inventory/test_env/lib/python3.11/site-packages/starlette/_exception_handler.py", line 53, in wrapped_app
    |     await app(scope, receive, sender)
    |   File "/Users/sumatidhingra/Documents/AaramBooks/Aaram_Inventory/test_env/lib/python3.11/site-packages/starlette/routing.py", line 72, in app
    |     response = await func(request)
    |                ^^^^^^^^^^^^^^^^^^^
    |   File "/Users/sumatidhingra/Documents/AaramBooks/Aaram_Inventory/test_env/lib/python3.11/site-packages/fastapi/routing.py", line 278, in app
    |     raw_response = await run_endpoint_function(
    |                    ^^^^^^^^^^^^^^^^^^^^^^^^^^^^
    |   File "/Users/sumatidhingra/Documents/AaramBooks/Aaram_Inventory/test_env/lib/python3.11/site-packages/fastapi/routing.py", line 191, in run_endpoint_function
    |     return await dependant.call(**values)
    |            ^^^^^^^^^^^^^^^^^^^^^^^^^^^^^^
    |   File "/Users/sumatidhingra/Documents/AaramBooks/Aaram_Inventory/test_env/lib/python3.11/site-packages/dependency_injector/wiring.py", line 994, in _patched
    |     return await _async_inject(
    |            ^^^^^^^^^^^^^^^^^^^^
    |   File "src/dependency_injector/_cwiring.pyx", line 66, in _async_inject
    |   File "/Users/sumatidhingra/Documents/AaramBooks/Aaram_Inventory/src/domains/masters/api/sku.py", line 22, in list_skus
    |     response_data = [SKUResponse.model_validate(sku, from_attributes=True) for sku in skus]
    |                     ^^^^^^^^^^^^^^^^^^^^^^^^^^^^^^^^^^^^^^^^^^^^^^^^^^^^^^^^^^^^^^^^^^^^^^^
    |   File "/Users/sumatidhingra/Documents/AaramBooks/Aaram_Inventory/src/domains/masters/api/sku.py", line 22, in <listcomp>
    |     response_data = [SKUResponse.model_validate(sku, from_attributes=True) for sku in skus]
    |                      ^^^^^^^^^^^^^^^^^^^^^^^^^^^^^^^^^^^^^^^^^^^^^^^^^^^^^
    |   File "/Users/sumatidhingra/Documents/AaramBooks/Aaram_Inventory/test_env/lib/python3.11/site-packages/pydantic/main.py", line 551, in model_validate
    |     return cls.__pydantic_validator__.validate_python(
    |            ^^^^^^^^^^^^^^^^^^^^^^^^^^^^^^^^^^^^^^^^^^^
    | pydantic_core._pydantic_core.ValidationError: 1 validation error for SKUResponse
    | color
    |   String should have at most 50 characters [type=string_too_long, input_value='French Blue (Base), Must...d Ivory White (Accents)', input_type=str]
    |     For further information visit https://errors.pydantic.dev/2.7/v/string_too_long
    +------------------------------------

During handling of the above exception, another exception occurred:

Traceback (most recent call last):
  File "/Users/sumatidhingra/Documents/AaramBooks/Aaram_Inventory/test_env/lib/python3.11/site-packages/uvicorn/protocols/http/httptools_impl.py", line 399, in run_asgi
    result = await app(  # type: ignore[func-returns-value]
             ^^^^^^^^^^^^^^^^^^^^^^^^^^^^^^^^^^^^^^^^^^^^^^
  File "/Users/sumatidhingra/Documents/AaramBooks/Aaram_Inventory/test_env/lib/python3.11/site-packages/uvicorn/middleware/proxy_headers.py", line 70, in __call__
    return await self.app(scope, receive, send)
           ^^^^^^^^^^^^^^^^^^^^^^^^^^^^^^^^^^^^
  File "/Users/sumatidhingra/Documents/AaramBooks/Aaram_Inventory/test_env/lib/python3.11/site-packages/fastapi/applications.py", line 1054, in __call__
    await super().__call__(scope, receive, send)
  File "/Users/sumatidhingra/Documents/AaramBooks/Aaram_Inventory/test_env/lib/python3.11/site-packages/starlette/applications.py", line 123, in __call__
    await self.middleware_stack(scope, receive, send)
  File "/Users/sumatidhingra/Documents/AaramBooks/Aaram_Inventory/test_env/lib/python3.11/site-packages/starlette/middleware/errors.py", line 186, in __call__
    raise exc
  File "/Users/sumatidhingra/Documents/AaramBooks/Aaram_Inventory/test_env/lib/python3.11/site-packages/starlette/middleware/errors.py", line 164, in __call__
    await self.app(scope, receive, _send)
  File "/Users/sumatidhingra/Documents/AaramBooks/Aaram_Inventory/test_env/lib/python3.11/site-packages/starlette/middleware/base.py", line 189, in __call__
    with collapse_excgroups():
  File "/Library/Frameworks/Python.framework/Versions/3.11/lib/python3.11/contextlib.py", line 158, in __exit__
    self.gen.throw(typ, value, traceback)
  File "/Users/sumatidhingra/Documents/AaramBooks/Aaram_Inventory/test_env/lib/python3.11/site-packages/starlette/_utils.py", line 93, in collapse_excgroups
    raise exc
  File "/Users/sumatidhingra/Documents/AaramBooks/Aaram_Inventory/test_env/lib/python3.11/site-packages/starlette/middleware/base.py", line 191, in __call__
    response = await self.dispatch_func(request, call_next)
               ^^^^^^^^^^^^^^^^^^^^^^^^^^^^^^^^^^^^^^^^^^^^
  File "/Users/sumatidhingra/Documents/AaramBooks/Aaram_Inventory/src/foundation/api/middleware.py", line 15, in dispatch
    response: Response = await call_next(request)
                         ^^^^^^^^^^^^^^^^^^^^^^^^
  File "/Users/sumatidhingra/Documents/AaramBooks/Aaram_Inventory/test_env/lib/python3.11/site-packages/starlette/middleware/base.py", line 165, in call_next
    raise app_exc
  File "/Users/sumatidhingra/Documents/AaramBooks/Aaram_Inventory/test_env/lib/python3.11/site-packages/starlette/middleware/base.py", line 151, in coro
    await self.app(scope, receive_or_disconnect, send_no_error)
  File "/Users/sumatidhingra/Documents/AaramBooks/Aaram_Inventory/test_env/lib/python3.11/site-packages/starlette/middleware/cors.py", line 93, in __call__
    await self.simple_response(scope, receive, send, request_headers=headers)
  File "/Users/sumatidhingra/Documents/AaramBooks/Aaram_Inventory/test_env/lib/python3.11/site-packages/starlette/middleware/cors.py", line 148, in simple_response
    await self.app(scope, receive, send)
  File "/Users/sumatidhingra/Documents/AaramBooks/Aaram_Inventory/test_env/lib/python3.11/site-packages/starlette/middleware/exceptions.py", line 65, in __call__
    await wrap_app_handling_exceptions(self.app, conn)(scope, receive, send)
  File "/Users/sumatidhingra/Documents/AaramBooks/Aaram_Inventory/test_env/lib/python3.11/site-packages/starlette/_exception_handler.py", line 64, in wrapped_app
    raise exc
  File "/Users/sumatidhingra/Documents/AaramBooks/Aaram_Inventory/test_env/lib/python3.11/site-packages/starlette/_exception_handler.py", line 53, in wrapped_app
    await app(scope, receive, sender)
  File "/Users/sumatidhingra/Documents/AaramBooks/Aaram_Inventory/test_env/lib/python3.11/site-packages/starlette/routing.py", line 756, in __call__
    await self.middleware_stack(scope, receive, send)
  File "/Users/sumatidhingra/Documents/AaramBooks/Aaram_Inventory/test_env/lib/python3.11/site-packages/starlette/routing.py", line 776, in app
    await route.handle(scope, receive, send)
  File "/Users/sumatidhingra/Documents/AaramBooks/Aaram_Inventory/test_env/lib/python3.11/site-packages/starlette/routing.py", line 297, in handle
    await self.app(scope, receive, send)
  File "/Users/sumatidhingra/Documents/AaramBooks/Aaram_Inventory/test_env/lib/python3.11/site-packages/starlette/routing.py", line 77, in app
    await wrap_app_handling_exceptions(app, request)(scope, receive, send)
  File "/Users/sumatidhingra/Documents/AaramBooks/Aaram_Inventory/test_env/lib/python3.11/site-packages/starlette/_exception_handler.py", line 64, in wrapped_app
    raise exc
  File "/Users/sumatidhingra/Documents/AaramBooks/Aaram_Inventory/test_env/lib/python3.11/site-packages/starlette/_exception_handler.py", line 53, in wrapped_app
    await app(scope, receive, sender)
  File "/Users/sumatidhingra/Documents/AaramBooks/Aaram_Inventory/test_env/lib/python3.11/site-packages/starlette/routing.py", line 72, in app
    response = await func(request)
               ^^^^^^^^^^^^^^^^^^^
  File "/Users/sumatidhingra/Documents/AaramBooks/Aaram_Inventory/test_env/lib/python3.11/site-packages/fastapi/routing.py", line 278, in app
    raw_response = await run_endpoint_function(
                   ^^^^^^^^^^^^^^^^^^^^^^^^^^^^
  File "/Users/sumatidhingra/Documents/AaramBooks/Aaram_Inventory/test_env/lib/python3.11/site-packages/fastapi/routing.py", line 191, in run_endpoint_function
    return await dependant.call(**values)
           ^^^^^^^^^^^^^^^^^^^^^^^^^^^^^^
  File "/Users/sumatidhingra/Documents/AaramBooks/Aaram_Inventory/test_env/lib/python3.11/site-packages/dependency_injector/wiring.py", line 994, in _patched
    return await _async_inject(
           ^^^^^^^^^^^^^^^^^^^^
  File "src/dependency_injector/_cwiring.pyx", line 66, in _async_inject
  File "/Users/sumatidhingra/Documents/AaramBooks/Aaram_Inventory/src/domains/masters/api/sku.py", line 22, in list_skus
    response_data = [SKUResponse.model_validate(sku, from_attributes=True) for sku in skus]
                    ^^^^^^^^^^^^^^^^^^^^^^^^^^^^^^^^^^^^^^^^^^^^^^^^^^^^^^^^^^^^^^^^^^^^^^^
  File "/Users/sumatidhingra/Documents/AaramBooks/Aaram_Inventory/src/domains/masters/api/sku.py", line 22, in <listcomp>
    response_data = [SKUResponse.model_validate(sku, from_attributes=True) for sku in skus]
                     ^^^^^^^^^^^^^^^^^^^^^^^^^^^^^^^^^^^^^^^^^^^^^^^^^^^^^
  File "/Users/sumatidhingra/Documents/AaramBooks/Aaram_Inventory/test_env/lib/python3.11/site-packages/pydantic/main.py", line 551, in model_validate
    return cls.__pydantic_validator__.validate_python(
           ^^^^^^^^^^^^^^^^^^^^^^^^^^^^^^^^^^^^^^^^^^^
pydantic_core._pydantic_core.ValidationError: 1 validation error for SKUResponse
color
  String should have at most 50 characters [type=string_too_long, input_value='French Blue (Base), Must...d Ivory White (Accents)', input_type=str]
    For further information visit https://errors.pydantic.dev/2.7/v/string_too_long
{"timestamp": "2026-08-06T10:27:17.051272+00:00Z", "level": "ERROR", "logger": "foundation.exceptions", "message": "Unhandled Exception: 1 validation error for SKUResponse\ncolor\n  String should have at most 50 characters [type=string_too_long, input_value='French Blue (Base), Must...d Ivory White (Accents)', input_type=str]\n    For further information visit https://errors.pydantic.dev/2.7/v/string_too_long", "module": "handlers", "function": "unhandled_exception_handler", "line": 47, "request_id": "06a74618-506e-71ac-8000-e7f93324a676", "exception": "  + Exception Group Traceback (most recent call last):\n  |   File \"/Users/sumatidhingra/Documents/AaramBooks/Aaram_Inventory/test_env/lib/python3.11/site-packages/starlette/_utils.py\", line 87, in collapse_excgroups\n  |     yield\n  |   File \"/Users/sumatidhingra/Documents/AaramBooks/Aaram_Inventory/test_env/lib/python3.11/site-packages/starlette/middleware/base.py\", line 190, in __call__\n  |     async with anyio.create_task_group() as task_group:\n  |   File \"/Users/sumatidhingra/Documents/AaramBooks/Aaram_Inventory/test_env/lib/python3.11/site-packages/anyio/_backends/_asyncio.py\", line 815, in __aexit__\n  |     raise BaseExceptionGroup(\n  | ExceptionGroup: unhandled errors in a TaskGroup (1 sub-exception)\n  +-+---------------- 1 ----------------\n    | Traceback (most recent call last):\n    |   File \"/Users/sumatidhingra/Documents/AaramBooks/Aaram_Inventory/test_env/lib/python3.11/site-packages/starlette/middleware/errors.py\", line 164, in __call__\n    |     await self.app(scope, receive, _send)\n    |   File \"/Users/sumatidhingra/Documents/AaramBooks/Aaram_Inventory/test_env/lib/python3.11/site-packages/starlette/middleware/base.py\", line 189, in __call__\n    |     with collapse_excgroups():\n    |   File \"/Library/Frameworks/Python.framework/Versions/3.11/lib/python3.11/contextlib.py\", line 158, in __exit__\n    |     self.gen.throw(typ, value, traceback)\n    |   File \"/Users/sumatidhingra/Documents/AaramBooks/Aaram_Inventory/test_env/lib/python3.11/site-packages/starlette/_utils.py\", line 93, in collapse_excgroups\n    |     raise exc\n    |   File \"/Users/sumatidhingra/Documents/AaramBooks/Aaram_Inventory/test_env/lib/python3.11/site-packages/starlette/middleware/base.py\", line 191, in __call__\n    |     response = await self.dispatch_func(request, call_next)\n    |                ^^^^^^^^^^^^^^^^^^^^^^^^^^^^^^^^^^^^^^^^^^^^\n    |   File \"/Users/sumatidhingra/Documents/AaramBooks/Aaram_Inventory/src/foundation/api/middleware.py\", line 15, in dispatch\n    |     response: Response = await call_next(request)\n    |                          ^^^^^^^^^^^^^^^^^^^^^^^^\n    |   File \"/Users/sumatidhingra/Documents/AaramBooks/Aaram_Inventory/test_env/lib/python3.11/site-packages/starlette/middleware/base.py\", line 165, in call_next\n    |     raise app_exc\n    |   File \"/Users/sumatidhingra/Documents/AaramBooks/Aaram_Inventory/test_env/lib/python3.11/site-packages/starlette/middleware/base.py\", line 151, in coro\n    |     await self.app(scope, receive_or_disconnect, send_no_error)\n    |   File \"/Users/sumatidhingra/Documents/AaramBooks/Aaram_Inventory/test_env/lib/python3.11/site-packages/starlette/middleware/cors.py\", line 93, in __call__\n    |     await self.simple_response(scope, receive, send, request_headers=headers)\n    |   File \"/Users/sumatidhingra/Documents/AaramBooks/Aaram_Inventory/test_env/lib/python3.11/site-packages/starlette/middleware/cors.py\", line 148, in simple_response\n    |     await self.app(scope, receive, send)\n    |   File \"/Users/sumatidhingra/Documents/AaramBooks/Aaram_Inventory/test_env/lib/python3.11/site-packages/starlette/middleware/exceptions.py\", line 65, in __call__\n    |     await wrap_app_handling_exceptions(self.app, conn)(scope, receive, send)\n    |   File \"/Users/sumatidhingra/Documents/AaramBooks/Aaram_Inventory/test_env/lib/python3.11/site-packages/starlette/_exception_handler.py\", line 64, in wrapped_app\n    |     raise exc\n    |   File \"/Users/sumatidhingra/Documents/AaramBooks/Aaram_Inventory/test_env/lib/python3.11/site-packages/starlette/_exception_handler.py\", line 53, in wrapped_app\n    |     await app(scope, receive, sender)\n    |   File \"/Users/sumatidhingra/Documents/AaramBooks/Aaram_Inventory/test_env/lib/python3.11/site-packages/starlette/routing.py\", line 756, in __call__\n    |     await self.middleware_stack(scope, receive, send)\n    |   File \"/Users/sumatidhingra/Documents/AaramBooks/Aaram_Inventory/test_env/lib/python3.11/site-packages/starlette/routing.py\", line 776, in app\n    |     await route.handle(scope, receive, send)\n    |   File \"/Users/sumatidhingra/Documents/AaramBooks/Aaram_Inventory/test_env/lib/python3.11/site-packages/starlette/routing.py\", line 297, in handle\n    |     await self.app(scope, receive, send)\n    |   File \"/Users/sumatidhingra/Documents/AaramBooks/Aaram_Inventory/test_env/lib/python3.11/site-packages/starlette/routing.py\", line 77, in app\n    |     await wrap_app_handling_exceptions(app, request)(scope, receive, send)\n    |   File \"/Users/sumatidhingra/Documents/AaramBooks/Aaram_Inventory/test_env/lib/python3.11/site-packages/starlette/_exception_handler.py\", line 64, in wrapped_app\n    |     raise exc\n    |   File \"/Users/sumatidhingra/Documents/AaramBooks/Aaram_Inventory/test_env/lib/python3.11/site-packages/starlette/_exception_handler.py\", line 53, in wrapped_app\n    |     await app(scope, receive, sender)\n    |   File \"/Users/sumatidhingra/Documents/AaramBooks/Aaram_Inventory/test_env/lib/python3.11/site-packages/starlette/routing.py\", line 72, in app\n    |     response = await func(request)\n    |                ^^^^^^^^^^^^^^^^^^^\n    |   File \"/Users/sumatidhingra/Documents/AaramBooks/Aaram_Inventory/test_env/lib/python3.11/site-packages/fastapi/routing.py\", line 278, in app\n    |     raw_response = await run_endpoint_function(\n    |                    ^^^^^^^^^^^^^^^^^^^^^^^^^^^^\n    |   File \"/Users/sumatidhingra/Documents/AaramBooks/Aaram_Inventory/test_env/lib/python3.11/site-packages/fastapi/routing.py\", line 191, in run_endpoint_function\n    |     return await dependant.call(**values)\n    |            ^^^^^^^^^^^^^^^^^^^^^^^^^^^^^^\n    |   File \"/Users/sumatidhingra/Documents/AaramBooks/Aaram_Inventory/test_env/lib/python3.11/site-packages/dependency_injector/wiring.py\", line 994, in _patched\n    |     return await _async_inject(\n    |            ^^^^^^^^^^^^^^^^^^^^\n    |   File \"src/dependency_injector/_cwiring.pyx\", line 66, in _async_inject\n    |   File \"/Users/sumatidhingra/Documents/AaramBooks/Aaram_Inventory/src/domains/masters/api/sku.py\", line 22, in list_skus\n    |     response_data = [SKUResponse.model_validate(sku, from_attributes=True) for sku in skus]\n    |                     ^^^^^^^^^^^^^^^^^^^^^^^^^^^^^^^^^^^^^^^^^^^^^^^^^^^^^^^^^^^^^^^^^^^^^^^\n    |   File \"/Users/sumatidhingra/Documents/AaramBooks/Aaram_Inventory/src/domains/masters/api/sku.py\", line 22, in <listcomp>\n    |     response_data = [SKUResponse.model_validate(sku, from_attributes=True) for sku in skus]\n    |                      ^^^^^^^^^^^^^^^^^^^^^^^^^^^^^^^^^^^^^^^^^^^^^^^^^^^^^\n    |   File \"/Users/sumatidhingra/Documents/AaramBooks/Aaram_Inventory/test_env/lib/python3.11/site-packages/pydantic/main.py\", line 551, in model_validate\n    |     return cls.__pydantic_validator__.validate_python(\n    |            ^^^^^^^^^^^^^^^^^^^^^^^^^^^^^^^^^^^^^^^^^^^\n    | pydantic_core._pydantic_core.ValidationError: 1 validation error for SKUResponse\n    | color\n    |   String should have at most 50 characters [type=string_too_long, input_value='French Blue (Base), Must...d Ivory White (Accents)', input_type=str]\n    |     For further information visit https://errors.pydantic.dev/2.7/v/string_too_long\n    +------------------------------------\n\nDuring handling of the above exception, another exception occurred:\n\nTraceback (most recent call last):\n  File \"/Users/sumatidhingra/Documents/AaramBooks/Aaram_Inventory/test_env/lib/python3.11/site-packages/starlette/middleware/errors.py\", line 164, in __call__\n    await self.app(scope, receive, _send)\n  File \"/Users/sumatidhingra/Documents/AaramBooks/Aaram_Inventory/test_env/lib/python3.11/site-packages/starlette/middleware/base.py\", line 189, in __call__\n    with collapse_excgroups():\n  File \"/Library/Frameworks/Python.framework/Versions/3.11/lib/python3.11/contextlib.py\", line 158, in __exit__\n    self.gen.throw(typ, value, traceback)\n  File \"/Users/sumatidhingra/Documents/AaramBooks/Aaram_Inventory/test_env/lib/python3.11/site-packages/starlette/_utils.py\", line 93, in collapse_excgroups\n    raise exc\n  File \"/Users/sumatidhingra/Documents/AaramBooks/Aaram_Inventory/test_env/lib/python3.11/site-packages/starlette/middleware/base.py\", line 191, in __call__\n    response = await self.dispatch_func(request, call_next)\n               ^^^^^^^^^^^^^^^^^^^^^^^^^^^^^^^^^^^^^^^^^^^^\n  File \"/Users/sumatidhingra/Documents/AaramBooks/Aaram_Inventory/src/foundation/api/middleware.py\", line 15, in dispatch\n    response: Response = await call_next(request)\n                         ^^^^^^^^^^^^^^^^^^^^^^^^\n  File \"/Users/sumatidhingra/Documents/AaramBooks/Aaram_Inventory/test_env/lib/python3.11/site-packages/starlette/middleware/base.py\", line 165, in call_next\n    raise app_exc\n  File \"/Users/sumatidhingra/Documents/AaramBooks/Aaram_Inventory/test_env/lib/python3.11/site-packages/starlette/middleware/base.py\", line 151, in coro\n    await self.app(scope, receive_or_disconnect, send_no_error)\n  File \"/Users/sumatidhingra/Documents/AaramBooks/Aaram_Inventory/test_env/lib/python3.11/site-packages/starlette/middleware/cors.py\", line 93, in __call__\n    await self.simple_response(scope, receive, send, request_headers=headers)\n  File \"/Users/sumatidhingra/Documents/AaramBooks/Aaram_Inventory/test_env/lib/python3.11/site-packages/starlette/middleware/cors.py\", line 148, in simple_response\n    await self.app(scope, receive, send)\n  File \"/Users/sumatidhingra/Documents/AaramBooks/Aaram_Inventory/test_env/lib/python3.11/site-packages/starlette/middleware/exceptions.py\", line 65, in __call__\n    await wrap_app_handling_exceptions(self.app, conn)(scope, receive, send)\n  File \"/Users/sumatidhingra/Documents/AaramBooks/Aaram_Inventory/test_env/lib/python3.11/site-packages/starlette/_exception_handler.py\", line 64, in wrapped_app\n    raise exc\n  File \"/Users/sumatidhingra/Documents/AaramBooks/Aaram_Inventory/test_env/lib/python3.11/site-packages/starlette/_exception_handler.py\", line 53, in wrapped_app\n    await app(scope, receive, sender)\n  File \"/Users/sumatidhingra/Documents/AaramBooks/Aaram_Inventory/test_env/lib/python3.11/site-packages/starlette/routing.py\", line 756, in __call__\n    await self.middleware_stack(scope, receive, send)\n  File \"/Users/sumatidhingra/Documents/AaramBooks/Aaram_Inventory/test_env/lib/python3.11/site-packages/starlette/routing.py\", line 776, in app\n    await route.handle(scope, receive, send)\n  File \"/Users/sumatidhingra/Documents/AaramBooks/Aaram_Inventory/test_env/lib/python3.11/site-packages/starlette/routing.py\", line 297, in handle\n    await self.app(scope, receive, send)\n  File \"/Users/sumatidhingra/Documents/AaramBooks/Aaram_Inventory/test_env/lib/python3.11/site-packages/starlette/routing.py\", line 77, in app\n    await wrap_app_handling_exceptions(app, request)(scope, receive, send)\n  File \"/Users/sumatidhingra/Documents/AaramBooks/Aaram_Inventory/test_env/lib/python3.11/site-packages/starlette/_exception_handler.py\", line 64, in wrapped_app\n    raise exc\n  File \"/Users/sumatidhingra/Documents/AaramBooks/Aaram_Inventory/test_env/lib/python3.11/site-packages/starlette/_exception_handler.py\", line 53, in wrapped_app\n    await app(scope, receive, sender)\n  File \"/Users/sumatidhingra/Documents/AaramBooks/Aaram_Inventory/test_env/lib/python3.11/site-packages/starlette/routing.py\", line 72, in app\n    response = await func(request)\n               ^^^^^^^^^^^^^^^^^^^\n  File \"/Users/sumatidhingra/Documents/AaramBooks/Aaram_Inventory/test_env/lib/python3.11/site-packages/fastapi/routing.py\", line 278, in app\n    raw_response = await run_endpoint_function(\n                   ^^^^^^^^^^^^^^^^^^^^^^^^^^^^\n  File \"/Users/sumatidhingra/Documents/AaramBooks/Aaram_Inventory/test_env/lib/python3.11/site-packages/fastapi/routing.py\", line 191, in run_endpoint_function\n    return await dependant.call(**values)\n           ^^^^^^^^^^^^^^^^^^^^^^^^^^^^^^\n  File \"/Users/sumatidhingra/Documents/AaramBooks/Aaram_Inventory/test_env/lib/python3.11/site-packages/dependency_injector/wiring.py\", line 994, in _patched\n    return await _async_inject(\n           ^^^^^^^^^^^^^^^^^^^^\n  File \"src/dependency_injector/_cwiring.pyx\", line 66, in _async_inject\n  File \"/Users/sumatidhingra/Documents/AaramBooks/Aaram_Inventory/src/domains/masters/api/sku.py\", line 22, in list_skus\n    response_data = [SKUResponse.model_validate(sku, from_attributes=True) for sku in skus]\n                    ^^^^^^^^^^^^^^^^^^^^^^^^^^^^^^^^^^^^^^^^^^^^^^^^^^^^^^^^^^^^^^^^^^^^^^^\n  File \"/Users/sumatidhingra/Documents/AaramBooks/Aaram_Inventory/src/domains/masters/api/sku.py\", line 22, in <listcomp>\n    response_data = [SKUResponse.model_validate(sku, from_attributes=True) for sku in skus]\n                     ^^^^^^^^^^^^^^^^^^^^^^^^^^^^^^^^^^^^^^^^^^^^^^^^^^^^^\n  File \"/Users/sumatidhingra/Documents/AaramBooks/Aaram_Inventory/test_env/lib/python3.11/site-packages/pydantic/main.py\", line 551, in model_validate\n    return cls.__pydantic_validator__.validate_python(\n           ^^^^^^^^^^^^^^^^^^^^^^^^^^^^^^^^^^^^^^^^^^^\npydantic_core._pydantic_core.ValidationError: 1 validation error for SKUResponse\ncolor\n  String should have at most 50 characters [type=string_too_long, input_value='French Blue (Base), Must...d Ivory White (Accents)', input_type=str]\n    For further information visit https://errors.pydantic.dev/2.7/v/string_too_long"}
INFO:     127.0.0.1:57490 - "GET /api/v1/masters/skus HTTP/1.1" 500 Internal Server Error
ERROR:    Exception in ASGI application
  + Exception Group Traceback (most recent call last):
  |   File "/Users/sumatidhingra/Documents/AaramBooks/Aaram_Inventory/test_env/lib/python3.11/site-packages/starlette/_utils.py", line 87, in collapse_excgroups
  |     yield
  |   File "/Users/sumatidhingra/Documents/AaramBooks/Aaram_Inventory/test_env/lib/python3.11/site-packages/starlette/middleware/base.py", line 190, in __call__
  |     async with anyio.create_task_group() as task_group:
  |   File "/Users/sumatidhingra/Documents/AaramBooks/Aaram_Inventory/test_env/lib/python3.11/site-packages/anyio/_backends/_asyncio.py", line 815, in __aexit__
  |     raise BaseExceptionGroup(
  | ExceptionGroup: unhandled errors in a TaskGroup (1 sub-exception)
  +-+---------------- 1 ----------------
    | Traceback (most recent call last):
    |   File "/Users/sumatidhingra/Documents/AaramBooks/Aaram_Inventory/test_env/lib/python3.11/site-packages/uvicorn/protocols/http/httptools_impl.py", line 399, in run_asgi
    |     result = await app(  # type: ignore[func-returns-value]
    |              ^^^^^^^^^^^^^^^^^^^^^^^^^^^^^^^^^^^^^^^^^^^^^^
    |   File "/Users/sumatidhingra/Documents/AaramBooks/Aaram_Inventory/test_env/lib/python3.11/site-packages/uvicorn/middleware/proxy_headers.py", line 70, in __call__
    |     return await self.app(scope, receive, send)
    |            ^^^^^^^^^^^^^^^^^^^^^^^^^^^^^^^^^^^^
    |   File "/Users/sumatidhingra/Documents/AaramBooks/Aaram_Inventory/test_env/lib/python3.11/site-packages/fastapi/applications.py", line 1054, in __call__
    |     await super().__call__(scope, receive, send)
    |   File "/Users/sumatidhingra/Documents/AaramBooks/Aaram_Inventory/test_env/lib/python3.11/site-packages/starlette/applications.py", line 123, in __call__
    |     await self.middleware_stack(scope, receive, send)
    |   File "/Users/sumatidhingra/Documents/AaramBooks/Aaram_Inventory/test_env/lib/python3.11/site-packages/starlette/middleware/errors.py", line 186, in __call__
    |     raise exc
    |   File "/Users/sumatidhingra/Documents/AaramBooks/Aaram_Inventory/test_env/lib/python3.11/site-packages/starlette/middleware/errors.py", line 164, in __call__
    |     await self.app(scope, receive, _send)
    |   File "/Users/sumatidhingra/Documents/AaramBooks/Aaram_Inventory/test_env/lib/python3.11/site-packages/starlette/middleware/base.py", line 189, in __call__
    |     with collapse_excgroups():
    |   File "/Library/Frameworks/Python.framework/Versions/3.11/lib/python3.11/contextlib.py", line 158, in __exit__
    |     self.gen.throw(typ, value, traceback)
    |   File "/Users/sumatidhingra/Documents/AaramBooks/Aaram_Inventory/test_env/lib/python3.11/site-packages/starlette/_utils.py", line 93, in collapse_excgroups
    |     raise exc
    |   File "/Users/sumatidhingra/Documents/AaramBooks/Aaram_Inventory/test_env/lib/python3.11/site-packages/starlette/middleware/base.py", line 191, in __call__
    |     response = await self.dispatch_func(request, call_next)
    |                ^^^^^^^^^^^^^^^^^^^^^^^^^^^^^^^^^^^^^^^^^^^^
    |   File "/Users/sumatidhingra/Documents/AaramBooks/Aaram_Inventory/src/foundation/api/middleware.py", line 15, in dispatch
    |     response: Response = await call_next(request)
    |                          ^^^^^^^^^^^^^^^^^^^^^^^^
    |   File "/Users/sumatidhingra/Documents/AaramBooks/Aaram_Inventory/test_env/lib/python3.11/site-packages/starlette/middleware/base.py", line 165, in call_next
    |     raise app_exc
    |   File "/Users/sumatidhingra/Documents/AaramBooks/Aaram_Inventory/test_env/lib/python3.11/site-packages/starlette/middleware/base.py", line 151, in coro
    |     await self.app(scope, receive_or_disconnect, send_no_error)
    |   File "/Users/sumatidhingra/Documents/AaramBooks/Aaram_Inventory/test_env/lib/python3.11/site-packages/starlette/middleware/cors.py", line 93, in __call__
    |     await self.simple_response(scope, receive, send, request_headers=headers)
    |   File "/Users/sumatidhingra/Documents/AaramBooks/Aaram_Inventory/test_env/lib/python3.11/site-packages/starlette/middleware/cors.py", line 148, in simple_response
    |     await self.app(scope, receive, send)
    |   File "/Users/sumatidhingra/Documents/AaramBooks/Aaram_Inventory/test_env/lib/python3.11/site-packages/starlette/middleware/exceptions.py", line 65, in __call__
    |     await wrap_app_handling_exceptions(self.app, conn)(scope, receive, send)
    |   File "/Users/sumatidhingra/Documents/AaramBooks/Aaram_Inventory/test_env/lib/python3.11/site-packages/starlette/_exception_handler.py", line 64, in wrapped_app
    |     raise exc
    |   File "/Users/sumatidhingra/Documents/AaramBooks/Aaram_Inventory/test_env/lib/python3.11/site-packages/starlette/_exception_handler.py", line 53, in wrapped_app
    |     await app(scope, receive, sender)
    |   File "/Users/sumatidhingra/Documents/AaramBooks/Aaram_Inventory/test_env/lib/python3.11/site-packages/starlette/routing.py", line 756, in __call__
    |     await self.middleware_stack(scope, receive, send)
    |   File "/Users/sumatidhingra/Documents/AaramBooks/Aaram_Inventory/test_env/lib/python3.11/site-packages/starlette/routing.py", line 776, in app
    |     await route.handle(scope, receive, send)
    |   File "/Users/sumatidhingra/Documents/AaramBooks/Aaram_Inventory/test_env/lib/python3.11/site-packages/starlette/routing.py", line 297, in handle
    |     await self.app(scope, receive, send)
    |   File "/Users/sumatidhingra/Documents/AaramBooks/Aaram_Inventory/test_env/lib/python3.11/site-packages/starlette/routing.py", line 77, in app
    |     await wrap_app_handling_exceptions(app, request)(scope, receive, send)
    |   File "/Users/sumatidhingra/Documents/AaramBooks/Aaram_Inventory/test_env/lib/python3.11/site-packages/starlette/_exception_handler.py", line 64, in wrapped_app
    |     raise exc
    |   File "/Users/sumatidhingra/Documents/AaramBooks/Aaram_Inventory/test_env/lib/python3.11/site-packages/starlette/_exception_handler.py", line 53, in wrapped_app
    |     await app(scope, receive, sender)
    |   File "/Users/sumatidhingra/Documents/AaramBooks/Aaram_Inventory/test_env/lib/python3.11/site-packages/starlette/routing.py", line 72, in app
    |     response = await func(request)
    |                ^^^^^^^^^^^^^^^^^^^
    |   File "/Users/sumatidhingra/Documents/AaramBooks/Aaram_Inventory/test_env/lib/python3.11/site-packages/fastapi/routing.py", line 278, in app
    |     raw_response = await run_endpoint_function(
    |                    ^^^^^^^^^^^^^^^^^^^^^^^^^^^^
    |   File "/Users/sumatidhingra/Documents/AaramBooks/Aaram_Inventory/test_env/lib/python3.11/site-packages/fastapi/routing.py", line 191, in run_endpoint_function
    |     return await dependant.call(**values)
    |            ^^^^^^^^^^^^^^^^^^^^^^^^^^^^^^
    |   File "/Users/sumatidhingra/Documents/AaramBooks/Aaram_Inventory/test_env/lib/python3.11/site-packages/dependency_injector/wiring.py", line 994, in _patched
    |     return await _async_inject(
    |            ^^^^^^^^^^^^^^^^^^^^
    |   File "src/dependency_injector/_cwiring.pyx", line 66, in _async_inject
    |   File "/Users/sumatidhingra/Documents/AaramBooks/Aaram_Inventory/src/domains/masters/api/sku.py", line 22, in list_skus
    |     response_data = [SKUResponse.model_validate(sku, from_attributes=True) for sku in skus]
    |                     ^^^^^^^^^^^^^^^^^^^^^^^^^^^^^^^^^^^^^^^^^^^^^^^^^^^^^^^^^^^^^^^^^^^^^^^
    |   File "/Users/sumatidhingra/Documents/AaramBooks/Aaram_Inventory/src/domains/masters/api/sku.py", line 22, in <listcomp>
    |     response_data = [SKUResponse.model_validate(sku, from_attributes=True) for sku in skus]
    |                      ^^^^^^^^^^^^^^^^^^^^^^^^^^^^^^^^^^^^^^^^^^^^^^^^^^^^^
    |   File "/Users/sumatidhingra/Documents/AaramBooks/Aaram_Inventory/test_env/lib/python3.11/site-packages/pydantic/main.py", line 551, in model_validate
    |     return cls.__pydantic_validator__.validate_python(
    |            ^^^^^^^^^^^^^^^^^^^^^^^^^^^^^^^^^^^^^^^^^^^
    | pydantic_core._pydantic_core.ValidationError: 1 validation error for SKUResponse
    | color
    |   String should have at most 50 characters [type=string_too_long, input_value='French Blue (Base), Must...d Ivory White (Accents)', input_type=str]
    |     For further information visit https://errors.pydantic.dev/2.7/v/string_too_long
    +------------------------------------

During handling of the above exception, another exception occurred:

Traceback (most recent call last):
  File "/Users/sumatidhingra/Documents/AaramBooks/Aaram_Inventory/test_env/lib/python3.11/site-packages/uvicorn/protocols/http/httptools_impl.py", line 399, in run_asgi
    result = await app(  # type: ignore[func-returns-value]
             ^^^^^^^^^^^^^^^^^^^^^^^^^^^^^^^^^^^^^^^^^^^^^^
  File "/Users/sumatidhingra/Documents/AaramBooks/Aaram_Inventory/test_env/lib/python3.11/site-packages/uvicorn/middleware/proxy_headers.py", line 70, in __call__
    return await self.app(scope, receive, send)
           ^^^^^^^^^^^^^^^^^^^^^^^^^^^^^^^^^^^^
  File "/Users/sumatidhingra/Documents/AaramBooks/Aaram_Inventory/test_env/lib/python3.11/site-packages/fastapi/applications.py", line 1054, in __call__
    await super().__call__(scope, receive, send)
  File "/Users/sumatidhingra/Documents/AaramBooks/Aaram_Inventory/test_env/lib/python3.11/site-packages/starlette/applications.py", line 123, in __call__
    await self.middleware_stack(scope, receive, send)
  File "/Users/sumatidhingra/Documents/AaramBooks/Aaram_Inventory/test_env/lib/python3.11/site-packages/starlette/middleware/errors.py", line 186, in __call__
    raise exc
  File "/Users/sumatidhingra/Documents/AaramBooks/Aaram_Inventory/test_env/lib/python3.11/site-packages/starlette/middleware/errors.py", line 164, in __call__
    await self.app(scope, receive, _send)
  File "/Users/sumatidhingra/Documents/AaramBooks/Aaram_Inventory/test_env/lib/python3.11/site-packages/starlette/middleware/base.py", line 189, in __call__
    with collapse_excgroups():
  File "/Library/Frameworks/Python.framework/Versions/3.11/lib/python3.11/contextlib.py", line 158, in __exit__
    self.gen.throw(typ, value, traceback)
  File "/Users/sumatidhingra/Documents/AaramBooks/Aaram_Inventory/test_env/lib/python3.11/site-packages/starlette/_utils.py", line 93, in collapse_excgroups
    raise exc
  File "/Users/sumatidhingra/Documents/AaramBooks/Aaram_Inventory/test_env/lib/python3.11/site-packages/starlette/middleware/base.py", line 191, in __call__
    response = await self.dispatch_func(request, call_next)
               ^^^^^^^^^^^^^^^^^^^^^^^^^^^^^^^^^^^^^^^^^^^^
  File "/Users/sumatidhingra/Documents/AaramBooks/Aaram_Inventory/src/foundation/api/middleware.py", line 15, in dispatch
    response: Response = await call_next(request)
                         ^^^^^^^^^^^^^^^^^^^^^^^^
  File "/Users/sumatidhingra/Documents/AaramBooks/Aaram_Inventory/test_env/lib/python3.11/site-packages/starlette/middleware/base.py", line 165, in call_next
    raise app_exc
  File "/Users/sumatidhingra/Documents/AaramBooks/Aaram_Inventory/test_env/lib/python3.11/site-packages/starlette/middleware/base.py", line 151, in coro
    await self.app(scope, receive_or_disconnect, send_no_error)
  File "/Users/sumatidhingra/Documents/AaramBooks/Aaram_Inventory/test_env/lib/python3.11/site-packages/starlette/middleware/cors.py", line 93, in __call__
    await self.simple_response(scope, receive, send, request_headers=headers)
  File "/Users/sumatidhingra/Documents/AaramBooks/Aaram_Inventory/test_env/lib/python3.11/site-packages/starlette/middleware/cors.py", line 148, in simple_response
    await self.app(scope, receive, send)
  File "/Users/sumatidhingra/Documents/AaramBooks/Aaram_Inventory/test_env/lib/python3.11/site-packages/starlette/middleware/exceptions.py", line 65, in __call__
    await wrap_app_handling_exceptions(self.app, conn)(scope, receive, send)
  File "/Users/sumatidhingra/Documents/AaramBooks/Aaram_Inventory/test_env/lib/python3.11/site-packages/starlette/_exception_handler.py", line 64, in wrapped_app
    raise exc
  File "/Users/sumatidhingra/Documents/AaramBooks/Aaram_Inventory/test_env/lib/python3.11/site-packages/starlette/_exception_handler.py", line 53, in wrapped_app
    await app(scope, receive, sender)
  File "/Users/sumatidhingra/Documents/AaramBooks/Aaram_Inventory/test_env/lib/python3.11/site-packages/starlette/routing.py", line 756, in __call__
    await self.middleware_stack(scope, receive, send)
  File "/Users/sumatidhingra/Documents/AaramBooks/Aaram_Inventory/test_env/lib/python3.11/site-packages/starlette/routing.py", line 776, in app
    await route.handle(scope, receive, send)
  File "/Users/sumatidhingra/Documents/AaramBooks/Aaram_Inventory/test_env/lib/python3.11/site-packages/starlette/routing.py", line 297, in handle
    await self.app(scope, receive, send)
  File "/Users/sumatidhingra/Documents/AaramBooks/Aaram_Inventory/test_env/lib/python3.11/site-packages/starlette/routing.py", line 77, in app
    await wrap_app_handling_exceptions(app, request)(scope, receive, send)
  File "/Users/sumatidhingra/Documents/AaramBooks/Aaram_Inventory/test_env/lib/python3.11/site-packages/starlette/_exception_handler.py", line 64, in wrapped_app
    raise exc
  File "/Users/sumatidhingra/Documents/AaramBooks/Aaram_Inventory/test_env/lib/python3.11/site-packages/starlette/_exception_handler.py", line 53, in wrapped_app
    await app(scope, receive, sender)
  File "/Users/sumatidhingra/Documents/AaramBooks/Aaram_Inventory/test_env/lib/python3.11/site-packages/starlette/routing.py", line 72, in app
    response = await func(request)
               ^^^^^^^^^^^^^^^^^^^
  File "/Users/sumatidhingra/Documents/AaramBooks/Aaram_Inventory/test_env/lib/python3.11/site-packages/fastapi/routing.py", line 278, in app
    raw_response = await run_endpoint_function(
                   ^^^^^^^^^^^^^^^^^^^^^^^^^^^^
  File "/Users/sumatidhingra/Documents/AaramBooks/Aaram_Inventory/test_env/lib/python3.11/site-packages/fastapi/routing.py", line 191, in run_endpoint_function
    return await dependant.call(**values)
           ^^^^^^^^^^^^^^^^^^^^^^^^^^^^^^
  File "/Users/sumatidhingra/Documents/AaramBooks/Aaram_Inventory/test_env/lib/python3.11/site-packages/dependency_injector/wiring.py", line 994, in _patched
    return await _async_inject(
           ^^^^^^^^^^^^^^^^^^^^
  File "src/dependency_injector/_cwiring.pyx", line 66, in _async_inject
  File "/Users/sumatidhingra/Documents/AaramBooks/Aaram_Inventory/src/domains/masters/api/sku.py", line 22, in list_skus
    response_data = [SKUResponse.model_validate(sku, from_attributes=True) for sku in skus]
                    ^^^^^^^^^^^^^^^^^^^^^^^^^^^^^^^^^^^^^^^^^^^^^^^^^^^^^^^^^^^^^^^^^^^^^^^
  File "/Users/sumatidhingra/Documents/AaramBooks/Aaram_Inventory/src/domains/masters/api/sku.py", line 22, in <listcomp>
    response_data = [SKUResponse.model_validate(sku, from_attributes=True) for sku in skus]
                     ^^^^^^^^^^^^^^^^^^^^^^^^^^^^^^^^^^^^^^^^^^^^^^^^^^^^^
  File "/Users/sumatidhingra/Documents/AaramBooks/Aaram_Inventory/test_env/lib/python3.11/site-packages/pydantic/main.py", line 551, in model_validate
    return cls.__pydantic_validator__.validate_python(
           ^^^^^^^^^^^^^^^^^^^^^^^^^^^^^^^^^^^^^^^^^^^
pydantic_core._pydantic_core.ValidationError: 1 validation error for SKUResponse
color
  String should have at most 50 characters [type=string_too_long, input_value='French Blue (Base), Must...d Ivory White (Accents)', input_type=str]
    For further information visit https://errors.pydantic.dev/2.7/v/string_too_long
INFO:     127.0.0.1:57492 - "GET /api/v1/inventory/balances HTTP/1.1" 200 OK
INFO:     127.0.0.1:57492 - "GET /api/v1/dashboard/summary HTTP/1.1" 200 OK
INFO:     127.0.0.1:57501 - "GET /api/v1/dashboard/summary HTTP/1.1" 200 OK
INFO:     127.0.0.1:57509 - "GET /api/v1/dashboard/summary HTTP/1.1" 200 OK
INFO:     127.0.0.1:57519 - "GET /api/v1/dashboard/summary HTTP/1.1" 200 OK
INFO:     127.0.0.1:57534 - "GET /api/v1/dashboard/summary HTTP/1.1" 200 OK
INFO:     127.0.0.1:57542 - "GET /api/v1/dashboard/summary HTTP/1.1" 200 OK
INFO:     127.0.0.1:57550 - "GET /api/v1/dashboard/summary HTTP/1.1" 200 OK
INFO:     127.0.0.1:57558 - "GET /api/v1/dashboard/summary HTTP/1.1" 200 OK
INFO:     127.0.0.1:57566 - "GET /api/v1/dashboard/summary HTTP/1.1" 200 OK
INFO:     127.0.0.1:57575 - "GET /api/v1/dashboard/summary HTTP/1.1" 200 OK
INFO:     127.0.0.1:57583 - "GET /api/v1/dashboard/summary HTTP/1.1" 200 OK
INFO:     127.0.0.1:57591 - "GET /api/v1/dashboard/summary HTTP/1.1" 200 OK
{"timestamp": "2026-08-06T10:29:15.873167+00:00Z", "level": "ERROR", "logger": "sqlalchemy.pool.impl.NullPool", "message": "The garbage collector is trying to clean up non-checked-in connection <AdaptedConnection <aiosqlite.core.Connection object at 0x116f327d0>>, which will be dropped, as it cannot be safely terminated.  Please ensure that SQLAlchemy pooled connections are returned to the pool explicitly, either by calling ``close()`` or by using appropriate context managers to manage their lifecycle.", "module": "base", "function": "_finalize_fairy", "line": 1031, "request_id": "06a7461f-bdb6-7262-8000-9fa4cc4bc420"}
sys:1: SAWarning: The garbage collector is trying to clean up non-checked-in connection <AdaptedConnection <aiosqlite.core.Connection object at 0x116f327d0>>, which will be dropped, as it cannot be safely terminated.  Please ensure that SQLAlchemy pooled connections are returned to the pool explicitly, either by calling ``close()`` or by using appropriate context managers to manage their lifecycle.
{"timestamp": "2026-08-06T10:29:15.873897+00:00Z", "level": "ERROR", "logger": "sqlalchemy.pool.impl.NullPool", "message": "The garbage collector is trying to clean up non-checked-in connection <AdaptedConnection <aiosqlite.core.Connection object at 0x1311b1f90>>, which will be dropped, as it cannot be safely terminated.  Please ensure that SQLAlchemy pooled connections are returned to the pool explicitly, either by calling ``close()`` or by using appropriate context managers to manage their lifecycle.", "module": "base", "function": "_finalize_fairy", "line": 1031, "request_id": "06a7461f-bdb6-7262-8000-9fa4cc4bc420"}
sys:1: SAWarning: The garbage collector is trying to clean up non-checked-in connection <AdaptedConnection <aiosqlite.core.Connection object at 0x1311b1f90>>, which will be dropped, as it cannot be safely terminated.  Please ensure that SQLAlchemy pooled connections are returned to the pool explicitly, either by calling ``close()`` or by using appropriate context managers to manage their lifecycle.
{"timestamp": "2026-08-06T10:29:15.874014+00:00Z", "level": "ERROR", "logger": "sqlalchemy.pool.impl.NullPool", "message": "The garbage collector is trying to clean up non-checked-in connection <AdaptedConnection <aiosqlite.core.Connection object at 0x1312fb190>>, which will be dropped, as it cannot be safely terminated.  Please ensure that SQLAlchemy pooled connections are returned to the pool explicitly, either by calling ``close()`` or by using appropriate context managers to manage their lifecycle.", "module": "base", "function": "_finalize_fairy", "line": 1031, "request_id": "06a7461f-bdb6-7262-8000-9fa4cc4bc420"}
sys:1: SAWarning: The garbage collector is trying to clean up non-checked-in connection <AdaptedConnection <aiosqlite.core.Connection object at 0x1312fb190>>, which will be dropped, as it cannot be safely terminated.  Please ensure that SQLAlchemy pooled connections are returned to the pool explicitly, either by calling ``close()`` or by using appropriate context managers to manage their lifecycle.
{"timestamp": "2026-08-06T10:29:15.874097+00:00Z", "level": "ERROR", "logger": "sqlalchemy.pool.impl.NullPool", "message": "The garbage collector is trying to clean up non-checked-in connection <AdaptedConnection <aiosqlite.core.Connection object at 0x116fd5910>>, which will be dropped, as it cannot be safely terminated.  Please ensure that SQLAlchemy pooled connections are returned to the pool explicitly, either by calling ``close()`` or by using appropriate context managers to manage their lifecycle.", "module": "base", "function": "_finalize_fairy", "line": 1031, "request_id": "06a7461f-bdb6-7262-8000-9fa4cc4bc420"}
sys:1: SAWarning: The garbage collector is trying to clean up non-checked-in connection <AdaptedConnection <aiosqlite.core.Connection object at 0x116fd5910>>, which will be dropped, as it cannot be safely terminated.  Please ensure that SQLAlchemy pooled connections are returned to the pool explicitly, either by calling ``close()`` or by using appropriate context managers to manage their lifecycle.
{"timestamp": "2026-08-06T10:29:15.874176+00:00Z", "level": "ERROR", "logger": "sqlalchemy.pool.impl.NullPool", "message": "The garbage collector is trying to clean up non-checked-in connection <AdaptedConnection <aiosqlite.core.Connection object at 0x131222e50>>, which will be dropped, as it cannot be safely terminated.  Please ensure that SQLAlchemy pooled connections are returned to the pool explicitly, either by calling ``close()`` or by using appropriate context managers to manage their lifecycle.", "module": "base", "function": "_finalize_fairy", "line": 1031, "request_id": "06a7461f-bdb6-7262-8000-9fa4cc4bc420"}
sys:1: SAWarning: The garbage collector is trying to clean up non-checked-in connection <AdaptedConnection <aiosqlite.core.Connection object at 0x131222e50>>, which will be dropped, as it cannot be safely terminated.  Please ensure that SQLAlchemy pooled connections are returned to the pool explicitly, either by calling ``close()`` or by using appropriate context managers to manage their lifecycle.
{"timestamp": "2026-08-06T10:29:15.874252+00:00Z", "level": "ERROR", "logger": "sqlalchemy.pool.impl.NullPool", "message": "The garbage collector is trying to clean up non-checked-in connection <AdaptedConnection <aiosqlite.core.Connection object at 0x1312f8c10>>, which will be dropped, as it cannot be safely terminated.  Please ensure that SQLAlchemy pooled connections are returned to the pool explicitly, either by calling ``close()`` or by using appropriate context managers to manage their lifecycle.", "module": "base", "function": "_finalize_fairy", "line": 1031, "request_id": "06a7461f-bdb6-7262-8000-9fa4cc4bc420"}
sys:1: SAWarning: The garbage collector is trying to clean up non-checked-in connection <AdaptedConnection <aiosqlite.core.Connection object at 0x1312f8c10>>, which will be dropped, as it cannot be safely terminated.  Please ensure that SQLAlchemy pooled connections are returned to the pool explicitly, either by calling ``close()`` or by using appropriate context managers to manage their lifecycle.
{"timestamp": "2026-08-06T10:29:15.874328+00:00Z", "level": "ERROR", "logger": "sqlalchemy.pool.impl.NullPool", "message": "The garbage collector is trying to clean up non-checked-in connection <AdaptedConnection <aiosqlite.core.Connection object at 0x1312806d0>>, which will be dropped, as it cannot be safely terminated.  Please ensure that SQLAlchemy pooled connections are returned to the pool explicitly, either by calling ``close()`` or by using appropriate context managers to manage their lifecycle.", "module": "base", "function": "_finalize_fairy", "line": 1031, "request_id": "06a7461f-bdb6-7262-8000-9fa4cc4bc420"}
sys:1: SAWarning: The garbage collector is trying to clean up non-checked-in connection <AdaptedConnection <aiosqlite.core.Connection object at 0x1312806d0>>, which will be dropped, as it cannot be safely terminated.  Please ensure that SQLAlchemy pooled connections are returned to the pool explicitly, either by calling ``close()`` or by using appropriate context managers to manage their lifecycle.
{"timestamp": "2026-08-06T10:29:15.874401+00:00Z", "level": "ERROR", "logger": "sqlalchemy.pool.impl.NullPool", "message": "The garbage collector is trying to clean up non-checked-in connection <AdaptedConnection <aiosqlite.core.Connection object at 0x131222490>>, which will be dropped, as it cannot be safely terminated.  Please ensure that SQLAlchemy pooled connections are returned to the pool explicitly, either by calling ``close()`` or by using appropriate context managers to manage their lifecycle.", "module": "base", "function": "_finalize_fairy", "line": 1031, "request_id": "06a7461f-bdb6-7262-8000-9fa4cc4bc420"}
sys:1: SAWarning: The garbage collector is trying to clean up non-checked-in connection <AdaptedConnection <aiosqlite.core.Connection object at 0x131222490>>, which will be dropped, as it cannot be safely terminated.  Please ensure that SQLAlchemy pooled connections are returned to the pool explicitly, either by calling ``close()`` or by using appropriate context managers to manage their lifecycle.
{"timestamp": "2026-08-06T10:29:15.874473+00:00Z", "level": "ERROR", "logger": "sqlalchemy.pool.impl.NullPool", "message": "The garbage collector is trying to clean up non-checked-in connection <AdaptedConnection <aiosqlite.core.Connection object at 0x131283050>>, which will be dropped, as it cannot be safely terminated.  Please ensure that SQLAlchemy pooled connections are returned to the pool explicitly, either by calling ``close()`` or by using appropriate context managers to manage their lifecycle.", "module": "base", "function": "_finalize_fairy", "line": 1031, "request_id": "06a7461f-bdb6-7262-8000-9fa4cc4bc420"}
sys:1: SAWarning: The garbage collector is trying to clean up non-checked-in connection <AdaptedConnection <aiosqlite.core.Connection object at 0x131283050>>, which will be dropped, as it cannot be safely terminated.  Please ensure that SQLAlchemy pooled connections are returned to the pool explicitly, either by calling ``close()`` or by using appropriate context managers to manage their lifecycle.
{"timestamp": "2026-08-06T10:29:15.874556+00:00Z", "level": "ERROR", "logger": "sqlalchemy.pool.impl.NullPool", "message": "The garbage collector is trying to clean up non-checked-in connection <AdaptedConnection <aiosqlite.core.Connection object at 0x131221110>>, which will be dropped, as it cannot be safely terminated.  Please ensure that SQLAlchemy pooled connections are returned to the pool explicitly, either by calling ``close()`` or by using appropriate context managers to manage their lifecycle.", "module": "base", "function": "_finalize_fairy", "line": 1031, "request_id": "06a7461f-bdb6-7262-8000-9fa4cc4bc420"}
sys:1: SAWarning: The garbage collector is trying to clean up non-checked-in connection <AdaptedConnection <aiosqlite.core.Connection object at 0x131221110>>, which will be dropped, as it cannot be safely terminated.  Please ensure that SQLAlchemy pooled connections are returned to the pool explicitly, either by calling ``close()`` or by using appropriate context managers to manage their lifecycle.
{"timestamp": "2026-08-06T10:29:15.874629+00:00Z", "level": "ERROR", "logger": "sqlalchemy.pool.impl.NullPool", "message": "The garbage collector is trying to clean up non-checked-in connection <AdaptedConnection <aiosqlite.core.Connection object at 0x13122c450>>, which will be dropped, as it cannot be safely terminated.  Please ensure that SQLAlchemy pooled connections are returned to the pool explicitly, either by calling ``close()`` or by using appropriate context managers to manage their lifecycle.", "module": "base", "function": "_finalize_fairy", "line": 1031, "request_id": "06a7461f-bdb6-7262-8000-9fa4cc4bc420"}
sys:1: SAWarning: The garbage collector is trying to clean up non-checked-in connection <AdaptedConnection <aiosqlite.core.Connection object at 0x13122c450>>, which will be dropped, as it cannot be safely terminated.  Please ensure that SQLAlchemy pooled connections are returned to the pool explicitly, either by calling ``close()`` or by using appropriate context managers to manage their lifecycle.
{"timestamp": "2026-08-06T10:29:15.874702+00:00Z", "level": "ERROR", "logger": "sqlalchemy.pool.impl.NullPool", "message": "The garbage collector is trying to clean up non-checked-in connection <AdaptedConnection <aiosqlite.core.Connection object at 0x131281a50>>, which will be dropped, as it cannot be safely terminated.  Please ensure that SQLAlchemy pooled connections are returned to the pool explicitly, either by calling ``close()`` or by using appropriate context managers to manage their lifecycle.", "module": "base", "function": "_finalize_fairy", "line": 1031, "request_id": "06a7461f-bdb6-7262-8000-9fa4cc4bc420"}
sys:1: SAWarning: The garbage collector is trying to clean up non-checked-in connection <AdaptedConnection <aiosqlite.core.Connection object at 0x131281a50>>, which will be dropped, as it cannot be safely terminated.  Please ensure that SQLAlchemy pooled connections are returned to the pool explicitly, either by calling ``close()`` or by using appropriate context managers to manage their lifecycle.
{"timestamp": "2026-08-06T10:29:15.874778+00:00Z", "level": "ERROR", "logger": "sqlalchemy.pool.impl.NullPool", "message": "The garbage collector is trying to clean up non-checked-in connection <AdaptedConnection <aiosqlite.core.Connection object at 0x13122f290>>, which will be dropped, as it cannot be safely terminated.  Please ensure that SQLAlchemy pooled connections are returned to the pool explicitly, either by calling ``close()`` or by using appropriate context managers to manage their lifecycle.", "module": "base", "function": "_finalize_fairy", "line": 1031, "request_id": "06a7461f-bdb6-7262-8000-9fa4cc4bc420"}
sys:1: SAWarning: The garbage collector is trying to clean up non-checked-in connection <AdaptedConnection <aiosqlite.core.Connection object at 0x13122f290>>, which will be dropped, as it cannot be safely terminated.  Please ensure that SQLAlchemy pooled connections are returned to the pool explicitly, either by calling ``close()`` or by using appropriate context managers to manage their lifecycle.
{"timestamp": "2026-08-06T10:29:15.874850+00:00Z", "level": "ERROR", "logger": "sqlalchemy.pool.impl.NullPool", "message": "The garbage collector is trying to clean up non-checked-in connection <AdaptedConnection <aiosqlite.core.Connection object at 0x131281b50>>, which will be dropped, as it cannot be safely terminated.  Please ensure that SQLAlchemy pooled connections are returned to the pool explicitly, either by calling ``close()`` or by using appropriate context managers to manage their lifecycle.", "module": "base", "function": "_finalize_fairy", "line": 1031, "request_id": "06a7461f-bdb6-7262-8000-9fa4cc4bc420"}
sys:1: SAWarning: The garbage collector is trying to clean up non-checked-in connection <AdaptedConnection <aiosqlite.core.Connection object at 0x131281b50>>, which will be dropped, as it cannot be safely terminated.  Please ensure that SQLAlchemy pooled connections are returned to the pool explicitly, either by calling ``close()`` or by using appropriate context managers to manage their lifecycle.
{"timestamp": "2026-08-06T10:29:15.874929+00:00Z", "level": "ERROR", "logger": "sqlalchemy.pool.impl.NullPool", "message": "The garbage collector is trying to clean up non-checked-in connection <AdaptedConnection <aiosqlite.core.Connection object at 0x131284210>>, which will be dropped, as it cannot be safely terminated.  Please ensure that SQLAlchemy pooled connections are returned to the pool explicitly, either by calling ``close()`` or by using appropriate context managers to manage their lifecycle.", "module": "base", "function": "_finalize_fairy", "line": 1031, "request_id": "06a7461f-bdb6-7262-8000-9fa4cc4bc420"}
sys:1: SAWarning: The garbage collector is trying to clean up non-checked-in connection <AdaptedConnection <aiosqlite.core.Connection object at 0x131284210>>, which will be dropped, as it cannot be safely terminated.  Please ensure that SQLAlchemy pooled connections are returned to the pool explicitly, either by calling ``close()`` or by using appropriate context managers to manage their lifecycle.
{"timestamp": "2026-08-06T10:29:15.875001+00:00Z", "level": "ERROR", "logger": "sqlalchemy.pool.impl.NullPool", "message": "The garbage collector is trying to clean up non-checked-in connection <AdaptedConnection <aiosqlite.core.Connection object at 0x13122d290>>, which will be dropped, as it cannot be safely terminated.  Please ensure that SQLAlchemy pooled connections are returned to the pool explicitly, either by calling ``close()`` or by using appropriate context managers to manage their lifecycle.", "module": "base", "function": "_finalize_fairy", "line": 1031, "request_id": "06a7461f-bdb6-7262-8000-9fa4cc4bc420"}
sys:1: SAWarning: The garbage collector is trying to clean up non-checked-in connection <AdaptedConnection <aiosqlite.core.Connection object at 0x13122d290>>, which will be dropped, as it cannot be safely terminated.  Please ensure that SQLAlchemy pooled connections are returned to the pool explicitly, either by calling ``close()`` or by using appropriate context managers to manage their lifecycle.
{"timestamp": "2026-08-06T10:29:15.875078+00:00Z", "level": "ERROR", "logger": "sqlalchemy.pool.impl.NullPool", "message": "The garbage collector is trying to clean up non-checked-in connection <AdaptedConnection <aiosqlite.core.Connection object at 0x131286ed0>>, which will be dropped, as it cannot be safely terminated.  Please ensure that SQLAlchemy pooled connections are returned to the pool explicitly, either by calling ``close()`` or by using appropriate context managers to manage their lifecycle.", "module": "base", "function": "_finalize_fairy", "line": 1031, "request_id": "06a7461f-bdb6-7262-8000-9fa4cc4bc420"}
sys:1: SAWarning: The garbage collector is trying to clean up non-checked-in connection <AdaptedConnection <aiosqlite.core.Connection object at 0x131286ed0>>, which will be dropped, as it cannot be safely terminated.  Please ensure that SQLAlchemy pooled connections are returned to the pool explicitly, either by calling ``close()`` or by using appropriate context managers to manage their lifecycle.
{"timestamp": "2026-08-06T10:29:15.875152+00:00Z", "level": "ERROR", "logger": "sqlalchemy.pool.impl.NullPool", "message": "The garbage collector is trying to clean up non-checked-in connection <AdaptedConnection <aiosqlite.core.Connection object at 0x13122cd90>>, which will be dropped, as it cannot be safely terminated.  Please ensure that SQLAlchemy pooled connections are returned to the pool explicitly, either by calling ``close()`` or by using appropriate context managers to manage their lifecycle.", "module": "base", "function": "_finalize_fairy", "line": 1031, "request_id": "06a7461f-bdb6-7262-8000-9fa4cc4bc420"}
sys:1: SAWarning: The garbage collector is trying to clean up non-checked-in connection <AdaptedConnection <aiosqlite.core.Connection object at 0x13122cd90>>, which will be dropped, as it cannot be safely terminated.  Please ensure that SQLAlchemy pooled connections are returned to the pool explicitly, either by calling ``close()`` or by using appropriate context managers to manage their lifecycle.
{"timestamp": "2026-08-06T10:29:15.875224+00:00Z", "level": "ERROR", "logger": "sqlalchemy.pool.impl.NullPool", "message": "The garbage collector is trying to clean up non-checked-in connection <AdaptedConnection <aiosqlite.core.Connection object at 0x131287f10>>, which will be dropped, as it cannot be safely terminated.  Please ensure that SQLAlchemy pooled connections are returned to the pool explicitly, either by calling ``close()`` or by using appropriate context managers to manage their lifecycle.", "module": "base", "function": "_finalize_fairy", "line": 1031, "request_id": "06a7461f-bdb6-7262-8000-9fa4cc4bc420"}
sys:1: SAWarning: The garbage collector is trying to clean up non-checked-in connection <AdaptedConnection <aiosqlite.core.Connection object at 0x131287f10>>, which will be dropped, as it cannot be safely terminated.  Please ensure that SQLAlchemy pooled connections are returned to the pool explicitly, either by calling ``close()`` or by using appropriate context managers to manage their lifecycle.
{"timestamp": "2026-08-06T10:29:15.875297+00:00Z", "level": "ERROR", "logger": "sqlalchemy.pool.impl.NullPool", "message": "The garbage collector is trying to clean up non-checked-in connection <AdaptedConnection <aiosqlite.core.Connection object at 0x131286b90>>, which will be dropped, as it cannot be safely terminated.  Please ensure that SQLAlchemy pooled connections are returned to the pool explicitly, either by calling ``close()`` or by using appropriate context managers to manage their lifecycle.", "module": "base", "function": "_finalize_fairy", "line": 1031, "request_id": "06a7461f-bdb6-7262-8000-9fa4cc4bc420"}
sys:1: SAWarning: The garbage collector is trying to clean up non-checked-in connection <AdaptedConnection <aiosqlite.core.Connection object at 0x131286b90>>, which will be dropped, as it cannot be safely terminated.  Please ensure that SQLAlchemy pooled connections are returned to the pool explicitly, either by calling ``close()`` or by using appropriate context managers to manage their lifecycle.
{"timestamp": "2026-08-06T10:29:15.875370+00:00Z", "level": "ERROR", "logger": "sqlalchemy.pool.impl.NullPool", "message": "The garbage collector is trying to clean up non-checked-in connection <AdaptedConnection <aiosqlite.core.Connection object at 0x131276e10>>, which will be dropped, as it cannot be safely terminated.  Please ensure that SQLAlchemy pooled connections are returned to the pool explicitly, either by calling ``close()`` or by using appropriate context managers to manage their lifecycle.", "module": "base", "function": "_finalize_fairy", "line": 1031, "request_id": "06a7461f-bdb6-7262-8000-9fa4cc4bc420"}
sys:1: SAWarning: The garbage collector is trying to clean up non-checked-in connection <AdaptedConnection <aiosqlite.core.Connection object at 0x131276e10>>, which will be dropped, as it cannot be safely terminated.  Please ensure that SQLAlchemy pooled connections are returned to the pool explicitly, either by calling ``close()`` or by using appropriate context managers to manage their lifecycle.
{"timestamp": "2026-08-06T10:29:15.875444+00:00Z", "level": "ERROR", "logger": "sqlalchemy.pool.impl.NullPool", "message": "The garbage collector is trying to clean up non-checked-in connection <AdaptedConnection <aiosqlite.core.Connection object at 0x131285690>>, which will be dropped, as it cannot be safely terminated.  Please ensure that SQLAlchemy pooled connections are returned to the pool explicitly, either by calling ``close()`` or by using appropriate context managers to manage their lifecycle.", "module": "base", "function": "_finalize_fairy", "line": 1031, "request_id": "06a7461f-bdb6-7262-8000-9fa4cc4bc420"}
sys:1: SAWarning: The garbage collector is trying to clean up non-checked-in connection <AdaptedConnection <aiosqlite.core.Connection object at 0x131285690>>, which will be dropped, as it cannot be safely terminated.  Please ensure that SQLAlchemy pooled connections are returned to the pool explicitly, either by calling ``close()`` or by using appropriate context managers to manage their lifecycle.
INFO:     127.0.0.1:57599 - "GET /api/v1/dashboard/summary HTTP/1.1" 200 OK
INFO:     127.0.0.1:57607 - "GET /api/v1/dashboard/summary HTTP/1.1" 200 OK
INFO:     127.0.0.1:57615 - "GET /api/v1/dashboard/summary HTTP/1.1" 200 OK
INFO:     127.0.0.1:57623 - "GET /api/v1/dashboard/summary HTTP/1.1" 200 OK
INFO:     127.0.0.1:57631 - "GET /api/v1/dashboard/summary HTTP/1.1" 200 OK
INFO:     127.0.0.1:57639 - "GET /api/v1/dashboard/summary HTTP/1.1" 200 OK
INFO:     127.0.0.1:57647 - "GET /api/v1/dashboard/summary HTTP/1.1" 200 OK
INFO:     127.0.0.1:57656 - "GET /api/v1/dashboard/summary HTTP/1.1" 200 OK
INFO:     127.0.0.1:57664 - "GET /api/v1/dashboard/summary HTTP/1.1" 200 OK
INFO:     127.0.0.1:57673 - "GET /api/v1/dashboard/summary HTTP/1.1" 200 OK
INFO:     127.0.0.1:57681 - "GET /api/v1/dashboard/summary HTTP/1.1" 200 OK
INFO:     127.0.0.1:57689 - "GET /api/v1/dashboard/summary HTTP/1.1" 200 OK
{"timestamp": "2026-08-06T10:31:16.153337+00:00Z", "level": "ERROR", "logger": "sqlalchemy.pool.impl.NullPool", "message": "The garbage collector is trying to clean up non-checked-in connection <AdaptedConnection <aiosqlite.core.Connection object at 0x131287410>>, which will be dropped, as it cannot be safely terminated.  Please ensure that SQLAlchemy pooled connections are returned to the pool explicitly, either by calling ``close()`` or by using appropriate context managers to manage their lifecycle.", "module": "base", "function": "_finalize_fairy", "line": 1031, "request_id": "06a74627-422f-7d00-8000-0ee3850a9e1e"}
sys:1: SAWarning: The garbage collector is trying to clean up non-checked-in connection <AdaptedConnection <aiosqlite.core.Connection object at 0x131287410>>, which will be dropped, as it cannot be safely terminated.  Please ensure that SQLAlchemy pooled connections are returned to the pool explicitly, either by calling ``close()`` or by using appropriate context managers to manage their lifecycle.
{"timestamp": "2026-08-06T10:31:16.153776+00:00Z", "level": "ERROR", "logger": "sqlalchemy.pool.impl.NullPool", "message": "The garbage collector is trying to clean up non-checked-in connection <AdaptedConnection <aiosqlite.core.Connection object at 0x131284450>>, which will be dropped, as it cannot be safely terminated.  Please ensure that SQLAlchemy pooled connections are returned to the pool explicitly, either by calling ``close()`` or by using appropriate context managers to manage their lifecycle.", "module": "base", "function": "_finalize_fairy", "line": 1031, "request_id": "06a74627-422f-7d00-8000-0ee3850a9e1e"}
sys:1: SAWarning: The garbage collector is trying to clean up non-checked-in connection <AdaptedConnection <aiosqlite.core.Connection object at 0x131284450>>, which will be dropped, as it cannot be safely terminated.  Please ensure that SQLAlchemy pooled connections are returned to the pool explicitly, either by calling ``close()`` or by using appropriate context managers to manage their lifecycle.
{"timestamp": "2026-08-06T10:31:16.153879+00:00Z", "level": "ERROR", "logger": "sqlalchemy.pool.impl.NullPool", "message": "The garbage collector is trying to clean up non-checked-in connection <AdaptedConnection <aiosqlite.core.Connection object at 0x1312754d0>>, which will be dropped, as it cannot be safely terminated.  Please ensure that SQLAlchemy pooled connections are returned to the pool explicitly, either by calling ``close()`` or by using appropriate context managers to manage their lifecycle.", "module": "base", "function": "_finalize_fairy", "line": 1031, "request_id": "06a74627-422f-7d00-8000-0ee3850a9e1e"}
sys:1: SAWarning: The garbage collector is trying to clean up non-checked-in connection <AdaptedConnection <aiosqlite.core.Connection object at 0x1312754d0>>, which will be dropped, as it cannot be safely terminated.  Please ensure that SQLAlchemy pooled connections are returned to the pool explicitly, either by calling ``close()`` or by using appropriate context managers to manage their lifecycle.
{"timestamp": "2026-08-06T10:31:16.153962+00:00Z", "level": "ERROR", "logger": "sqlalchemy.pool.impl.NullPool", "message": "The garbage collector is trying to clean up non-checked-in connection <AdaptedConnection <aiosqlite.core.Connection object at 0x131287d50>>, which will be dropped, as it cannot be safely terminated.  Please ensure that SQLAlchemy pooled connections are returned to the pool explicitly, either by calling ``close()`` or by using appropriate context managers to manage their lifecycle.", "module": "base", "function": "_finalize_fairy", "line": 1031, "request_id": "06a74627-422f-7d00-8000-0ee3850a9e1e"}
sys:1: SAWarning: The garbage collector is trying to clean up non-checked-in connection <AdaptedConnection <aiosqlite.core.Connection object at 0x131287d50>>, which will be dropped, as it cannot be safely terminated.  Please ensure that SQLAlchemy pooled connections are returned to the pool explicitly, either by calling ``close()`` or by using appropriate context managers to manage their lifecycle.
{"timestamp": "2026-08-06T10:31:16.154045+00:00Z", "level": "ERROR", "logger": "sqlalchemy.pool.impl.NullPool", "message": "The garbage collector is trying to clean up non-checked-in connection <AdaptedConnection <aiosqlite.core.Connection object at 0x1312746d0>>, which will be dropped, as it cannot be safely terminated.  Please ensure that SQLAlchemy pooled connections are returned to the pool explicitly, either by calling ``close()`` or by using appropriate context managers to manage their lifecycle.", "module": "base", "function": "_finalize_fairy", "line": 1031, "request_id": "06a74627-422f-7d00-8000-0ee3850a9e1e"}
sys:1: SAWarning: The garbage collector is trying to clean up non-checked-in connection <AdaptedConnection <aiosqlite.core.Connection object at 0x1312746d0>>, which will be dropped, as it cannot be safely terminated.  Please ensure that SQLAlchemy pooled connections are returned to the pool explicitly, either by calling ``close()`` or by using appropriate context managers to manage their lifecycle.
{"timestamp": "2026-08-06T10:31:16.154122+00:00Z", "level": "ERROR", "logger": "sqlalchemy.pool.impl.NullPool", "message": "The garbage collector is trying to clean up non-checked-in connection <AdaptedConnection <aiosqlite.core.Connection object at 0x131274210>>, which will be dropped, as it cannot be safely terminated.  Please ensure that SQLAlchemy pooled connections are returned to the pool explicitly, either by calling ``close()`` or by using appropriate context managers to manage their lifecycle.", "module": "base", "function": "_finalize_fairy", "line": 1031, "request_id": "06a74627-422f-7d00-8000-0ee3850a9e1e"}
sys:1: SAWarning: The garbage collector is trying to clean up non-checked-in connection <AdaptedConnection <aiosqlite.core.Connection object at 0x131274210>>, which will be dropped, as it cannot be safely terminated.  Please ensure that SQLAlchemy pooled connections are returned to the pool explicitly, either by calling ``close()`` or by using appropriate context managers to manage their lifecycle.
{"timestamp": "2026-08-06T10:31:16.154197+00:00Z", "level": "ERROR", "logger": "sqlalchemy.pool.impl.NullPool", "message": "The garbage collector is trying to clean up non-checked-in connection <AdaptedConnection <aiosqlite.core.Connection object at 0x13122ed10>>, which will be dropped, as it cannot be safely terminated.  Please ensure that SQLAlchemy pooled connections are returned to the pool explicitly, either by calling ``close()`` or by using appropriate context managers to manage their lifecycle.", "module": "base", "function": "_finalize_fairy", "line": 1031, "request_id": "06a74627-422f-7d00-8000-0ee3850a9e1e"}
sys:1: SAWarning: The garbage collector is trying to clean up non-checked-in connection <AdaptedConnection <aiosqlite.core.Connection object at 0x13122ed10>>, which will be dropped, as it cannot be safely terminated.  Please ensure that SQLAlchemy pooled connections are returned to the pool explicitly, either by calling ``close()`` or by using appropriate context managers to manage their lifecycle.
{"timestamp": "2026-08-06T10:31:16.154278+00:00Z", "level": "ERROR", "logger": "sqlalchemy.pool.impl.NullPool", "message": "The garbage collector is trying to clean up non-checked-in connection <AdaptedConnection <aiosqlite.core.Connection object at 0x1312771d0>>, which will be dropped, as it cannot be safely terminated.  Please ensure that SQLAlchemy pooled connections are returned to the pool explicitly, either by calling ``close()`` or by using appropriate context managers to manage their lifecycle.", "module": "base", "function": "_finalize_fairy", "line": 1031, "request_id": "06a74627-422f-7d00-8000-0ee3850a9e1e"}
sys:1: SAWarning: The garbage collector is trying to clean up non-checked-in connection <AdaptedConnection <aiosqlite.core.Connection object at 0x1312771d0>>, which will be dropped, as it cannot be safely terminated.  Please ensure that SQLAlchemy pooled connections are returned to the pool explicitly, either by calling ``close()`` or by using appropriate context managers to manage their lifecycle.
{"timestamp": "2026-08-06T10:31:16.154351+00:00Z", "level": "ERROR", "logger": "sqlalchemy.pool.impl.NullPool", "message": "The garbage collector is trying to clean up non-checked-in connection <AdaptedConnection <aiosqlite.core.Connection object at 0x131281750>>, which will be dropped, as it cannot be safely terminated.  Please ensure that SQLAlchemy pooled connections are returned to the pool explicitly, either by calling ``close()`` or by using appropriate context managers to manage their lifecycle.", "module": "base", "function": "_finalize_fairy", "line": 1031, "request_id": "06a74627-422f-7d00-8000-0ee3850a9e1e"}
sys:1: SAWarning: The garbage collector is trying to clean up non-checked-in connection <AdaptedConnection <aiosqlite.core.Connection object at 0x131281750>>, which will be dropped, as it cannot be safely terminated.  Please ensure that SQLAlchemy pooled connections are returned to the pool explicitly, either by calling ``close()`` or by using appropriate context managers to manage their lifecycle.
{"timestamp": "2026-08-06T10:31:16.154423+00:00Z", "level": "ERROR", "logger": "sqlalchemy.pool.impl.NullPool", "message": "The garbage collector is trying to clean up non-checked-in connection <AdaptedConnection <aiosqlite.core.Connection object at 0x13122fa90>>, which will be dropped, as it cannot be safely terminated.  Please ensure that SQLAlchemy pooled connections are returned to the pool explicitly, either by calling ``close()`` or by using appropriate context managers to manage their lifecycle.", "module": "base", "function": "_finalize_fairy", "line": 1031, "request_id": "06a74627-422f-7d00-8000-0ee3850a9e1e"}
sys:1: SAWarning: The garbage collector is trying to clean up non-checked-in connection <AdaptedConnection <aiosqlite.core.Connection object at 0x13122fa90>>, which will be dropped, as it cannot be safely terminated.  Please ensure that SQLAlchemy pooled connections are returned to the pool explicitly, either by calling ``close()`` or by using appropriate context managers to manage their lifecycle.
{"timestamp": "2026-08-06T10:31:16.154493+00:00Z", "level": "ERROR", "logger": "sqlalchemy.pool.impl.NullPool", "message": "The garbage collector is trying to clean up non-checked-in connection <AdaptedConnection <aiosqlite.core.Connection object at 0x131281f50>>, which will be dropped, as it cannot be safely terminated.  Please ensure that SQLAlchemy pooled connections are returned to the pool explicitly, either by calling ``close()`` or by using appropriate context managers to manage their lifecycle.", "module": "base", "function": "_finalize_fairy", "line": 1031, "request_id": "06a74627-422f-7d00-8000-0ee3850a9e1e"}
sys:1: SAWarning: The garbage collector is trying to clean up non-checked-in connection <AdaptedConnection <aiosqlite.core.Connection object at 0x131281f50>>, which will be dropped, as it cannot be safely terminated.  Please ensure that SQLAlchemy pooled connections are returned to the pool explicitly, either by calling ``close()`` or by using appropriate context managers to manage their lifecycle.
{"timestamp": "2026-08-06T10:31:16.154564+00:00Z", "level": "ERROR", "logger": "sqlalchemy.pool.impl.NullPool", "message": "The garbage collector is trying to clean up non-checked-in connection <AdaptedConnection <aiosqlite.core.Connection object at 0x13122e650>>, which will be dropped, as it cannot be safely terminated.  Please ensure that SQLAlchemy pooled connections are returned to the pool explicitly, either by calling ``close()`` or by using appropriate context managers to manage their lifecycle.", "module": "base", "function": "_finalize_fairy", "line": 1031, "request_id": "06a74627-422f-7d00-8000-0ee3850a9e1e"}
sys:1: SAWarning: The garbage collector is trying to clean up non-checked-in connection <AdaptedConnection <aiosqlite.core.Connection object at 0x13122e650>>, which will be dropped, as it cannot be safely terminated.  Please ensure that SQLAlchemy pooled connections are returned to the pool explicitly, either by calling ``close()`` or by using appropriate context managers to manage their lifecycle.
{"timestamp": "2026-08-06T10:31:16.154641+00:00Z", "level": "ERROR", "logger": "sqlalchemy.pool.impl.NullPool", "message": "The garbage collector is trying to clean up non-checked-in connection <AdaptedConnection <aiosqlite.core.Connection object at 0x131223090>>, which will be dropped, as it cannot be safely terminated.  Please ensure that SQLAlchemy pooled connections are returned to the pool explicitly, either by calling ``close()`` or by using appropriate context managers to manage their lifecycle.", "module": "base", "function": "_finalize_fairy", "line": 1031, "request_id": "06a74627-422f-7d00-8000-0ee3850a9e1e"}
sys:1: SAWarning: The garbage collector is trying to clean up non-checked-in connection <AdaptedConnection <aiosqlite.core.Connection object at 0x131223090>>, which will be dropped, as it cannot be safely terminated.  Please ensure that SQLAlchemy pooled connections are returned to the pool explicitly, either by calling ``close()`` or by using appropriate context managers to manage their lifecycle.
{"timestamp": "2026-08-06T10:31:16.154712+00:00Z", "level": "ERROR", "logger": "sqlalchemy.pool.impl.NullPool", "message": "The garbage collector is trying to clean up non-checked-in connection <AdaptedConnection <aiosqlite.core.Connection object at 0x131283390>>, which will be dropped, as it cannot be safely terminated.  Please ensure that SQLAlchemy pooled connections are returned to the pool explicitly, either by calling ``close()`` or by using appropriate context managers to manage their lifecycle.", "module": "base", "function": "_finalize_fairy", "line": 1031, "request_id": "06a74627-422f-7d00-8000-0ee3850a9e1e"}
sys:1: SAWarning: The garbage collector is trying to clean up non-checked-in connection <AdaptedConnection <aiosqlite.core.Connection object at 0x131283390>>, which will be dropped, as it cannot be safely terminated.  Please ensure that SQLAlchemy pooled connections are returned to the pool explicitly, either by calling ``close()`` or by using appropriate context managers to manage their lifecycle.
{"timestamp": "2026-08-06T10:31:16.154786+00:00Z", "level": "ERROR", "logger": "sqlalchemy.pool.impl.NullPool", "message": "The garbage collector is trying to clean up non-checked-in connection <AdaptedConnection <aiosqlite.core.Connection object at 0x131221e50>>, which will be dropped, as it cannot be safely terminated.  Please ensure that SQLAlchemy pooled connections are returned to the pool explicitly, either by calling ``close()`` or by using appropriate context managers to manage their lifecycle.", "module": "base", "function": "_finalize_fairy", "line": 1031, "request_id": "06a74627-422f-7d00-8000-0ee3850a9e1e"}
sys:1: SAWarning: The garbage collector is trying to clean up non-checked-in connection <AdaptedConnection <aiosqlite.core.Connection object at 0x131221e50>>, which will be dropped, as it cannot be safely terminated.  Please ensure that SQLAlchemy pooled connections are returned to the pool explicitly, either by calling ``close()`` or by using appropriate context managers to manage their lifecycle.
{"timestamp": "2026-08-06T10:31:16.154893+00:00Z", "level": "ERROR", "logger": "sqlalchemy.pool.impl.NullPool", "message": "The garbage collector is trying to clean up non-checked-in connection <AdaptedConnection <aiosqlite.core.Connection object at 0x131280c50>>, which will be dropped, as it cannot be safely terminated.  Please ensure that SQLAlchemy pooled connections are returned to the pool explicitly, either by calling ``close()`` or by using appropriate context managers to manage their lifecycle.", "module": "base", "function": "_finalize_fairy", "line": 1031, "request_id": "06a74627-422f-7d00-8000-0ee3850a9e1e"}
sys:1: SAWarning: The garbage collector is trying to clean up non-checked-in connection <AdaptedConnection <aiosqlite.core.Connection object at 0x131280c50>>, which will be dropped, as it cannot be safely terminated.  Please ensure that SQLAlchemy pooled connections are returned to the pool explicitly, either by calling ``close()`` or by using appropriate context managers to manage their lifecycle.
{"timestamp": "2026-08-06T10:31:16.154962+00:00Z", "level": "ERROR", "logger": "sqlalchemy.pool.impl.NullPool", "message": "The garbage collector is trying to clean up non-checked-in connection <AdaptedConnection <aiosqlite.core.Connection object at 0x1312fbed0>>, which will be dropped, as it cannot be safely terminated.  Please ensure that SQLAlchemy pooled connections are returned to the pool explicitly, either by calling ``close()`` or by using appropriate context managers to manage their lifecycle.", "module": "base", "function": "_finalize_fairy", "line": 1031, "request_id": "06a74627-422f-7d00-8000-0ee3850a9e1e"}
sys:1: SAWarning: The garbage collector is trying to clean up non-checked-in connection <AdaptedConnection <aiosqlite.core.Connection object at 0x1312fbed0>>, which will be dropped, as it cannot be safely terminated.  Please ensure that SQLAlchemy pooled connections are returned to the pool explicitly, either by calling ``close()`` or by using appropriate context managers to manage their lifecycle.
{"timestamp": "2026-08-06T10:31:16.155030+00:00Z", "level": "ERROR", "logger": "sqlalchemy.pool.impl.NullPool", "message": "The garbage collector is trying to clean up non-checked-in connection <AdaptedConnection <aiosqlite.core.Connection object at 0x131223390>>, which will be dropped, as it cannot be safely terminated.  Please ensure that SQLAlchemy pooled connections are returned to the pool explicitly, either by calling ``close()`` or by using appropriate context managers to manage their lifecycle.", "module": "base", "function": "_finalize_fairy", "line": 1031, "request_id": "06a74627-422f-7d00-8000-0ee3850a9e1e"}
sys:1: SAWarning: The garbage collector is trying to clean up non-checked-in connection <AdaptedConnection <aiosqlite.core.Connection object at 0x131223390>>, which will be dropped, as it cannot be safely terminated.  Please ensure that SQLAlchemy pooled connections are returned to the pool explicitly, either by calling ``close()`` or by using appropriate context managers to manage their lifecycle.
{"timestamp": "2026-08-06T10:31:16.155281+00:00Z", "level": "ERROR", "logger": "sqlalchemy.pool.impl.NullPool", "message": "The garbage collector is trying to clean up non-checked-in connection <AdaptedConnection <aiosqlite.core.Connection object at 0x116f30590>>, which will be dropped, as it cannot be safely terminated.  Please ensure that SQLAlchemy pooled connections are returned to the pool explicitly, either by calling ``close()`` or by using appropriate context managers to manage their lifecycle.", "module": "base", "function": "_finalize_fairy", "line": 1031, "request_id": "06a74627-422f-7d00-8000-0ee3850a9e1e"}
sys:1: SAWarning: The garbage collector is trying to clean up non-checked-in connection <AdaptedConnection <aiosqlite.core.Connection object at 0x116f30590>>, which will be dropped, as it cannot be safely terminated.  Please ensure that SQLAlchemy pooled connections are returned to the pool explicitly, either by calling ``close()`` or by using appropriate context managers to manage their lifecycle.
{"timestamp": "2026-08-06T10:31:16.155491+00:00Z", "level": "ERROR", "logger": "sqlalchemy.pool.impl.NullPool", "message": "The garbage collector is trying to clean up non-checked-in connection <AdaptedConnection <aiosqlite.core.Connection object at 0x1312fb9d0>>, which will be dropped, as it cannot be safely terminated.  Please ensure that SQLAlchemy pooled connections are returned to the pool explicitly, either by calling ``close()`` or by using appropriate context managers to manage their lifecycle.", "module": "base", "function": "_finalize_fairy", "line": 1031, "request_id": "06a74627-422f-7d00-8000-0ee3850a9e1e"}
sys:1: SAWarning: The garbage collector is trying to clean up non-checked-in connection <AdaptedConnection <aiosqlite.core.Connection object at 0x1312fb9d0>>, which will be dropped, as it cannot be safely terminated.  Please ensure that SQLAlchemy pooled connections are returned to the pool explicitly, either by calling ``close()`` or by using appropriate context managers to manage their lifecycle.
{"timestamp": "2026-08-06T10:31:16.155617+00:00Z", "level": "ERROR", "logger": "sqlalchemy.pool.impl.NullPool", "message": "The garbage collector is trying to clean up non-checked-in connection <AdaptedConnection <aiosqlite.core.Connection object at 0x13127d810>>, which will be dropped, as it cannot be safely terminated.  Please ensure that SQLAlchemy pooled connections are returned to the pool explicitly, either by calling ``close()`` or by using appropriate context managers to manage their lifecycle.", "module": "base", "function": "_finalize_fairy", "line": 1031, "request_id": "06a74627-422f-7d00-8000-0ee3850a9e1e"}
sys:1: SAWarning: The garbage collector is trying to clean up non-checked-in connection <AdaptedConnection <aiosqlite.core.Connection object at 0x13127d810>>, which will be dropped, as it cannot be safely terminated.  Please ensure that SQLAlchemy pooled connections are returned to the pool explicitly, either by calling ``close()`` or by using appropriate context managers to manage their lifecycle.
{"timestamp": "2026-08-06T10:31:16.155719+00:00Z", "level": "ERROR", "logger": "sqlalchemy.pool.impl.NullPool", "message": "The garbage collector is trying to clean up non-checked-in connection <AdaptedConnection <aiosqlite.core.Connection object at 0x116f1fb10>>, which will be dropped, as it cannot be safely terminated.  Please ensure that SQLAlchemy pooled connections are returned to the pool explicitly, either by calling ``close()`` or by using appropriate context managers to manage their lifecycle.", "module": "base", "function": "_finalize_fairy", "line": 1031, "request_id": "06a74627-422f-7d00-8000-0ee3850a9e1e"}
sys:1: SAWarning: The garbage collector is trying to clean up non-checked-in connection <AdaptedConnection <aiosqlite.core.Connection object at 0x116f1fb10>>, which will be dropped, as it cannot be safely terminated.  Please ensure that SQLAlchemy pooled connections are returned to the pool explicitly, either by calling ``close()`` or by using appropriate context managers to manage their lifecycle.
INFO:     127.0.0.1:57697 - "GET /api/v1/dashboard/summary HTTP/1.1" 200 OK
{"timestamp": "2026-08-06T10:31:26.266637+00:00Z", "level": "ERROR", "logger": "sqlalchemy.pool.impl.NullPool", "message": "The garbage collector is trying to clean up non-checked-in connection <AdaptedConnection <aiosqlite.core.Connection object at 0x13159f2d0>>, which will be dropped, as it cannot be safely terminated.  Please ensure that SQLAlchemy pooled connections are returned to the pool explicitly, either by calling ``close()`` or by using appropriate context managers to manage their lifecycle.", "module": "base", "function": "_finalize_fairy", "line": 1031, "request_id": "06a74627-e2ad-7eca-8000-4b2f7480d200"}
sys:1: SAWarning: The garbage collector is trying to clean up non-checked-in connection <AdaptedConnection <aiosqlite.core.Connection object at 0x13159f2d0>>, which will be dropped, as it cannot be safely terminated.  Please ensure that SQLAlchemy pooled connections are returned to the pool explicitly, either by calling ``close()`` or by using appropriate context managers to manage their lifecycle.
{"timestamp": "2026-08-06T10:31:26.266989+00:00Z", "level": "ERROR", "logger": "sqlalchemy.pool.impl.NullPool", "message": "The garbage collector is trying to clean up non-checked-in connection <AdaptedConnection <aiosqlite.core.Connection object at 0x131562490>>, which will be dropped, as it cannot be safely terminated.  Please ensure that SQLAlchemy pooled connections are returned to the pool explicitly, either by calling ``close()`` or by using appropriate context managers to manage their lifecycle.", "module": "base", "function": "_finalize_fairy", "line": 1031, "request_id": "06a74627-e2ad-7eca-8000-4b2f7480d200"}
sys:1: SAWarning: The garbage collector is trying to clean up non-checked-in connection <AdaptedConnection <aiosqlite.core.Connection object at 0x131562490>>, which will be dropped, as it cannot be safely terminated.  Please ensure that SQLAlchemy pooled connections are returned to the pool explicitly, either by calling ``close()`` or by using appropriate context managers to manage their lifecycle.
{"timestamp": "2026-08-06T10:31:26.267040+00:00Z", "level": "ERROR", "logger": "sqlalchemy.pool.impl.NullPool", "message": "The garbage collector is trying to clean up non-checked-in connection <AdaptedConnection <aiosqlite.core.Connection object at 0x1315edad0>>, which will be dropped, as it cannot be safely terminated.  Please ensure that SQLAlchemy pooled connections are returned to the pool explicitly, either by calling ``close()`` or by using appropriate context managers to manage their lifecycle.", "module": "base", "function": "_finalize_fairy", "line": 1031, "request_id": "06a74627-e2ad-7eca-8000-4b2f7480d200"}
sys:1: SAWarning: The garbage collector is trying to clean up non-checked-in connection <AdaptedConnection <aiosqlite.core.Connection object at 0x1315edad0>>, which will be dropped, as it cannot be safely terminated.  Please ensure that SQLAlchemy pooled connections are returned to the pool explicitly, either by calling ``close()`` or by using appropriate context managers to manage their lifecycle.
{"timestamp": "2026-08-06T10:31:26.267081+00:00Z", "level": "ERROR", "logger": "sqlalchemy.pool.impl.NullPool", "message": "The garbage collector is trying to clean up non-checked-in connection <AdaptedConnection <aiosqlite.core.Connection object at 0x1311d8310>>, which will be dropped, as it cannot be safely terminated.  Please ensure that SQLAlchemy pooled connections are returned to the pool explicitly, either by calling ``close()`` or by using appropriate context managers to manage their lifecycle.", "module": "base", "function": "_finalize_fairy", "line": 1031, "request_id": "06a74627-e2ad-7eca-8000-4b2f7480d200"}
sys:1: SAWarning: The garbage collector is trying to clean up non-checked-in connection <AdaptedConnection <aiosqlite.core.Connection object at 0x1311d8310>>, which will be dropped, as it cannot be safely terminated.  Please ensure that SQLAlchemy pooled connections are returned to the pool explicitly, either by calling ``close()`` or by using appropriate context managers to manage their lifecycle.
{"timestamp": "2026-08-06T10:31:26.267118+00:00Z", "level": "ERROR", "logger": "sqlalchemy.pool.impl.NullPool", "message": "The garbage collector is trying to clean up non-checked-in connection <AdaptedConnection <aiosqlite.core.Connection object at 0x131501fd0>>, which will be dropped, as it cannot be safely terminated.  Please ensure that SQLAlchemy pooled connections are returned to the pool explicitly, either by calling ``close()`` or by using appropriate context managers to manage their lifecycle.", "module": "base", "function": "_finalize_fairy", "line": 1031, "request_id": "06a74627-e2ad-7eca-8000-4b2f7480d200"}
sys:1: SAWarning: The garbage collector is trying to clean up non-checked-in connection <AdaptedConnection <aiosqlite.core.Connection object at 0x131501fd0>>, which will be dropped, as it cannot be safely terminated.  Please ensure that SQLAlchemy pooled connections are returned to the pool explicitly, either by calling ``close()`` or by using appropriate context managers to manage their lifecycle.
{"timestamp": "2026-08-06T10:31:26.267154+00:00Z", "level": "ERROR", "logger": "sqlalchemy.pool.impl.NullPool", "message": "The garbage collector is trying to clean up non-checked-in connection <AdaptedConnection <aiosqlite.core.Connection object at 0x131269250>>, which will be dropped, as it cannot be safely terminated.  Please ensure that SQLAlchemy pooled connections are returned to the pool explicitly, either by calling ``close()`` or by using appropriate context managers to manage their lifecycle.", "module": "base", "function": "_finalize_fairy", "line": 1031, "request_id": "06a74627-e2ad-7eca-8000-4b2f7480d200"}
sys:1: SAWarning: The garbage collector is trying to clean up non-checked-in connection <AdaptedConnection <aiosqlite.core.Connection object at 0x131269250>>, which will be dropped, as it cannot be safely terminated.  Please ensure that SQLAlchemy pooled connections are returned to the pool explicitly, either by calling ``close()`` or by using appropriate context managers to manage their lifecycle.
{"timestamp": "2026-08-06T10:31:26.267188+00:00Z", "level": "ERROR", "logger": "sqlalchemy.pool.impl.NullPool", "message": "The garbage collector is trying to clean up non-checked-in connection <AdaptedConnection <aiosqlite.core.Connection object at 0x116043f90>>, which will be dropped, as it cannot be safely terminated.  Please ensure that SQLAlchemy pooled connections are returned to the pool explicitly, either by calling ``close()`` or by using appropriate context managers to manage their lifecycle.", "module": "base", "function": "_finalize_fairy", "line": 1031, "request_id": "06a74627-e2ad-7eca-8000-4b2f7480d200"}
sys:1: SAWarning: The garbage collector is trying to clean up non-checked-in connection <AdaptedConnection <aiosqlite.core.Connection object at 0x116043f90>>, which will be dropped, as it cannot be safely terminated.  Please ensure that SQLAlchemy pooled connections are returned to the pool explicitly, either by calling ``close()`` or by using appropriate context managers to manage their lifecycle.
{"timestamp": "2026-08-06T10:31:26.267221+00:00Z", "level": "ERROR", "logger": "sqlalchemy.pool.impl.NullPool", "message": "The garbage collector is trying to clean up non-checked-in connection <AdaptedConnection <aiosqlite.core.Connection object at 0x116076c10>>, which will be dropped, as it cannot be safely terminated.  Please ensure that SQLAlchemy pooled connections are returned to the pool explicitly, either by calling ``close()`` or by using appropriate context managers to manage their lifecycle.", "module": "base", "function": "_finalize_fairy", "line": 1031, "request_id": "06a74627-e2ad-7eca-8000-4b2f7480d200"}
sys:1: SAWarning: The garbage collector is trying to clean up non-checked-in connection <AdaptedConnection <aiosqlite.core.Connection object at 0x116076c10>>, which will be dropped, as it cannot be safely terminated.  Please ensure that SQLAlchemy pooled connections are returned to the pool explicitly, either by calling ``close()`` or by using appropriate context managers to manage their lifecycle.
{"timestamp": "2026-08-06T10:31:26.267255+00:00Z", "level": "ERROR", "logger": "sqlalchemy.pool.impl.NullPool", "message": "The garbage collector is trying to clean up non-checked-in connection <AdaptedConnection <aiosqlite.core.Connection object at 0x1311b3590>>, which will be dropped, as it cannot be safely terminated.  Please ensure that SQLAlchemy pooled connections are returned to the pool explicitly, either by calling ``close()`` or by using appropriate context managers to manage their lifecycle.", "module": "base", "function": "_finalize_fairy", "line": 1031, "request_id": "06a74627-e2ad-7eca-8000-4b2f7480d200"}
sys:1: SAWarning: The garbage collector is trying to clean up non-checked-in connection <AdaptedConnection <aiosqlite.core.Connection object at 0x1311b3590>>, which will be dropped, as it cannot be safely terminated.  Please ensure that SQLAlchemy pooled connections are returned to the pool explicitly, either by calling ``close()`` or by using appropriate context managers to manage their lifecycle.
{"timestamp": "2026-08-06T10:31:26.267288+00:00Z", "level": "ERROR", "logger": "sqlalchemy.pool.impl.NullPool", "message": "The garbage collector is trying to clean up non-checked-in connection <AdaptedConnection <aiosqlite.core.Connection object at 0x1311b3850>>, which will be dropped, as it cannot be safely terminated.  Please ensure that SQLAlchemy pooled connections are returned to the pool explicitly, either by calling ``close()`` or by using appropriate context managers to manage their lifecycle.", "module": "base", "function": "_finalize_fairy", "line": 1031, "request_id": "06a74627-e2ad-7eca-8000-4b2f7480d200"}
sys:1: SAWarning: The garbage collector is trying to clean up non-checked-in connection <AdaptedConnection <aiosqlite.core.Connection object at 0x1311b3850>>, which will be dropped, as it cannot be safely terminated.  Please ensure that SQLAlchemy pooled connections are returned to the pool explicitly, either by calling ``close()`` or by using appropriate context managers to manage their lifecycle.
{"timestamp": "2026-08-06T10:31:26.267320+00:00Z", "level": "ERROR", "logger": "sqlalchemy.pool.impl.NullPool", "message": "The garbage collector is trying to clean up non-checked-in connection <AdaptedConnection <aiosqlite.core.Connection object at 0x1311bab50>>, which will be dropped, as it cannot be safely terminated.  Please ensure that SQLAlchemy pooled connections are returned to the pool explicitly, either by calling ``close()`` or by using appropriate context managers to manage their lifecycle.", "module": "base", "function": "_finalize_fairy", "line": 1031, "request_id": "06a74627-e2ad-7eca-8000-4b2f7480d200"}
sys:1: SAWarning: The garbage collector is trying to clean up non-checked-in connection <AdaptedConnection <aiosqlite.core.Connection object at 0x1311bab50>>, which will be dropped, as it cannot be safely terminated.  Please ensure that SQLAlchemy pooled connections are returned to the pool explicitly, either by calling ``close()`` or by using appropriate context managers to manage their lifecycle.
{"timestamp": "2026-08-06T10:31:26.267352+00:00Z", "level": "ERROR", "logger": "sqlalchemy.pool.impl.NullPool", "message": "The garbage collector is trying to clean up non-checked-in connection <AdaptedConnection <aiosqlite.core.Connection object at 0x131277d10>>, which will be dropped, as it cannot be safely terminated.  Please ensure that SQLAlchemy pooled connections are returned to the pool explicitly, either by calling ``close()`` or by using appropriate context managers to manage their lifecycle.", "module": "base", "function": "_finalize_fairy", "line": 1031, "request_id": "06a74627-e2ad-7eca-8000-4b2f7480d200"}
sys:1: SAWarning: The garbage collector is trying to clean up non-checked-in connection <AdaptedConnection <aiosqlite.core.Connection object at 0x131277d10>>, which will be dropped, as it cannot be safely terminated.  Please ensure that SQLAlchemy pooled connections are returned to the pool explicitly, either by calling ``close()`` or by using appropriate context managers to manage their lifecycle.
{"timestamp": "2026-08-06T10:31:26.267384+00:00Z", "level": "ERROR", "logger": "sqlalchemy.pool.impl.NullPool", "message": "The garbage collector is trying to clean up non-checked-in connection <AdaptedConnection <aiosqlite.core.Connection object at 0x1312742d0>>, which will be dropped, as it cannot be safely terminated.  Please ensure that SQLAlchemy pooled connections are returned to the pool explicitly, either by calling ``close()`` or by using appropriate context managers to manage their lifecycle.", "module": "base", "function": "_finalize_fairy", "line": 1031, "request_id": "06a74627-e2ad-7eca-8000-4b2f7480d200"}
sys:1: SAWarning: The garbage collector is trying to clean up non-checked-in connection <AdaptedConnection <aiosqlite.core.Connection object at 0x1312742d0>>, which will be dropped, as it cannot be safely terminated.  Please ensure that SQLAlchemy pooled connections are returned to the pool explicitly, either by calling ``close()`` or by using appropriate context managers to manage their lifecycle.
{"timestamp": "2026-08-06T10:31:26.267415+00:00Z", "level": "ERROR", "logger": "sqlalchemy.pool.impl.NullPool", "message": "The garbage collector is trying to clean up non-checked-in connection <AdaptedConnection <aiosqlite.core.Connection object at 0x13127e9d0>>, which will be dropped, as it cannot be safely terminated.  Please ensure that SQLAlchemy pooled connections are returned to the pool explicitly, either by calling ``close()`` or by using appropriate context managers to manage their lifecycle.", "module": "base", "function": "_finalize_fairy", "line": 1031, "request_id": "06a74627-e2ad-7eca-8000-4b2f7480d200"}
sys:1: SAWarning: The garbage collector is trying to clean up non-checked-in connection <AdaptedConnection <aiosqlite.core.Connection object at 0x13127e9d0>>, which will be dropped, as it cannot be safely terminated.  Please ensure that SQLAlchemy pooled connections are returned to the pool explicitly, either by calling ``close()`` or by using appropriate context managers to manage their lifecycle.
{"timestamp": "2026-08-06T10:31:26.267446+00:00Z", "level": "ERROR", "logger": "sqlalchemy.pool.impl.NullPool", "message": "The garbage collector is trying to clean up non-checked-in connection <AdaptedConnection <aiosqlite.core.Connection object at 0x13111f990>>, which will be dropped, as it cannot be safely terminated.  Please ensure that SQLAlchemy pooled connections are returned to the pool explicitly, either by calling ``close()`` or by using appropriate context managers to manage their lifecycle.", "module": "base", "function": "_finalize_fairy", "line": 1031, "request_id": "06a74627-e2ad-7eca-8000-4b2f7480d200"}
sys:1: SAWarning: The garbage collector is trying to clean up non-checked-in connection <AdaptedConnection <aiosqlite.core.Connection object at 0x13111f990>>, which will be dropped, as it cannot be safely terminated.  Please ensure that SQLAlchemy pooled connections are returned to the pool explicitly, either by calling ``close()`` or by using appropriate context managers to manage their lifecycle.
INFO:     127.0.0.1:57712 - "GET /api/v1/dashboard/summary HTTP/1.1" 200 OK
INFO:     127.0.0.1:57724 - "GET /api/v1/dashboard/summary HTTP/1.1" 200 OK
INFO:     127.0.0.1:57732 - "GET /api/v1/dashboard/summary HTTP/1.1" 200 OK
INFO:     127.0.0.1:57740 - "GET /api/v1/dashboard/summary HTTP/1.1" 200 OK
INFO:     127.0.0.1:57749 - "GET /api/v1/dashboard/summary HTTP/1.1" 200 OK
INFO:     127.0.0.1:57757 - "OPTIONS /api/v1/dashboard/summary HTTP/1.1" 200 OK
INFO:     127.0.0.1:57757 - "GET /api/v1/dashboard/summary HTTP/1.1" 200 OK
INFO:     127.0.0.1:57769 - "GET /api/v1/dashboard/summary HTTP/1.1" 200 OK
INFO:     127.0.0.1:57777 - "GET /api/v1/dashboard/summary HTTP/1.1" 200 OK
INFO:     127.0.0.1:57789 - "GET /api/v1/dashboard/summary HTTP/1.1" 200 OK
INFO:     127.0.0.1:57806 - "GET /api/v1/dashboard/summary HTTP/1.1" 200 OK
INFO:     127.0.0.1:57815 - "GET /api/v1/dashboard/summary HTTP/1.1" 200 OK
INFO:     127.0.0.1:57823 - "GET /api/v1/dashboard/summary HTTP/1.1" 200 OK
{"timestamp": "2026-08-06T10:33:28.109941+00:00Z", "level": "ERROR", "logger": "sqlalchemy.pool.impl.NullPool", "message": "The garbage collector is trying to clean up non-checked-in connection <AdaptedConnection <aiosqlite.core.Connection object at 0x1312fa350>>, which will be dropped, as it cannot be safely terminated.  Please ensure that SQLAlchemy pooled connections are returned to the pool explicitly, either by calling ``close()`` or by using appropriate context managers to manage their lifecycle.", "module": "base", "function": "_finalize_fairy", "line": 1031, "request_id": "06a7462f-8193-7879-8000-d6f466764fe9"}
sys:1: SAWarning: The garbage collector is trying to clean up non-checked-in connection <AdaptedConnection <aiosqlite.core.Connection object at 0x1312fa350>>, which will be dropped, as it cannot be safely terminated.  Please ensure that SQLAlchemy pooled connections are returned to the pool explicitly, either by calling ``close()`` or by using appropriate context managers to manage their lifecycle.
{"timestamp": "2026-08-06T10:33:28.110366+00:00Z", "level": "ERROR", "logger": "sqlalchemy.pool.impl.NullPool", "message": "The garbage collector is trying to clean up non-checked-in connection <AdaptedConnection <aiosqlite.core.Connection object at 0x13127d8d0>>, which will be dropped, as it cannot be safely terminated.  Please ensure that SQLAlchemy pooled connections are returned to the pool explicitly, either by calling ``close()`` or by using appropriate context managers to manage their lifecycle.", "module": "base", "function": "_finalize_fairy", "line": 1031, "request_id": "06a7462f-8193-7879-8000-d6f466764fe9"}
sys:1: SAWarning: The garbage collector is trying to clean up non-checked-in connection <AdaptedConnection <aiosqlite.core.Connection object at 0x13127d8d0>>, which will be dropped, as it cannot be safely terminated.  Please ensure that SQLAlchemy pooled connections are returned to the pool explicitly, either by calling ``close()`` or by using appropriate context managers to manage their lifecycle.
{"timestamp": "2026-08-06T10:33:28.110494+00:00Z", "level": "ERROR", "logger": "sqlalchemy.pool.impl.NullPool", "message": "The garbage collector is trying to clean up non-checked-in connection <AdaptedConnection <aiosqlite.core.Connection object at 0x116f9f950>>, which will be dropped, as it cannot be safely terminated.  Please ensure that SQLAlchemy pooled connections are returned to the pool explicitly, either by calling ``close()`` or by using appropriate context managers to manage their lifecycle.", "module": "base", "function": "_finalize_fairy", "line": 1031, "request_id": "06a7462f-8193-7879-8000-d6f466764fe9"}
sys:1: SAWarning: The garbage collector is trying to clean up non-checked-in connection <AdaptedConnection <aiosqlite.core.Connection object at 0x116f9f950>>, which will be dropped, as it cannot be safely terminated.  Please ensure that SQLAlchemy pooled connections are returned to the pool explicitly, either by calling ``close()`` or by using appropriate context managers to manage their lifecycle.
{"timestamp": "2026-08-06T10:33:28.110600+00:00Z", "level": "ERROR", "logger": "sqlalchemy.pool.impl.NullPool", "message": "The garbage collector is trying to clean up non-checked-in connection <AdaptedConnection <aiosqlite.core.Connection object at 0x1312f8190>>, which will be dropped, as it cannot be safely terminated.  Please ensure that SQLAlchemy pooled connections are returned to the pool explicitly, either by calling ``close()`` or by using appropriate context managers to manage their lifecycle.", "module": "base", "function": "_finalize_fairy", "line": 1031, "request_id": "06a7462f-8193-7879-8000-d6f466764fe9"}
sys:1: SAWarning: The garbage collector is trying to clean up non-checked-in connection <AdaptedConnection <aiosqlite.core.Connection object at 0x1312f8190>>, which will be dropped, as it cannot be safely terminated.  Please ensure that SQLAlchemy pooled connections are returned to the pool explicitly, either by calling ``close()`` or by using appropriate context managers to manage their lifecycle.
{"timestamp": "2026-08-06T10:33:28.110776+00:00Z", "level": "ERROR", "logger": "sqlalchemy.pool.impl.NullPool", "message": "The garbage collector is trying to clean up non-checked-in connection <AdaptedConnection <aiosqlite.core.Connection object at 0x116f9fed0>>, which will be dropped, as it cannot be safely terminated.  Please ensure that SQLAlchemy pooled connections are returned to the pool explicitly, either by calling ``close()`` or by using appropriate context managers to manage their lifecycle.", "module": "base", "function": "_finalize_fairy", "line": 1031, "request_id": "06a7462f-8193-7879-8000-d6f466764fe9"}
sys:1: SAWarning: The garbage collector is trying to clean up non-checked-in connection <AdaptedConnection <aiosqlite.core.Connection object at 0x116f9fed0>>, which will be dropped, as it cannot be safely terminated.  Please ensure that SQLAlchemy pooled connections are returned to the pool explicitly, either by calling ``close()`` or by using appropriate context managers to manage their lifecycle.
{"timestamp": "2026-08-06T10:33:28.111001+00:00Z", "level": "ERROR", "logger": "sqlalchemy.pool.impl.NullPool", "message": "The garbage collector is trying to clean up non-checked-in connection <AdaptedConnection <aiosqlite.core.Connection object at 0x1312f9050>>, which will be dropped, as it cannot be safely terminated.  Please ensure that SQLAlchemy pooled connections are returned to the pool explicitly, either by calling ``close()`` or by using appropriate context managers to manage their lifecycle.", "module": "base", "function": "_finalize_fairy", "line": 1031, "request_id": "06a7462f-8193-7879-8000-d6f466764fe9"}
sys:1: SAWarning: The garbage collector is trying to clean up non-checked-in connection <AdaptedConnection <aiosqlite.core.Connection object at 0x1312f9050>>, which will be dropped, as it cannot be safely terminated.  Please ensure that SQLAlchemy pooled connections are returned to the pool explicitly, either by calling ``close()`` or by using appropriate context managers to manage their lifecycle.
{"timestamp": "2026-08-06T10:33:28.111229+00:00Z", "level": "ERROR", "logger": "sqlalchemy.pool.impl.NullPool", "message": "The garbage collector is trying to clean up non-checked-in connection <AdaptedConnection <aiosqlite.core.Connection object at 0x116f03f10>>, which will be dropped, as it cannot be safely terminated.  Please ensure that SQLAlchemy pooled connections are returned to the pool explicitly, either by calling ``close()`` or by using appropriate context managers to manage their lifecycle.", "module": "base", "function": "_finalize_fairy", "line": 1031, "request_id": "06a7462f-8193-7879-8000-d6f466764fe9"}
sys:1: SAWarning: The garbage collector is trying to clean up non-checked-in connection <AdaptedConnection <aiosqlite.core.Connection object at 0x116f03f10>>, which will be dropped, as it cannot be safely terminated.  Please ensure that SQLAlchemy pooled connections are returned to the pool explicitly, either by calling ``close()`` or by using appropriate context managers to manage their lifecycle.
{"timestamp": "2026-08-06T10:33:28.111350+00:00Z", "level": "ERROR", "logger": "sqlalchemy.pool.impl.NullPool", "message": "The garbage collector is trying to clean up non-checked-in connection <AdaptedConnection <aiosqlite.core.Connection object at 0x116f9f6d0>>, which will be dropped, as it cannot be safely terminated.  Please ensure that SQLAlchemy pooled connections are returned to the pool explicitly, either by calling ``close()`` or by using appropriate context managers to manage their lifecycle.", "module": "base", "function": "_finalize_fairy", "line": 1031, "request_id": "06a7462f-8193-7879-8000-d6f466764fe9"}
sys:1: SAWarning: The garbage collector is trying to clean up non-checked-in connection <AdaptedConnection <aiosqlite.core.Connection object at 0x116f9f6d0>>, which will be dropped, as it cannot be safely terminated.  Please ensure that SQLAlchemy pooled connections are returned to the pool explicitly, either by calling ``close()`` or by using appropriate context managers to manage their lifecycle.
{"timestamp": "2026-08-06T10:33:28.111450+00:00Z", "level": "ERROR", "logger": "sqlalchemy.pool.impl.NullPool", "message": "The garbage collector is trying to clean up non-checked-in connection <AdaptedConnection <aiosqlite.core.Connection object at 0x116f33890>>, which will be dropped, as it cannot be safely terminated.  Please ensure that SQLAlchemy pooled connections are returned to the pool explicitly, either by calling ``close()`` or by using appropriate context managers to manage their lifecycle.", "module": "base", "function": "_finalize_fairy", "line": 1031, "request_id": "06a7462f-8193-7879-8000-d6f466764fe9"}
sys:1: SAWarning: The garbage collector is trying to clean up non-checked-in connection <AdaptedConnection <aiosqlite.core.Connection object at 0x116f33890>>, which will be dropped, as it cannot be safely terminated.  Please ensure that SQLAlchemy pooled connections are returned to the pool explicitly, either by calling ``close()`` or by using appropriate context managers to manage their lifecycle.
{"timestamp": "2026-08-06T10:33:28.111541+00:00Z", "level": "ERROR", "logger": "sqlalchemy.pool.impl.NullPool", "message": "The garbage collector is trying to clean up non-checked-in connection <AdaptedConnection <aiosqlite.core.Connection object at 0x116f03e90>>, which will be dropped, as it cannot be safely terminated.  Please ensure that SQLAlchemy pooled connections are returned to the pool explicitly, either by calling ``close()`` or by using appropriate context managers to manage their lifecycle.", "module": "base", "function": "_finalize_fairy", "line": 1031, "request_id": "06a7462f-8193-7879-8000-d6f466764fe9"}
sys:1: SAWarning: The garbage collector is trying to clean up non-checked-in connection <AdaptedConnection <aiosqlite.core.Connection object at 0x116f03e90>>, which will be dropped, as it cannot be safely terminated.  Please ensure that SQLAlchemy pooled connections are returned to the pool explicitly, either by calling ``close()`` or by using appropriate context managers to manage their lifecycle.
{"timestamp": "2026-08-06T10:33:28.111630+00:00Z", "level": "ERROR", "logger": "sqlalchemy.pool.impl.NullPool", "message": "The garbage collector is trying to clean up non-checked-in connection <AdaptedConnection <aiosqlite.core.Connection object at 0x116f308d0>>, which will be dropped, as it cannot be safely terminated.  Please ensure that SQLAlchemy pooled connections are returned to the pool explicitly, either by calling ``close()`` or by using appropriate context managers to manage their lifecycle.", "module": "base", "function": "_finalize_fairy", "line": 1031, "request_id": "06a7462f-8193-7879-8000-d6f466764fe9"}
sys:1: SAWarning: The garbage collector is trying to clean up non-checked-in connection <AdaptedConnection <aiosqlite.core.Connection object at 0x116f308d0>>, which will be dropped, as it cannot be safely terminated.  Please ensure that SQLAlchemy pooled connections are returned to the pool explicitly, either by calling ``close()`` or by using appropriate context managers to manage their lifecycle.
{"timestamp": "2026-08-06T10:33:28.111717+00:00Z", "level": "ERROR", "logger": "sqlalchemy.pool.impl.NullPool", "message": "The garbage collector is trying to clean up non-checked-in connection <AdaptedConnection <aiosqlite.core.Connection object at 0x1312fb5d0>>, which will be dropped, as it cannot be safely terminated.  Please ensure that SQLAlchemy pooled connections are returned to the pool explicitly, either by calling ``close()`` or by using appropriate context managers to manage their lifecycle.", "module": "base", "function": "_finalize_fairy", "line": 1031, "request_id": "06a7462f-8193-7879-8000-d6f466764fe9"}
sys:1: SAWarning: The garbage collector is trying to clean up non-checked-in connection <AdaptedConnection <aiosqlite.core.Connection object at 0x1312fb5d0>>, which will be dropped, as it cannot be safely terminated.  Please ensure that SQLAlchemy pooled connections are returned to the pool explicitly, either by calling ``close()`` or by using appropriate context managers to manage their lifecycle.
{"timestamp": "2026-08-06T10:33:28.111807+00:00Z", "level": "ERROR", "logger": "sqlalchemy.pool.impl.NullPool", "message": "The garbage collector is trying to clean up non-checked-in connection <AdaptedConnection <aiosqlite.core.Connection object at 0x131251c90>>, which will be dropped, as it cannot be safely terminated.  Please ensure that SQLAlchemy pooled connections are returned to the pool explicitly, either by calling ``close()`` or by using appropriate context managers to manage their lifecycle.", "module": "base", "function": "_finalize_fairy", "line": 1031, "request_id": "06a7462f-8193-7879-8000-d6f466764fe9"}
sys:1: SAWarning: The garbage collector is trying to clean up non-checked-in connection <AdaptedConnection <aiosqlite.core.Connection object at 0x131251c90>>, which will be dropped, as it cannot be safely terminated.  Please ensure that SQLAlchemy pooled connections are returned to the pool explicitly, either by calling ``close()`` or by using appropriate context managers to manage their lifecycle.
{"timestamp": "2026-08-06T10:33:28.111891+00:00Z", "level": "ERROR", "logger": "sqlalchemy.pool.impl.NullPool", "message": "The garbage collector is trying to clean up non-checked-in connection <AdaptedConnection <aiosqlite.core.Connection object at 0x116f32ed0>>, which will be dropped, as it cannot be safely terminated.  Please ensure that SQLAlchemy pooled connections are returned to the pool explicitly, either by calling ``close()`` or by using appropriate context managers to manage their lifecycle.", "module": "base", "function": "_finalize_fairy", "line": 1031, "request_id": "06a7462f-8193-7879-8000-d6f466764fe9"}
sys:1: SAWarning: The garbage collector is trying to clean up non-checked-in connection <AdaptedConnection <aiosqlite.core.Connection object at 0x116f32ed0>>, which will be dropped, as it cannot be safely terminated.  Please ensure that SQLAlchemy pooled connections are returned to the pool explicitly, either by calling ``close()`` or by using appropriate context managers to manage their lifecycle.
{"timestamp": "2026-08-06T10:33:28.111975+00:00Z", "level": "ERROR", "logger": "sqlalchemy.pool.impl.NullPool", "message": "The garbage collector is trying to clean up non-checked-in connection <AdaptedConnection <aiosqlite.core.Connection object at 0x131251910>>, which will be dropped, as it cannot be safely terminated.  Please ensure that SQLAlchemy pooled connections are returned to the pool explicitly, either by calling ``close()`` or by using appropriate context managers to manage their lifecycle.", "module": "base", "function": "_finalize_fairy", "line": 1031, "request_id": "06a7462f-8193-7879-8000-d6f466764fe9"}
sys:1: SAWarning: The garbage collector is trying to clean up non-checked-in connection <AdaptedConnection <aiosqlite.core.Connection object at 0x131251910>>, which will be dropped, as it cannot be safely terminated.  Please ensure that SQLAlchemy pooled connections are returned to the pool explicitly, either by calling ``close()`` or by using appropriate context managers to manage their lifecycle.
{"timestamp": "2026-08-06T10:33:28.112057+00:00Z", "level": "ERROR", "logger": "sqlalchemy.pool.impl.NullPool", "message": "The garbage collector is trying to clean up non-checked-in connection <AdaptedConnection <aiosqlite.core.Connection object at 0x131251c10>>, which will be dropped, as it cannot be safely terminated.  Please ensure that SQLAlchemy pooled connections are returned to the pool explicitly, either by calling ``close()`` or by using appropriate context managers to manage their lifecycle.", "module": "base", "function": "_finalize_fairy", "line": 1031, "request_id": "06a7462f-8193-7879-8000-d6f466764fe9"}
sys:1: SAWarning: The garbage collector is trying to clean up non-checked-in connection <AdaptedConnection <aiosqlite.core.Connection object at 0x131251c10>>, which will be dropped, as it cannot be safely terminated.  Please ensure that SQLAlchemy pooled connections are returned to the pool explicitly, either by calling ``close()`` or by using appropriate context managers to manage their lifecycle.
{"timestamp": "2026-08-06T10:33:28.112140+00:00Z", "level": "ERROR", "logger": "sqlalchemy.pool.impl.NullPool", "message": "The garbage collector is trying to clean up non-checked-in connection <AdaptedConnection <aiosqlite.core.Connection object at 0x116f39b90>>, which will be dropped, as it cannot be safely terminated.  Please ensure that SQLAlchemy pooled connections are returned to the pool explicitly, either by calling ``close()`` or by using appropriate context managers to manage their lifecycle.", "module": "base", "function": "_finalize_fairy", "line": 1031, "request_id": "06a7462f-8193-7879-8000-d6f466764fe9"}
sys:1: SAWarning: The garbage collector is trying to clean up non-checked-in connection <AdaptedConnection <aiosqlite.core.Connection object at 0x116f39b90>>, which will be dropped, as it cannot be safely terminated.  Please ensure that SQLAlchemy pooled connections are returned to the pool explicitly, either by calling ``close()`` or by using appropriate context managers to manage their lifecycle.
{"timestamp": "2026-08-06T10:33:28.112225+00:00Z", "level": "ERROR", "logger": "sqlalchemy.pool.impl.NullPool", "message": "The garbage collector is trying to clean up non-checked-in connection <AdaptedConnection <aiosqlite.core.Connection object at 0x131251e50>>, which will be dropped, as it cannot be safely terminated.  Please ensure that SQLAlchemy pooled connections are returned to the pool explicitly, either by calling ``close()`` or by using appropriate context managers to manage their lifecycle.", "module": "base", "function": "_finalize_fairy", "line": 1031, "request_id": "06a7462f-8193-7879-8000-d6f466764fe9"}
sys:1: SAWarning: The garbage collector is trying to clean up non-checked-in connection <AdaptedConnection <aiosqlite.core.Connection object at 0x131251e50>>, which will be dropped, as it cannot be safely terminated.  Please ensure that SQLAlchemy pooled connections are returned to the pool explicitly, either by calling ``close()`` or by using appropriate context managers to manage their lifecycle.
{"timestamp": "2026-08-06T10:33:28.112311+00:00Z", "level": "ERROR", "logger": "sqlalchemy.pool.impl.NullPool", "message": "The garbage collector is trying to clean up non-checked-in connection <AdaptedConnection <aiosqlite.core.Connection object at 0x116f1e8d0>>, which will be dropped, as it cannot be safely terminated.  Please ensure that SQLAlchemy pooled connections are returned to the pool explicitly, either by calling ``close()`` or by using appropriate context managers to manage their lifecycle.", "module": "base", "function": "_finalize_fairy", "line": 1031, "request_id": "06a7462f-8193-7879-8000-d6f466764fe9"}
sys:1: SAWarning: The garbage collector is trying to clean up non-checked-in connection <AdaptedConnection <aiosqlite.core.Connection object at 0x116f1e8d0>>, which will be dropped, as it cannot be safely terminated.  Please ensure that SQLAlchemy pooled connections are returned to the pool explicitly, either by calling ``close()`` or by using appropriate context managers to manage their lifecycle.
{"timestamp": "2026-08-06T10:33:28.112395+00:00Z", "level": "ERROR", "logger": "sqlalchemy.pool.impl.NullPool", "message": "The garbage collector is trying to clean up non-checked-in connection <AdaptedConnection <aiosqlite.core.Connection object at 0x116f38e10>>, which will be dropped, as it cannot be safely terminated.  Please ensure that SQLAlchemy pooled connections are returned to the pool explicitly, either by calling ``close()`` or by using appropriate context managers to manage their lifecycle.", "module": "base", "function": "_finalize_fairy", "line": 1031, "request_id": "06a7462f-8193-7879-8000-d6f466764fe9"}
sys:1: SAWarning: The garbage collector is trying to clean up non-checked-in connection <AdaptedConnection <aiosqlite.core.Connection object at 0x116f38e10>>, which will be dropped, as it cannot be safely terminated.  Please ensure that SQLAlchemy pooled connections are returned to the pool explicitly, either by calling ``close()`` or by using appropriate context managers to manage their lifecycle.
{"timestamp": "2026-08-06T10:33:28.112477+00:00Z", "level": "ERROR", "logger": "sqlalchemy.pool.impl.NullPool", "message": "The garbage collector is trying to clean up non-checked-in connection <AdaptedConnection <aiosqlite.core.Connection object at 0x116f1d890>>, which will be dropped, as it cannot be safely terminated.  Please ensure that SQLAlchemy pooled connections are returned to the pool explicitly, either by calling ``close()`` or by using appropriate context managers to manage their lifecycle.", "module": "base", "function": "_finalize_fairy", "line": 1031, "request_id": "06a7462f-8193-7879-8000-d6f466764fe9"}
sys:1: SAWarning: The garbage collector is trying to clean up non-checked-in connection <AdaptedConnection <aiosqlite.core.Connection object at 0x116f1d890>>, which will be dropped, as it cannot be safely terminated.  Please ensure that SQLAlchemy pooled connections are returned to the pool explicitly, either by calling ``close()`` or by using appropriate context managers to manage their lifecycle.
{"timestamp": "2026-08-06T10:33:28.112559+00:00Z", "level": "ERROR", "logger": "sqlalchemy.pool.impl.NullPool", "message": "The garbage collector is trying to clean up non-checked-in connection <AdaptedConnection <aiosqlite.core.Connection object at 0x116f3a610>>, which will be dropped, as it cannot be safely terminated.  Please ensure that SQLAlchemy pooled connections are returned to the pool explicitly, either by calling ``close()`` or by using appropriate context managers to manage their lifecycle.", "module": "base", "function": "_finalize_fairy", "line": 1031, "request_id": "06a7462f-8193-7879-8000-d6f466764fe9"}
sys:1: SAWarning: The garbage collector is trying to clean up non-checked-in connection <AdaptedConnection <aiosqlite.core.Connection object at 0x116f3a610>>, which will be dropped, as it cannot be safely terminated.  Please ensure that SQLAlchemy pooled connections are returned to the pool explicitly, either by calling ``close()`` or by using appropriate context managers to manage their lifecycle.
INFO:     127.0.0.1:57834 - "GET /api/v1/dashboard/summary HTTP/1.1" 200 OK
INFO:     127.0.0.1:57868 - "GET /api/v1/dashboard/summary HTTP/1.1" 200 OK
INFO:     127.0.0.1:57881 - "GET /api/v1/dashboard/summary HTTP/1.1" 200 OK
INFO:     127.0.0.1:57890 - "GET /api/v1/dashboard/summary HTTP/1.1" 200 OK
INFO:     127.0.0.1:57905 - "GET /api/v1/dashboard/summary HTTP/1.1" 200 OK
INFO:     127.0.0.1:57913 - "GET /api/v1/dashboard/summary HTTP/1.1" 200 OK
INFO:     127.0.0.1:57925 - "GET /api/v1/dashboard/summary HTTP/1.1" 200 OK
INFO:     127.0.0.1:57934 - "GET /api/v1/dashboard/summary HTTP/1.1" 200 OK
INFO:     127.0.0.1:57942 - "GET /api/v1/dashboard/summary HTTP/1.1" 200 OK
INFO:     127.0.0.1:57957 - "GET /api/v1/dashboard/summary HTTP/1.1" 200 OK
INFO:     127.0.0.1:58080 - "GET /api/v1/dashboard/summary HTTP/1.1" 200 OK
INFO:     127.0.0.1:58080 - "OPTIONS /api/v1/accounting/journals HTTP/1.1" 200 OK
{"timestamp": "2026-08-06T11:29:05.842079+00:00Z", "level": "ERROR", "logger": "sqlalchemy.pool.impl.NullPool", "message": "The garbage collector is trying to clean up non-checked-in connection <AdaptedConnection <aiosqlite.core.Connection object at 0x116f1ddd0>>, which will be dropped, as it cannot be safely terminated.  Please ensure that SQLAlchemy pooled connections are returned to the pool explicitly, either by calling ``close()`` or by using appropriate context managers to manage their lifecycle.", "module": "base", "function": "_finalize_fairy", "line": 1031, "request_id": "06a74700-1cb2-7dc2-8000-5824842b6bd2"}
sys:1: SAWarning: The garbage collector is trying to clean up non-checked-in connection <AdaptedConnection <aiosqlite.core.Connection object at 0x116f1ddd0>>, which will be dropped, as it cannot be safely terminated.  Please ensure that SQLAlchemy pooled connections are returned to the pool explicitly, either by calling ``close()`` or by using appropriate context managers to manage their lifecycle.
{"timestamp": "2026-08-06T11:29:05.843093+00:00Z", "level": "ERROR", "logger": "sqlalchemy.pool.impl.NullPool", "message": "The garbage collector is trying to clean up non-checked-in connection <AdaptedConnection <aiosqlite.core.Connection object at 0x116fedc10>>, which will be dropped, as it cannot be safely terminated.  Please ensure that SQLAlchemy pooled connections are returned to the pool explicitly, either by calling ``close()`` or by using appropriate context managers to manage their lifecycle.", "module": "base", "function": "_finalize_fairy", "line": 1031, "request_id": "06a74700-1cb2-7dc2-8000-5824842b6bd2"}
sys:1: SAWarning: The garbage collector is trying to clean up non-checked-in connection <AdaptedConnection <aiosqlite.core.Connection object at 0x116fedc10>>, which will be dropped, as it cannot be safely terminated.  Please ensure that SQLAlchemy pooled connections are returned to the pool explicitly, either by calling ``close()`` or by using appropriate context managers to manage their lifecycle.
{"timestamp": "2026-08-06T11:29:05.843174+00:00Z", "level": "ERROR", "logger": "sqlalchemy.pool.impl.NullPool", "message": "The garbage collector is trying to clean up non-checked-in connection <AdaptedConnection <aiosqlite.core.Connection object at 0x116f385d0>>, which will be dropped, as it cannot be safely terminated.  Please ensure that SQLAlchemy pooled connections are returned to the pool explicitly, either by calling ``close()`` or by using appropriate context managers to manage their lifecycle.", "module": "base", "function": "_finalize_fairy", "line": 1031, "request_id": "06a74700-1cb2-7dc2-8000-5824842b6bd2"}
sys:1: SAWarning: The garbage collector is trying to clean up non-checked-in connection <AdaptedConnection <aiosqlite.core.Connection object at 0x116f385d0>>, which will be dropped, as it cannot be safely terminated.  Please ensure that SQLAlchemy pooled connections are returned to the pool explicitly, either by calling ``close()`` or by using appropriate context managers to manage their lifecycle.
{"timestamp": "2026-08-06T11:29:05.843224+00:00Z", "level": "ERROR", "logger": "sqlalchemy.pool.impl.NullPool", "message": "The garbage collector is trying to clean up non-checked-in connection <AdaptedConnection <aiosqlite.core.Connection object at 0x116f1da50>>, which will be dropped, as it cannot be safely terminated.  Please ensure that SQLAlchemy pooled connections are returned to the pool explicitly, either by calling ``close()`` or by using appropriate context managers to manage their lifecycle.", "module": "base", "function": "_finalize_fairy", "line": 1031, "request_id": "06a74700-1cb2-7dc2-8000-5824842b6bd2"}
sys:1: SAWarning: The garbage collector is trying to clean up non-checked-in connection <AdaptedConnection <aiosqlite.core.Connection object at 0x116f1da50>>, which will be dropped, as it cannot be safely terminated.  Please ensure that SQLAlchemy pooled connections are returned to the pool explicitly, either by calling ``close()`` or by using appropriate context managers to manage their lifecycle.
{"timestamp": "2026-08-06T11:29:05.843267+00:00Z", "level": "ERROR", "logger": "sqlalchemy.pool.impl.NullPool", "message": "The garbage collector is trying to clean up non-checked-in connection <AdaptedConnection <aiosqlite.core.Connection object at 0x131253810>>, which will be dropped, as it cannot be safely terminated.  Please ensure that SQLAlchemy pooled connections are returned to the pool explicitly, either by calling ``close()`` or by using appropriate context managers to manage their lifecycle.", "module": "base", "function": "_finalize_fairy", "line": 1031, "request_id": "06a74700-1cb2-7dc2-8000-5824842b6bd2"}
sys:1: SAWarning: The garbage collector is trying to clean up non-checked-in connection <AdaptedConnection <aiosqlite.core.Connection object at 0x131253810>>, which will be dropped, as it cannot be safely terminated.  Please ensure that SQLAlchemy pooled connections are returned to the pool explicitly, either by calling ``close()`` or by using appropriate context managers to manage their lifecycle.
{"timestamp": "2026-08-06T11:29:05.843308+00:00Z", "level": "ERROR", "logger": "sqlalchemy.pool.impl.NullPool", "message": "The garbage collector is trying to clean up non-checked-in connection <AdaptedConnection <aiosqlite.core.Connection object at 0x116f3b390>>, which will be dropped, as it cannot be safely terminated.  Please ensure that SQLAlchemy pooled connections are returned to the pool explicitly, either by calling ``close()`` or by using appropriate context managers to manage their lifecycle.", "module": "base", "function": "_finalize_fairy", "line": 1031, "request_id": "06a74700-1cb2-7dc2-8000-5824842b6bd2"}
sys:1: SAWarning: The garbage collector is trying to clean up non-checked-in connection <AdaptedConnection <aiosqlite.core.Connection object at 0x116f3b390>>, which will be dropped, as it cannot be safely terminated.  Please ensure that SQLAlchemy pooled connections are returned to the pool explicitly, either by calling ``close()`` or by using appropriate context managers to manage their lifecycle.
{"timestamp": "2026-08-06T11:29:05.843348+00:00Z", "level": "ERROR", "logger": "sqlalchemy.pool.impl.NullPool", "message": "The garbage collector is trying to clean up non-checked-in connection <AdaptedConnection <aiosqlite.core.Connection object at 0x131253650>>, which will be dropped, as it cannot be safely terminated.  Please ensure that SQLAlchemy pooled connections are returned to the pool explicitly, either by calling ``close()`` or by using appropriate context managers to manage their lifecycle.", "module": "base", "function": "_finalize_fairy", "line": 1031, "request_id": "06a74700-1cb2-7dc2-8000-5824842b6bd2"}
sys:1: SAWarning: The garbage collector is trying to clean up non-checked-in connection <AdaptedConnection <aiosqlite.core.Connection object at 0x131253650>>, which will be dropped, as it cannot be safely terminated.  Please ensure that SQLAlchemy pooled connections are returned to the pool explicitly, either by calling ``close()`` or by using appropriate context managers to manage their lifecycle.
{"timestamp": "2026-08-06T11:29:05.843389+00:00Z", "level": "ERROR", "logger": "sqlalchemy.pool.impl.NullPool", "message": "The garbage collector is trying to clean up non-checked-in connection <AdaptedConnection <aiosqlite.core.Connection object at 0x131250810>>, which will be dropped, as it cannot be safely terminated.  Please ensure that SQLAlchemy pooled connections are returned to the pool explicitly, either by calling ``close()`` or by using appropriate context managers to manage their lifecycle.", "module": "base", "function": "_finalize_fairy", "line": 1031, "request_id": "06a74700-1cb2-7dc2-8000-5824842b6bd2"}
sys:1: SAWarning: The garbage collector is trying to clean up non-checked-in connection <AdaptedConnection <aiosqlite.core.Connection object at 0x131250810>>, which will be dropped, as it cannot be safely terminated.  Please ensure that SQLAlchemy pooled connections are returned to the pool explicitly, either by calling ``close()`` or by using appropriate context managers to manage their lifecycle.
{"timestamp": "2026-08-06T11:29:05.843431+00:00Z", "level": "ERROR", "logger": "sqlalchemy.pool.impl.NullPool", "message": "The garbage collector is trying to clean up non-checked-in connection <AdaptedConnection <aiosqlite.core.Connection object at 0x116f302d0>>, which will be dropped, as it cannot be safely terminated.  Please ensure that SQLAlchemy pooled connections are returned to the pool explicitly, either by calling ``close()`` or by using appropriate context managers to manage their lifecycle.", "module": "base", "function": "_finalize_fairy", "line": 1031, "request_id": "06a74700-1cb2-7dc2-8000-5824842b6bd2"}
sys:1: SAWarning: The garbage collector is trying to clean up non-checked-in connection <AdaptedConnection <aiosqlite.core.Connection object at 0x116f302d0>>, which will be dropped, as it cannot be safely terminated.  Please ensure that SQLAlchemy pooled connections are returned to the pool explicitly, either by calling ``close()`` or by using appropriate context managers to manage their lifecycle.
{"timestamp": "2026-08-06T11:29:05.843472+00:00Z", "level": "ERROR", "logger": "sqlalchemy.pool.impl.NullPool", "message": "The garbage collector is trying to clean up non-checked-in connection <AdaptedConnection <aiosqlite.core.Connection object at 0x1312536d0>>, which will be dropped, as it cannot be safely terminated.  Please ensure that SQLAlchemy pooled connections are returned to the pool explicitly, either by calling ``close()`` or by using appropriate context managers to manage their lifecycle.", "module": "base", "function": "_finalize_fairy", "line": 1031, "request_id": "06a74700-1cb2-7dc2-8000-5824842b6bd2"}
sys:1: SAWarning: The garbage collector is trying to clean up non-checked-in connection <AdaptedConnection <aiosqlite.core.Connection object at 0x1312536d0>>, which will be dropped, as it cannot be safely terminated.  Please ensure that SQLAlchemy pooled connections are returned to the pool explicitly, either by calling ``close()`` or by using appropriate context managers to manage their lifecycle.
{"timestamp": "2026-08-06T11:29:05.843514+00:00Z", "level": "ERROR", "logger": "sqlalchemy.pool.impl.NullPool", "message": "The garbage collector is trying to clean up non-checked-in connection <AdaptedConnection <aiosqlite.core.Connection object at 0x116f011d0>>, which will be dropped, as it cannot be safely terminated.  Please ensure that SQLAlchemy pooled connections are returned to the pool explicitly, either by calling ``close()`` or by using appropriate context managers to manage their lifecycle.", "module": "base", "function": "_finalize_fairy", "line": 1031, "request_id": "06a74700-1cb2-7dc2-8000-5824842b6bd2"}
sys:1: SAWarning: The garbage collector is trying to clean up non-checked-in connection <AdaptedConnection <aiosqlite.core.Connection object at 0x116f011d0>>, which will be dropped, as it cannot be safely terminated.  Please ensure that SQLAlchemy pooled connections are returned to the pool explicitly, either by calling ``close()`` or by using appropriate context managers to manage their lifecycle.
{"timestamp": "2026-08-06T11:29:05.843555+00:00Z", "level": "ERROR", "logger": "sqlalchemy.pool.impl.NullPool", "message": "The garbage collector is trying to clean up non-checked-in connection <AdaptedConnection <aiosqlite.core.Connection object at 0x116f33bd0>>, which will be dropped, as it cannot be safely terminated.  Please ensure that SQLAlchemy pooled connections are returned to the pool explicitly, either by calling ``close()`` or by using appropriate context managers to manage their lifecycle.", "module": "base", "function": "_finalize_fairy", "line": 1031, "request_id": "06a74700-1cb2-7dc2-8000-5824842b6bd2"}
sys:1: SAWarning: The garbage collector is trying to clean up non-checked-in connection <AdaptedConnection <aiosqlite.core.Connection object at 0x116f33bd0>>, which will be dropped, as it cannot be safely terminated.  Please ensure that SQLAlchemy pooled connections are returned to the pool explicitly, either by calling ``close()`` or by using appropriate context managers to manage their lifecycle.
{"timestamp": "2026-08-06T11:29:05.843601+00:00Z", "level": "ERROR", "logger": "sqlalchemy.pool.impl.NullPool", "message": "The garbage collector is trying to clean up non-checked-in connection <AdaptedConnection <aiosqlite.core.Connection object at 0x116f01210>>, which will be dropped, as it cannot be safely terminated.  Please ensure that SQLAlchemy pooled connections are returned to the pool explicitly, either by calling ``close()`` or by using appropriate context managers to manage their lifecycle.", "module": "base", "function": "_finalize_fairy", "line": 1031, "request_id": "06a74700-1cb2-7dc2-8000-5824842b6bd2"}
sys:1: SAWarning: The garbage collector is trying to clean up non-checked-in connection <AdaptedConnection <aiosqlite.core.Connection object at 0x116f01210>>, which will be dropped, as it cannot be safely terminated.  Please ensure that SQLAlchemy pooled connections are returned to the pool explicitly, either by calling ``close()`` or by using appropriate context managers to manage their lifecycle.
{"timestamp": "2026-08-06T11:29:05.843642+00:00Z", "level": "ERROR", "logger": "sqlalchemy.pool.impl.NullPool", "message": "The garbage collector is trying to clean up non-checked-in connection <AdaptedConnection <aiosqlite.core.Connection object at 0x116f322d0>>, which will be dropped, as it cannot be safely terminated.  Please ensure that SQLAlchemy pooled connections are returned to the pool explicitly, either by calling ``close()`` or by using appropriate context managers to manage their lifecycle.", "module": "base", "function": "_finalize_fairy", "line": 1031, "request_id": "06a74700-1cb2-7dc2-8000-5824842b6bd2"}
sys:1: SAWarning: The garbage collector is trying to clean up non-checked-in connection <AdaptedConnection <aiosqlite.core.Connection object at 0x116f322d0>>, which will be dropped, as it cannot be safely terminated.  Please ensure that SQLAlchemy pooled connections are returned to the pool explicitly, either by calling ``close()`` or by using appropriate context managers to manage their lifecycle.
{"timestamp": "2026-08-06T11:29:05.843680+00:00Z", "level": "ERROR", "logger": "sqlalchemy.pool.impl.NullPool", "message": "The garbage collector is trying to clean up non-checked-in connection <AdaptedConnection <aiosqlite.core.Connection object at 0x116f9ef90>>, which will be dropped, as it cannot be safely terminated.  Please ensure that SQLAlchemy pooled connections are returned to the pool explicitly, either by calling ``close()`` or by using appropriate context managers to manage their lifecycle.", "module": "base", "function": "_finalize_fairy", "line": 1031, "request_id": "06a74700-1cb2-7dc2-8000-5824842b6bd2"}
sys:1: SAWarning: The garbage collector is trying to clean up non-checked-in connection <AdaptedConnection <aiosqlite.core.Connection object at 0x116f9ef90>>, which will be dropped, as it cannot be safely terminated.  Please ensure that SQLAlchemy pooled connections are returned to the pool explicitly, either by calling ``close()`` or by using appropriate context managers to manage their lifecycle.
{"timestamp": "2026-08-06T11:29:05.843718+00:00Z", "level": "ERROR", "logger": "sqlalchemy.pool.impl.NullPool", "message": "The garbage collector is trying to clean up non-checked-in connection <AdaptedConnection <aiosqlite.core.Connection object at 0x116f02fd0>>, which will be dropped, as it cannot be safely terminated.  Please ensure that SQLAlchemy pooled connections are returned to the pool explicitly, either by calling ``close()`` or by using appropriate context managers to manage their lifecycle.", "module": "base", "function": "_finalize_fairy", "line": 1031, "request_id": "06a74700-1cb2-7dc2-8000-5824842b6bd2"}
sys:1: SAWarning: The garbage collector is trying to clean up non-checked-in connection <AdaptedConnection <aiosqlite.core.Connection object at 0x116f02fd0>>, which will be dropped, as it cannot be safely terminated.  Please ensure that SQLAlchemy pooled connections are returned to the pool explicitly, either by calling ``close()`` or by using appropriate context managers to manage their lifecycle.
{"timestamp": "2026-08-06T11:29:05.843757+00:00Z", "level": "ERROR", "logger": "sqlalchemy.pool.impl.NullPool", "message": "The garbage collector is trying to clean up non-checked-in connection <AdaptedConnection <aiosqlite.core.Connection object at 0x1312fbb10>>, which will be dropped, as it cannot be safely terminated.  Please ensure that SQLAlchemy pooled connections are returned to the pool explicitly, either by calling ``close()`` or by using appropriate context managers to manage their lifecycle.", "module": "base", "function": "_finalize_fairy", "line": 1031, "request_id": "06a74700-1cb2-7dc2-8000-5824842b6bd2"}
sys:1: SAWarning: The garbage collector is trying to clean up non-checked-in connection <AdaptedConnection <aiosqlite.core.Connection object at 0x1312fbb10>>, which will be dropped, as it cannot be safely terminated.  Please ensure that SQLAlchemy pooled connections are returned to the pool explicitly, either by calling ``close()`` or by using appropriate context managers to manage their lifecycle.
{"timestamp": "2026-08-06T11:29:05.843796+00:00Z", "level": "ERROR", "logger": "sqlalchemy.pool.impl.NullPool", "message": "The garbage collector is trying to clean up non-checked-in connection <AdaptedConnection <aiosqlite.core.Connection object at 0x116f9ef10>>, which will be dropped, as it cannot be safely terminated.  Please ensure that SQLAlchemy pooled connections are returned to the pool explicitly, either by calling ``close()`` or by using appropriate context managers to manage their lifecycle.", "module": "base", "function": "_finalize_fairy", "line": 1031, "request_id": "06a74700-1cb2-7dc2-8000-5824842b6bd2"}
sys:1: SAWarning: The garbage collector is trying to clean up non-checked-in connection <AdaptedConnection <aiosqlite.core.Connection object at 0x116f9ef10>>, which will be dropped, as it cannot be safely terminated.  Please ensure that SQLAlchemy pooled connections are returned to the pool explicitly, either by calling ``close()`` or by using appropriate context managers to manage their lifecycle.
{"timestamp": "2026-08-06T11:29:05.843860+00:00Z", "level": "ERROR", "logger": "sqlalchemy.pool.impl.NullPool", "message": "The garbage collector is trying to clean up non-checked-in connection <AdaptedConnection <aiosqlite.core.Connection object at 0x13127f790>>, which will be dropped, as it cannot be safely terminated.  Please ensure that SQLAlchemy pooled connections are returned to the pool explicitly, either by calling ``close()`` or by using appropriate context managers to manage their lifecycle.", "module": "base", "function": "_finalize_fairy", "line": 1031, "request_id": "06a74700-1cb2-7dc2-8000-5824842b6bd2"}
sys:1: SAWarning: The garbage collector is trying to clean up non-checked-in connection <AdaptedConnection <aiosqlite.core.Connection object at 0x13127f790>>, which will be dropped, as it cannot be safely terminated.  Please ensure that SQLAlchemy pooled connections are returned to the pool explicitly, either by calling ``close()`` or by using appropriate context managers to manage their lifecycle.
{"timestamp": "2026-08-06T11:29:05.843897+00:00Z", "level": "ERROR", "logger": "sqlalchemy.pool.impl.NullPool", "message": "The garbage collector is trying to clean up non-checked-in connection <AdaptedConnection <aiosqlite.core.Connection object at 0x1312f8550>>, which will be dropped, as it cannot be safely terminated.  Please ensure that SQLAlchemy pooled connections are returned to the pool explicitly, either by calling ``close()`` or by using appropriate context managers to manage their lifecycle.", "module": "base", "function": "_finalize_fairy", "line": 1031, "request_id": "06a74700-1cb2-7dc2-8000-5824842b6bd2"}
sys:1: SAWarning: The garbage collector is trying to clean up non-checked-in connection <AdaptedConnection <aiosqlite.core.Connection object at 0x1312f8550>>, which will be dropped, as it cannot be safely terminated.  Please ensure that SQLAlchemy pooled connections are returned to the pool explicitly, either by calling ``close()`` or by using appropriate context managers to manage their lifecycle.
INFO:     127.0.0.1:58080 - "GET /api/v1/accounting/journals HTTP/1.1" 200 OK
INFO:     127.0.0.1:58080 - "OPTIONS /api/v1/inventory/balances HTTP/1.1" 200 OK
INFO:     127.0.0.1:58093 - "OPTIONS /api/v1/inventory/dashboard/kpis HTTP/1.1" 200 OK
INFO:     127.0.0.1:58094 - "OPTIONS /api/v1/inventory/dashboard/exceptions HTTP/1.1" 200 OK
INFO:     127.0.0.1:58080 - "GET /api/v1/inventory/balances HTTP/1.1" 200 OK
INFO:     127.0.0.1:58094 - "GET /api/v1/inventory/dashboard/exceptions HTTP/1.1" 200 OK
INFO:     127.0.0.1:58093 - "GET /api/v1/inventory/dashboard/kpis HTTP/1.1" 200 OK
INFO:     127.0.0.1:58080 - "OPTIONS /api/v1/masters/skus HTTP/1.1" 200 OK
INFO:     127.0.0.1:58094 - "GET /api/v1/inventory/balances HTTP/1.1" 200 OK
{"timestamp": "2026-08-06T11:29:08.447706+00:00Z", "level": "ERROR", "logger": "sqlalchemy.pool.impl.NullPool", "message": "The garbage collector is trying to clean up non-checked-in connection <AdaptedConnection <aiosqlite.core.Connection object at 0x116ff1e50>>, which will be dropped, as it cannot be safely terminated.  Please ensure that SQLAlchemy pooled connections are returned to the pool explicitly, either by calling ``close()`` or by using appropriate context managers to manage their lifecycle.", "module": "base", "function": "_finalize_fairy", "line": 1031, "request_id": "06a74700-46d2-745b-8000-04d630537780"}
sys:1: SAWarning: The garbage collector is trying to clean up non-checked-in connection <AdaptedConnection <aiosqlite.core.Connection object at 0x116ff1e50>>, which will be dropped, as it cannot be safely terminated.  Please ensure that SQLAlchemy pooled connections are returned to the pool explicitly, either by calling ``close()`` or by using appropriate context managers to manage their lifecycle.
{"timestamp": "2026-08-06T11:29:08.447959+00:00Z", "level": "ERROR", "logger": "sqlalchemy.pool.impl.NullPool", "message": "The garbage collector is trying to clean up non-checked-in connection <AdaptedConnection <aiosqlite.core.Connection object at 0x116ff05d0>>, which will be dropped, as it cannot be safely terminated.  Please ensure that SQLAlchemy pooled connections are returned to the pool explicitly, either by calling ``close()`` or by using appropriate context managers to manage their lifecycle.", "module": "base", "function": "_finalize_fairy", "line": 1031, "request_id": "06a74700-46d2-745b-8000-04d630537780"}
sys:1: SAWarning: The garbage collector is trying to clean up non-checked-in connection <AdaptedConnection <aiosqlite.core.Connection object at 0x116ff05d0>>, which will be dropped, as it cannot be safely terminated.  Please ensure that SQLAlchemy pooled connections are returned to the pool explicitly, either by calling ``close()`` or by using appropriate context managers to manage their lifecycle.
{"timestamp": "2026-08-06T11:29:08.448060+00:00Z", "level": "ERROR", "logger": "sqlalchemy.pool.impl.NullPool", "message": "The garbage collector is trying to clean up non-checked-in connection <AdaptedConnection <aiosqlite.core.Connection object at 0x116ff1e10>>, which will be dropped, as it cannot be safely terminated.  Please ensure that SQLAlchemy pooled connections are returned to the pool explicitly, either by calling ``close()`` or by using appropriate context managers to manage their lifecycle.", "module": "base", "function": "_finalize_fairy", "line": 1031, "request_id": "06a74700-46d2-745b-8000-04d630537780"}
sys:1: SAWarning: The garbage collector is trying to clean up non-checked-in connection <AdaptedConnection <aiosqlite.core.Connection object at 0x116ff1e10>>, which will be dropped, as it cannot be safely terminated.  Please ensure that SQLAlchemy pooled connections are returned to the pool explicitly, either by calling ``close()`` or by using appropriate context managers to manage their lifecycle.
{"timestamp": "2026-08-06T11:29:08.455759+00:00Z", "level": "ERROR", "logger": "foundation.exceptions", "message": "Unhandled Exception: 1 validation error for SKUResponse\ncolor\n  String should have at most 50 characters [type=string_too_long, input_value='French Blue (Base), Must...d Ivory White (Accents)', input_type=str]\n    For further information visit https://errors.pydantic.dev/2.7/v/string_too_long", "module": "handlers", "function": "unhandled_exception_handler", "line": 47, "request_id": "06a74700-46d2-745b-8000-04d630537780", "exception": "  + Exception Group Traceback (most recent call last):\n  |   File \"/Users/sumatidhingra/Documents/AaramBooks/Aaram_Inventory/test_env/lib/python3.11/site-packages/starlette/_utils.py\", line 87, in collapse_excgroups\n  |     yield\n  |   File \"/Users/sumatidhingra/Documents/AaramBooks/Aaram_Inventory/test_env/lib/python3.11/site-packages/starlette/middleware/base.py\", line 190, in __call__\n  |     async with anyio.create_task_group() as task_group:\n  |   File \"/Users/sumatidhingra/Documents/AaramBooks/Aaram_Inventory/test_env/lib/python3.11/site-packages/anyio/_backends/_asyncio.py\", line 815, in __aexit__\n  |     raise BaseExceptionGroup(\n  | ExceptionGroup: unhandled errors in a TaskGroup (1 sub-exception)\n  +-+---------------- 1 ----------------\n    | Traceback (most recent call last):\n    |   File \"/Users/sumatidhingra/Documents/AaramBooks/Aaram_Inventory/test_env/lib/python3.11/site-packages/starlette/middleware/errors.py\", line 164, in __call__\n    |     await self.app(scope, receive, _send)\n    |   File \"/Users/sumatidhingra/Documents/AaramBooks/Aaram_Inventory/test_env/lib/python3.11/site-packages/starlette/middleware/base.py\", line 189, in __call__\n    |     with collapse_excgroups():\n    |   File \"/Library/Frameworks/Python.framework/Versions/3.11/lib/python3.11/contextlib.py\", line 158, in __exit__\n    |     self.gen.throw(typ, value, traceback)\n    |   File \"/Users/sumatidhingra/Documents/AaramBooks/Aaram_Inventory/test_env/lib/python3.11/site-packages/starlette/_utils.py\", line 93, in collapse_excgroups\n    |     raise exc\n    |   File \"/Users/sumatidhingra/Documents/AaramBooks/Aaram_Inventory/test_env/lib/python3.11/site-packages/starlette/middleware/base.py\", line 191, in __call__\n    |     response = await self.dispatch_func(request, call_next)\n    |                ^^^^^^^^^^^^^^^^^^^^^^^^^^^^^^^^^^^^^^^^^^^^\n    |   File \"/Users/sumatidhingra/Documents/AaramBooks/Aaram_Inventory/src/foundation/api/middleware.py\", line 15, in dispatch\n    |     response: Response = await call_next(request)\n    |                          ^^^^^^^^^^^^^^^^^^^^^^^^\n    |   File \"/Users/sumatidhingra/Documents/AaramBooks/Aaram_Inventory/test_env/lib/python3.11/site-packages/starlette/middleware/base.py\", line 165, in call_next\n    |     raise app_exc\n    |   File \"/Users/sumatidhingra/Documents/AaramBooks/Aaram_Inventory/test_env/lib/python3.11/site-packages/starlette/middleware/base.py\", line 151, in coro\n    |     await self.app(scope, receive_or_disconnect, send_no_error)\n    |   File \"/Users/sumatidhingra/Documents/AaramBooks/Aaram_Inventory/test_env/lib/python3.11/site-packages/starlette/middleware/cors.py\", line 93, in __call__\n    |     await self.simple_response(scope, receive, send, request_headers=headers)\n    |   File \"/Users/sumatidhingra/Documents/AaramBooks/Aaram_Inventory/test_env/lib/python3.11/site-packages/starlette/middleware/cors.py\", line 148, in simple_response\n    |     await self.app(scope, receive, send)\n    |   File \"/Users/sumatidhingra/Documents/AaramBooks/Aaram_Inventory/test_env/lib/python3.11/site-packages/starlette/middleware/exceptions.py\", line 65, in __call__\n    |     await wrap_app_handling_exceptions(self.app, conn)(scope, receive, send)\n    |   File \"/Users/sumatidhingra/Documents/AaramBooks/Aaram_Inventory/test_env/lib/python3.11/site-packages/starlette/_exception_handler.py\", line 64, in wrapped_app\n    |     raise exc\n    |   File \"/Users/sumatidhingra/Documents/AaramBooks/Aaram_Inventory/test_env/lib/python3.11/site-packages/starlette/_exception_handler.py\", line 53, in wrapped_app\n    |     await app(scope, receive, sender)\n    |   File \"/Users/sumatidhingra/Documents/AaramBooks/Aaram_Inventory/test_env/lib/python3.11/site-packages/starlette/routing.py\", line 756, in __call__\n    |     await self.middleware_stack(scope, receive, send)\n    |   File \"/Users/sumatidhingra/Documents/AaramBooks/Aaram_Inventory/test_env/lib/python3.11/site-packages/starlette/routing.py\", line 776, in app\n    |     await route.handle(scope, receive, send)\n    |   File \"/Users/sumatidhingra/Documents/AaramBooks/Aaram_Inventory/test_env/lib/python3.11/site-packages/starlette/routing.py\", line 297, in handle\n    |     await self.app(scope, receive, send)\n    |   File \"/Users/sumatidhingra/Documents/AaramBooks/Aaram_Inventory/test_env/lib/python3.11/site-packages/starlette/routing.py\", line 77, in app\n    |     await wrap_app_handling_exceptions(app, request)(scope, receive, send)\n    |   File \"/Users/sumatidhingra/Documents/AaramBooks/Aaram_Inventory/test_env/lib/python3.11/site-packages/starlette/_exception_handler.py\", line 64, in wrapped_app\n    |     raise exc\n    |   File \"/Users/sumatidhingra/Documents/AaramBooks/Aaram_Inventory/test_env/lib/python3.11/site-packages/starlette/_exception_handler.py\", line 53, in wrapped_app\n    |     await app(scope, receive, sender)\n    |   File \"/Users/sumatidhingra/Documents/AaramBooks/Aaram_Inventory/test_env/lib/python3.11/site-packages/starlette/routing.py\", line 72, in app\n    |     response = await func(request)\n    |                ^^^^^^^^^^^^^^^^^^^\n    |   File \"/Users/sumatidhingra/Documents/AaramBooks/Aaram_Inventory/test_env/lib/python3.11/site-packages/fastapi/routing.py\", line 278, in app\n    |     raw_response = await run_endpoint_function(\n    |                    ^^^^^^^^^^^^^^^^^^^^^^^^^^^^\n    |   File \"/Users/sumatidhingra/Documents/AaramBooks/Aaram_Inventory/test_env/lib/python3.11/site-packages/fastapi/routing.py\", line 191, in run_endpoint_function\n    |     return await dependant.call(**values)\n    |            ^^^^^^^^^^^^^^^^^^^^^^^^^^^^^^\n    |   File \"/Users/sumatidhingra/Documents/AaramBooks/Aaram_Inventory/test_env/lib/python3.11/site-packages/dependency_injector/wiring.py\", line 994, in _patched\n    |     return await _async_inject(\n    |            ^^^^^^^^^^^^^^^^^^^^\n    |   File \"src/dependency_injector/_cwiring.pyx\", line 66, in _async_inject\n    |   File \"/Users/sumatidhingra/Documents/AaramBooks/Aaram_Inventory/src/domains/masters/api/sku.py\", line 22, in list_skus\n    |     response_data = [SKUResponse.model_validate(sku, from_attributes=True) for sku in skus]\n    |                     ^^^^^^^^^^^^^^^^^^^^^^^^^^^^^^^^^^^^^^^^^^^^^^^^^^^^^^^^^^^^^^^^^^^^^^^\n    |   File \"/Users/sumatidhingra/Documents/AaramBooks/Aaram_Inventory/src/domains/masters/api/sku.py\", line 22, in <listcomp>\n    |     response_data = [SKUResponse.model_validate(sku, from_attributes=True) for sku in skus]\n    |                      ^^^^^^^^^^^^^^^^^^^^^^^^^^^^^^^^^^^^^^^^^^^^^^^^^^^^^\n    |   File \"/Users/sumatidhingra/Documents/AaramBooks/Aaram_Inventory/test_env/lib/python3.11/site-packages/pydantic/main.py\", line 551, in model_validate\n    |     return cls.__pydantic_validator__.validate_python(\n    |            ^^^^^^^^^^^^^^^^^^^^^^^^^^^^^^^^^^^^^^^^^^^\n    | pydantic_core._pydantic_core.ValidationError: 1 validation error for SKUResponse\n    | color\n    |   String should have at most 50 characters [type=string_too_long, input_value='French Blue (Base), Must...d Ivory White (Accents)', input_type=str]\n    |     For further information visit https://errors.pydantic.dev/2.7/v/string_too_long\n    +------------------------------------\n\nDuring handling of the above exception, another exception occurred:\n\nTraceback (most recent call last):\n  File \"/Users/sumatidhingra/Documents/AaramBooks/Aaram_Inventory/test_env/lib/python3.11/site-packages/starlette/middleware/errors.py\", line 164, in __call__\n    await self.app(scope, receive, _send)\n  File \"/Users/sumatidhingra/Documents/AaramBooks/Aaram_Inventory/test_env/lib/python3.11/site-packages/starlette/middleware/base.py\", line 189, in __call__\n    with collapse_excgroups():\n  File \"/Library/Frameworks/Python.framework/Versions/3.11/lib/python3.11/contextlib.py\", line 158, in __exit__\n    self.gen.throw(typ, value, traceback)\n  File \"/Users/sumatidhingra/Documents/AaramBooks/Aaram_Inventory/test_env/lib/python3.11/site-packages/starlette/_utils.py\", line 93, in collapse_excgroups\n    raise exc\n  File \"/Users/sumatidhingra/Documents/AaramBooks/Aaram_Inventory/test_env/lib/python3.11/site-packages/starlette/middleware/base.py\", line 191, in __call__\n    response = await self.dispatch_func(request, call_next)\n               ^^^^^^^^^^^^^^^^^^^^^^^^^^^^^^^^^^^^^^^^^^^^\n  File \"/Users/sumatidhingra/Documents/AaramBooks/Aaram_Inventory/src/foundation/api/middleware.py\", line 15, in dispatch\n    response: Response = await call_next(request)\n                         ^^^^^^^^^^^^^^^^^^^^^^^^\n  File \"/Users/sumatidhingra/Documents/AaramBooks/Aaram_Inventory/test_env/lib/python3.11/site-packages/starlette/middleware/base.py\", line 165, in call_next\n    raise app_exc\n  File \"/Users/sumatidhingra/Documents/AaramBooks/Aaram_Inventory/test_env/lib/python3.11/site-packages/starlette/middleware/base.py\", line 151, in coro\n    await self.app(scope, receive_or_disconnect, send_no_error)\n  File \"/Users/sumatidhingra/Documents/AaramBooks/Aaram_Inventory/test_env/lib/python3.11/site-packages/starlette/middleware/cors.py\", line 93, in __call__\n    await self.simple_response(scope, receive, send, request_headers=headers)\n  File \"/Users/sumatidhingra/Documents/AaramBooks/Aaram_Inventory/test_env/lib/python3.11/site-packages/starlette/middleware/cors.py\", line 148, in simple_response\n    await self.app(scope, receive, send)\n  File \"/Users/sumatidhingra/Documents/AaramBooks/Aaram_Inventory/test_env/lib/python3.11/site-packages/starlette/middleware/exceptions.py\", line 65, in __call__\n    await wrap_app_handling_exceptions(self.app, conn)(scope, receive, send)\n  File \"/Users/sumatidhingra/Documents/AaramBooks/Aaram_Inventory/test_env/lib/python3.11/site-packages/starlette/_exception_handler.py\", line 64, in wrapped_app\n    raise exc\n  File \"/Users/sumatidhingra/Documents/AaramBooks/Aaram_Inventory/test_env/lib/python3.11/site-packages/starlette/_exception_handler.py\", line 53, in wrapped_app\n    await app(scope, receive, sender)\n  File \"/Users/sumatidhingra/Documents/AaramBooks/Aaram_Inventory/test_env/lib/python3.11/site-packages/starlette/routing.py\", line 756, in __call__\n    await self.middleware_stack(scope, receive, send)\n  File \"/Users/sumatidhingra/Documents/AaramBooks/Aaram_Inventory/test_env/lib/python3.11/site-packages/starlette/routing.py\", line 776, in app\n    await route.handle(scope, receive, send)\n  File \"/Users/sumatidhingra/Documents/AaramBooks/Aaram_Inventory/test_env/lib/python3.11/site-packages/starlette/routing.py\", line 297, in handle\n    await self.app(scope, receive, send)\n  File \"/Users/sumatidhingra/Documents/AaramBooks/Aaram_Inventory/test_env/lib/python3.11/site-packages/starlette/routing.py\", line 77, in app\n    await wrap_app_handling_exceptions(app, request)(scope, receive, send)\n  File \"/Users/sumatidhingra/Documents/AaramBooks/Aaram_Inventory/test_env/lib/python3.11/site-packages/starlette/_exception_handler.py\", line 64, in wrapped_app\n    raise exc\n  File \"/Users/sumatidhingra/Documents/AaramBooks/Aaram_Inventory/test_env/lib/python3.11/site-packages/starlette/_exception_handler.py\", line 53, in wrapped_app\n    await app(scope, receive, sender)\n  File \"/Users/sumatidhingra/Documents/AaramBooks/Aaram_Inventory/test_env/lib/python3.11/site-packages/starlette/routing.py\", line 72, in app\n    response = await func(request)\n               ^^^^^^^^^^^^^^^^^^^\n  File \"/Users/sumatidhingra/Documents/AaramBooks/Aaram_Inventory/test_env/lib/python3.11/site-packages/fastapi/routing.py\", line 278, in app\n    raw_response = await run_endpoint_function(\n                   ^^^^^^^^^^^^^^^^^^^^^^^^^^^^\n  File \"/Users/sumatidhingra/Documents/AaramBooks/Aaram_Inventory/test_env/lib/python3.11/site-packages/fastapi/routing.py\", line 191, in run_endpoint_function\n    return await dependant.call(**values)\n           ^^^^^^^^^^^^^^^^^^^^^^^^^^^^^^\n  File \"/Users/sumatidhingra/Documents/AaramBooks/Aaram_Inventory/test_env/lib/python3.11/site-packages/dependency_injector/wiring.py\", line 994, in _patched\n    return await _async_inject(\n           ^^^^^^^^^^^^^^^^^^^^\n  File \"src/dependency_injector/_cwiring.pyx\", line 66, in _async_inject\n  File \"/Users/sumatidhingra/Documents/AaramBooks/Aaram_Inventory/src/domains/masters/api/sku.py\", line 22, in list_skus\n    response_data = [SKUResponse.model_validate(sku, from_attributes=True) for sku in skus]\n                    ^^^^^^^^^^^^^^^^^^^^^^^^^^^^^^^^^^^^^^^^^^^^^^^^^^^^^^^^^^^^^^^^^^^^^^^\n  File \"/Users/sumatidhingra/Documents/AaramBooks/Aaram_Inventory/src/domains/masters/api/sku.py\", line 22, in <listcomp>\n    response_data = [SKUResponse.model_validate(sku, from_attributes=True) for sku in skus]\n                     ^^^^^^^^^^^^^^^^^^^^^^^^^^^^^^^^^^^^^^^^^^^^^^^^^^^^^\n  File \"/Users/sumatidhingra/Documents/AaramBooks/Aaram_Inventory/test_env/lib/python3.11/site-packages/pydantic/main.py\", line 551, in model_validate\n    return cls.__pydantic_validator__.validate_python(\n           ^^^^^^^^^^^^^^^^^^^^^^^^^^^^^^^^^^^^^^^^^^^\npydantic_core._pydantic_core.ValidationError: 1 validation error for SKUResponse\ncolor\n  String should have at most 50 characters [type=string_too_long, input_value='French Blue (Base), Must...d Ivory White (Accents)', input_type=str]\n    For further information visit https://errors.pydantic.dev/2.7/v/string_too_long"}
INFO:     127.0.0.1:58093 - "GET /api/v1/masters/skus HTTP/1.1" 500 Internal Server Error
ERROR:    Exception in ASGI application
  + Exception Group Traceback (most recent call last):
  |   File "/Users/sumatidhingra/Documents/AaramBooks/Aaram_Inventory/test_env/lib/python3.11/site-packages/starlette/_utils.py", line 87, in collapse_excgroups
  |     yield
  |   File "/Users/sumatidhingra/Documents/AaramBooks/Aaram_Inventory/test_env/lib/python3.11/site-packages/starlette/middleware/base.py", line 190, in __call__
  |     async with anyio.create_task_group() as task_group:
  |   File "/Users/sumatidhingra/Documents/AaramBooks/Aaram_Inventory/test_env/lib/python3.11/site-packages/anyio/_backends/_asyncio.py", line 815, in __aexit__
  |     raise BaseExceptionGroup(
  | ExceptionGroup: unhandled errors in a TaskGroup (1 sub-exception)
  +-+---------------- 1 ----------------
    | Traceback (most recent call last):
    |   File "/Users/sumatidhingra/Documents/AaramBooks/Aaram_Inventory/test_env/lib/python3.11/site-packages/uvicorn/protocols/http/httptools_impl.py", line 399, in run_asgi
    |     result = await app(  # type: ignore[func-returns-value]
    |              ^^^^^^^^^^^^^^^^^^^^^^^^^^^^^^^^^^^^^^^^^^^^^^
    |   File "/Users/sumatidhingra/Documents/AaramBooks/Aaram_Inventory/test_env/lib/python3.11/site-packages/uvicorn/middleware/proxy_headers.py", line 70, in __call__
    |     return await self.app(scope, receive, send)
    |            ^^^^^^^^^^^^^^^^^^^^^^^^^^^^^^^^^^^^
    |   File "/Users/sumatidhingra/Documents/AaramBooks/Aaram_Inventory/test_env/lib/python3.11/site-packages/fastapi/applications.py", line 1054, in __call__
    |     await super().__call__(scope, receive, send)
    |   File "/Users/sumatidhingra/Documents/AaramBooks/Aaram_Inventory/test_env/lib/python3.11/site-packages/starlette/applications.py", line 123, in __call__
    |     await self.middleware_stack(scope, receive, send)
    |   File "/Users/sumatidhingra/Documents/AaramBooks/Aaram_Inventory/test_env/lib/python3.11/site-packages/starlette/middleware/errors.py", line 186, in __call__
    |     raise exc
    |   File "/Users/sumatidhingra/Documents/AaramBooks/Aaram_Inventory/test_env/lib/python3.11/site-packages/starlette/middleware/errors.py", line 164, in __call__
    |     await self.app(scope, receive, _send)
    |   File "/Users/sumatidhingra/Documents/AaramBooks/Aaram_Inventory/test_env/lib/python3.11/site-packages/starlette/middleware/base.py", line 189, in __call__
    |     with collapse_excgroups():
    |   File "/Library/Frameworks/Python.framework/Versions/3.11/lib/python3.11/contextlib.py", line 158, in __exit__
    |     self.gen.throw(typ, value, traceback)
    |   File "/Users/sumatidhingra/Documents/AaramBooks/Aaram_Inventory/test_env/lib/python3.11/site-packages/starlette/_utils.py", line 93, in collapse_excgroups
    |     raise exc
    |   File "/Users/sumatidhingra/Documents/AaramBooks/Aaram_Inventory/test_env/lib/python3.11/site-packages/starlette/middleware/base.py", line 191, in __call__
    |     response = await self.dispatch_func(request, call_next)
    |                ^^^^^^^^^^^^^^^^^^^^^^^^^^^^^^^^^^^^^^^^^^^^
    |   File "/Users/sumatidhingra/Documents/AaramBooks/Aaram_Inventory/src/foundation/api/middleware.py", line 15, in dispatch
    |     response: Response = await call_next(request)
    |                          ^^^^^^^^^^^^^^^^^^^^^^^^
    |   File "/Users/sumatidhingra/Documents/AaramBooks/Aaram_Inventory/test_env/lib/python3.11/site-packages/starlette/middleware/base.py", line 165, in call_next
    |     raise app_exc
    |   File "/Users/sumatidhingra/Documents/AaramBooks/Aaram_Inventory/test_env/lib/python3.11/site-packages/starlette/middleware/base.py", line 151, in coro
    |     await self.app(scope, receive_or_disconnect, send_no_error)
    |   File "/Users/sumatidhingra/Documents/AaramBooks/Aaram_Inventory/test_env/lib/python3.11/site-packages/starlette/middleware/cors.py", line 93, in __call__
    |     await self.simple_response(scope, receive, send, request_headers=headers)
    |   File "/Users/sumatidhingra/Documents/AaramBooks/Aaram_Inventory/test_env/lib/python3.11/site-packages/starlette/middleware/cors.py", line 148, in simple_response
    |     await self.app(scope, receive, send)
    |   File "/Users/sumatidhingra/Documents/AaramBooks/Aaram_Inventory/test_env/lib/python3.11/site-packages/starlette/middleware/exceptions.py", line 65, in __call__
    |     await wrap_app_handling_exceptions(self.app, conn)(scope, receive, send)
    |   File "/Users/sumatidhingra/Documents/AaramBooks/Aaram_Inventory/test_env/lib/python3.11/site-packages/starlette/_exception_handler.py", line 64, in wrapped_app
    |     raise exc
    |   File "/Users/sumatidhingra/Documents/AaramBooks/Aaram_Inventory/test_env/lib/python3.11/site-packages/starlette/_exception_handler.py", line 53, in wrapped_app
    |     await app(scope, receive, sender)
    |   File "/Users/sumatidhingra/Documents/AaramBooks/Aaram_Inventory/test_env/lib/python3.11/site-packages/starlette/routing.py", line 756, in __call__
    |     await self.middleware_stack(scope, receive, send)
    |   File "/Users/sumatidhingra/Documents/AaramBooks/Aaram_Inventory/test_env/lib/python3.11/site-packages/starlette/routing.py", line 776, in app
    |     await route.handle(scope, receive, send)
    |   File "/Users/sumatidhingra/Documents/AaramBooks/Aaram_Inventory/test_env/lib/python3.11/site-packages/starlette/routing.py", line 297, in handle
    |     await self.app(scope, receive, send)
    |   File "/Users/sumatidhingra/Documents/AaramBooks/Aaram_Inventory/test_env/lib/python3.11/site-packages/starlette/routing.py", line 77, in app
    |     await wrap_app_handling_exceptions(app, request)(scope, receive, send)
    |   File "/Users/sumatidhingra/Documents/AaramBooks/Aaram_Inventory/test_env/lib/python3.11/site-packages/starlette/_exception_handler.py", line 64, in wrapped_app
    |     raise exc
    |   File "/Users/sumatidhingra/Documents/AaramBooks/Aaram_Inventory/test_env/lib/python3.11/site-packages/starlette/_exception_handler.py", line 53, in wrapped_app
    |     await app(scope, receive, sender)
    |   File "/Users/sumatidhingra/Documents/AaramBooks/Aaram_Inventory/test_env/lib/python3.11/site-packages/starlette/routing.py", line 72, in app
    |     response = await func(request)
    |                ^^^^^^^^^^^^^^^^^^^
    |   File "/Users/sumatidhingra/Documents/AaramBooks/Aaram_Inventory/test_env/lib/python3.11/site-packages/fastapi/routing.py", line 278, in app
    |     raw_response = await run_endpoint_function(
    |                    ^^^^^^^^^^^^^^^^^^^^^^^^^^^^
    |   File "/Users/sumatidhingra/Documents/AaramBooks/Aaram_Inventory/test_env/lib/python3.11/site-packages/fastapi/routing.py", line 191, in run_endpoint_function
    |     return await dependant.call(**values)
    |            ^^^^^^^^^^^^^^^^^^^^^^^^^^^^^^
    |   File "/Users/sumatidhingra/Documents/AaramBooks/Aaram_Inventory/test_env/lib/python3.11/site-packages/dependency_injector/wiring.py", line 994, in _patched
    |     return await _async_inject(
    |            ^^^^^^^^^^^^^^^^^^^^
    |   File "src/dependency_injector/_cwiring.pyx", line 66, in _async_inject
    |   File "/Users/sumatidhingra/Documents/AaramBooks/Aaram_Inventory/src/domains/masters/api/sku.py", line 22, in list_skus
    |     response_data = [SKUResponse.model_validate(sku, from_attributes=True) for sku in skus]
    |                     ^^^^^^^^^^^^^^^^^^^^^^^^^^^^^^^^^^^^^^^^^^^^^^^^^^^^^^^^^^^^^^^^^^^^^^^
    |   File "/Users/sumatidhingra/Documents/AaramBooks/Aaram_Inventory/src/domains/masters/api/sku.py", line 22, in <listcomp>
    |     response_data = [SKUResponse.model_validate(sku, from_attributes=True) for sku in skus]
    |                      ^^^^^^^^^^^^^^^^^^^^^^^^^^^^^^^^^^^^^^^^^^^^^^^^^^^^^
    |   File "/Users/sumatidhingra/Documents/AaramBooks/Aaram_Inventory/test_env/lib/python3.11/site-packages/pydantic/main.py", line 551, in model_validate
    |     return cls.__pydantic_validator__.validate_python(
    |            ^^^^^^^^^^^^^^^^^^^^^^^^^^^^^^^^^^^^^^^^^^^
    | pydantic_core._pydantic_core.ValidationError: 1 validation error for SKUResponse
    | color
    |   String should have at most 50 characters [type=string_too_long, input_value='French Blue (Base), Must...d Ivory White (Accents)', input_type=str]
    |     For further information visit https://errors.pydantic.dev/2.7/v/string_too_long
    +------------------------------------

During handling of the above exception, another exception occurred:

Traceback (most recent call last):
  File "/Users/sumatidhingra/Documents/AaramBooks/Aaram_Inventory/test_env/lib/python3.11/site-packages/uvicorn/protocols/http/httptools_impl.py", line 399, in run_asgi
    result = await app(  # type: ignore[func-returns-value]
             ^^^^^^^^^^^^^^^^^^^^^^^^^^^^^^^^^^^^^^^^^^^^^^
  File "/Users/sumatidhingra/Documents/AaramBooks/Aaram_Inventory/test_env/lib/python3.11/site-packages/uvicorn/middleware/proxy_headers.py", line 70, in __call__
    return await self.app(scope, receive, send)
           ^^^^^^^^^^^^^^^^^^^^^^^^^^^^^^^^^^^^
  File "/Users/sumatidhingra/Documents/AaramBooks/Aaram_Inventory/test_env/lib/python3.11/site-packages/fastapi/applications.py", line 1054, in __call__
    await super().__call__(scope, receive, send)
  File "/Users/sumatidhingra/Documents/AaramBooks/Aaram_Inventory/test_env/lib/python3.11/site-packages/starlette/applications.py", line 123, in __call__
    await self.middleware_stack(scope, receive, send)
  File "/Users/sumatidhingra/Documents/AaramBooks/Aaram_Inventory/test_env/lib/python3.11/site-packages/starlette/middleware/errors.py", line 186, in __call__
    raise exc
  File "/Users/sumatidhingra/Documents/AaramBooks/Aaram_Inventory/test_env/lib/python3.11/site-packages/starlette/middleware/errors.py", line 164, in __call__
    await self.app(scope, receive, _send)
  File "/Users/sumatidhingra/Documents/AaramBooks/Aaram_Inventory/test_env/lib/python3.11/site-packages/starlette/middleware/base.py", line 189, in __call__
    with collapse_excgroups():
  File "/Library/Frameworks/Python.framework/Versions/3.11/lib/python3.11/contextlib.py", line 158, in __exit__
    self.gen.throw(typ, value, traceback)
  File "/Users/sumatidhingra/Documents/AaramBooks/Aaram_Inventory/test_env/lib/python3.11/site-packages/starlette/_utils.py", line 93, in collapse_excgroups
    raise exc
  File "/Users/sumatidhingra/Documents/AaramBooks/Aaram_Inventory/test_env/lib/python3.11/site-packages/starlette/middleware/base.py", line 191, in __call__
    response = await self.dispatch_func(request, call_next)
               ^^^^^^^^^^^^^^^^^^^^^^^^^^^^^^^^^^^^^^^^^^^^
  File "/Users/sumatidhingra/Documents/AaramBooks/Aaram_Inventory/src/foundation/api/middleware.py", line 15, in dispatch
    response: Response = await call_next(request)
                         ^^^^^^^^^^^^^^^^^^^^^^^^
  File "/Users/sumatidhingra/Documents/AaramBooks/Aaram_Inventory/test_env/lib/python3.11/site-packages/starlette/middleware/base.py", line 165, in call_next
    raise app_exc
  File "/Users/sumatidhingra/Documents/AaramBooks/Aaram_Inventory/test_env/lib/python3.11/site-packages/starlette/middleware/base.py", line 151, in coro
    await self.app(scope, receive_or_disconnect, send_no_error)
  File "/Users/sumatidhingra/Documents/AaramBooks/Aaram_Inventory/test_env/lib/python3.11/site-packages/starlette/middleware/cors.py", line 93, in __call__
    await self.simple_response(scope, receive, send, request_headers=headers)
  File "/Users/sumatidhingra/Documents/AaramBooks/Aaram_Inventory/test_env/lib/python3.11/site-packages/starlette/middleware/cors.py", line 148, in simple_response
    await self.app(scope, receive, send)
  File "/Users/sumatidhingra/Documents/AaramBooks/Aaram_Inventory/test_env/lib/python3.11/site-packages/starlette/middleware/exceptions.py", line 65, in __call__
    await wrap_app_handling_exceptions(self.app, conn)(scope, receive, send)
  File "/Users/sumatidhingra/Documents/AaramBooks/Aaram_Inventory/test_env/lib/python3.11/site-packages/starlette/_exception_handler.py", line 64, in wrapped_app
    raise exc
  File "/Users/sumatidhingra/Documents/AaramBooks/Aaram_Inventory/test_env/lib/python3.11/site-packages/starlette/_exception_handler.py", line 53, in wrapped_app
    await app(scope, receive, sender)
  File "/Users/sumatidhingra/Documents/AaramBooks/Aaram_Inventory/test_env/lib/python3.11/site-packages/starlette/routing.py", line 756, in __call__
    await self.middleware_stack(scope, receive, send)
  File "/Users/sumatidhingra/Documents/AaramBooks/Aaram_Inventory/test_env/lib/python3.11/site-packages/starlette/routing.py", line 776, in app
    await route.handle(scope, receive, send)
  File "/Users/sumatidhingra/Documents/AaramBooks/Aaram_Inventory/test_env/lib/python3.11/site-packages/starlette/routing.py", line 297, in handle
    await self.app(scope, receive, send)
  File "/Users/sumatidhingra/Documents/AaramBooks/Aaram_Inventory/test_env/lib/python3.11/site-packages/starlette/routing.py", line 77, in app
    await wrap_app_handling_exceptions(app, request)(scope, receive, send)
  File "/Users/sumatidhingra/Documents/AaramBooks/Aaram_Inventory/test_env/lib/python3.11/site-packages/starlette/_exception_handler.py", line 64, in wrapped_app
    raise exc
  File "/Users/sumatidhingra/Documents/AaramBooks/Aaram_Inventory/test_env/lib/python3.11/site-packages/starlette/_exception_handler.py", line 53, in wrapped_app
    await app(scope, receive, sender)
  File "/Users/sumatidhingra/Documents/AaramBooks/Aaram_Inventory/test_env/lib/python3.11/site-packages/starlette/routing.py", line 72, in app
    response = await func(request)
               ^^^^^^^^^^^^^^^^^^^
  File "/Users/sumatidhingra/Documents/AaramBooks/Aaram_Inventory/test_env/lib/python3.11/site-packages/fastapi/routing.py", line 278, in app
    raw_response = await run_endpoint_function(
                   ^^^^^^^^^^^^^^^^^^^^^^^^^^^^
  File "/Users/sumatidhingra/Documents/AaramBooks/Aaram_Inventory/test_env/lib/python3.11/site-packages/fastapi/routing.py", line 191, in run_endpoint_function
    return await dependant.call(**values)
           ^^^^^^^^^^^^^^^^^^^^^^^^^^^^^^
  File "/Users/sumatidhingra/Documents/AaramBooks/Aaram_Inventory/test_env/lib/python3.11/site-packages/dependency_injector/wiring.py", line 994, in _patched
    return await _async_inject(
           ^^^^^^^^^^^^^^^^^^^^
  File "src/dependency_injector/_cwiring.pyx", line 66, in _async_inject
  File "/Users/sumatidhingra/Documents/AaramBooks/Aaram_Inventory/src/domains/masters/api/sku.py", line 22, in list_skus
    response_data = [SKUResponse.model_validate(sku, from_attributes=True) for sku in skus]
                    ^^^^^^^^^^^^^^^^^^^^^^^^^^^^^^^^^^^^^^^^^^^^^^^^^^^^^^^^^^^^^^^^^^^^^^^
  File "/Users/sumatidhingra/Documents/AaramBooks/Aaram_Inventory/src/domains/masters/api/sku.py", line 22, in <listcomp>
    response_data = [SKUResponse.model_validate(sku, from_attributes=True) for sku in skus]
                     ^^^^^^^^^^^^^^^^^^^^^^^^^^^^^^^^^^^^^^^^^^^^^^^^^^^^^
  File "/Users/sumatidhingra/Documents/AaramBooks/Aaram_Inventory/test_env/lib/python3.11/site-packages/pydantic/main.py", line 551, in model_validate
    return cls.__pydantic_validator__.validate_python(
           ^^^^^^^^^^^^^^^^^^^^^^^^^^^^^^^^^^^^^^^^^^^
pydantic_core._pydantic_core.ValidationError: 1 validation error for SKUResponse
color
  String should have at most 50 characters [type=string_too_long, input_value='French Blue (Base), Must...d Ivory White (Accents)', input_type=str]
    For further information visit https://errors.pydantic.dev/2.7/v/string_too_long
{"timestamp": "2026-08-06T11:29:09.493434+00:00Z", "level": "ERROR", "logger": "foundation.exceptions", "message": "Unhandled Exception: 1 validation error for SKUResponse\ncolor\n  String should have at most 50 characters [type=string_too_long, input_value='French Blue (Base), Must...d Ivory White (Accents)', input_type=str]\n    For further information visit https://errors.pydantic.dev/2.7/v/string_too_long", "module": "handlers", "function": "unhandled_exception_handler", "line": 47, "request_id": "06a74700-577c-71ce-8000-c37875615498", "exception": "  + Exception Group Traceback (most recent call last):\n  |   File \"/Users/sumatidhingra/Documents/AaramBooks/Aaram_Inventory/test_env/lib/python3.11/site-packages/starlette/_utils.py\", line 87, in collapse_excgroups\n  |     yield\n  |   File \"/Users/sumatidhingra/Documents/AaramBooks/Aaram_Inventory/test_env/lib/python3.11/site-packages/starlette/middleware/base.py\", line 190, in __call__\n  |     async with anyio.create_task_group() as task_group:\n  |   File \"/Users/sumatidhingra/Documents/AaramBooks/Aaram_Inventory/test_env/lib/python3.11/site-packages/anyio/_backends/_asyncio.py\", line 815, in __aexit__\n  |     raise BaseExceptionGroup(\n  | ExceptionGroup: unhandled errors in a TaskGroup (1 sub-exception)\n  +-+---------------- 1 ----------------\n    | Traceback (most recent call last):\n    |   File \"/Users/sumatidhingra/Documents/AaramBooks/Aaram_Inventory/test_env/lib/python3.11/site-packages/starlette/middleware/errors.py\", line 164, in __call__\n    |     await self.app(scope, receive, _send)\n    |   File \"/Users/sumatidhingra/Documents/AaramBooks/Aaram_Inventory/test_env/lib/python3.11/site-packages/starlette/middleware/base.py\", line 189, in __call__\n    |     with collapse_excgroups():\n    |   File \"/Library/Frameworks/Python.framework/Versions/3.11/lib/python3.11/contextlib.py\", line 158, in __exit__\n    |     self.gen.throw(typ, value, traceback)\n    |   File \"/Users/sumatidhingra/Documents/AaramBooks/Aaram_Inventory/test_env/lib/python3.11/site-packages/starlette/_utils.py\", line 93, in collapse_excgroups\n    |     raise exc\n    |   File \"/Users/sumatidhingra/Documents/AaramBooks/Aaram_Inventory/test_env/lib/python3.11/site-packages/starlette/middleware/base.py\", line 191, in __call__\n    |     response = await self.dispatch_func(request, call_next)\n    |                ^^^^^^^^^^^^^^^^^^^^^^^^^^^^^^^^^^^^^^^^^^^^\n    |   File \"/Users/sumatidhingra/Documents/AaramBooks/Aaram_Inventory/src/foundation/api/middleware.py\", line 15, in dispatch\n    |     response: Response = await call_next(request)\n    |                          ^^^^^^^^^^^^^^^^^^^^^^^^\n    |   File \"/Users/sumatidhingra/Documents/AaramBooks/Aaram_Inventory/test_env/lib/python3.11/site-packages/starlette/middleware/base.py\", line 165, in call_next\n    |     raise app_exc\n    |   File \"/Users/sumatidhingra/Documents/AaramBooks/Aaram_Inventory/test_env/lib/python3.11/site-packages/starlette/middleware/base.py\", line 151, in coro\n    |     await self.app(scope, receive_or_disconnect, send_no_error)\n    |   File \"/Users/sumatidhingra/Documents/AaramBooks/Aaram_Inventory/test_env/lib/python3.11/site-packages/starlette/middleware/cors.py\", line 93, in __call__\n    |     await self.simple_response(scope, receive, send, request_headers=headers)\n    |   File \"/Users/sumatidhingra/Documents/AaramBooks/Aaram_Inventory/test_env/lib/python3.11/site-packages/starlette/middleware/cors.py\", line 148, in simple_response\n    |     await self.app(scope, receive, send)\n    |   File \"/Users/sumatidhingra/Documents/AaramBooks/Aaram_Inventory/test_env/lib/python3.11/site-packages/starlette/middleware/exceptions.py\", line 65, in __call__\n    |     await wrap_app_handling_exceptions(self.app, conn)(scope, receive, send)\n    |   File \"/Users/sumatidhingra/Documents/AaramBooks/Aaram_Inventory/test_env/lib/python3.11/site-packages/starlette/_exception_handler.py\", line 64, in wrapped_app\n    |     raise exc\n    |   File \"/Users/sumatidhingra/Documents/AaramBooks/Aaram_Inventory/test_env/lib/python3.11/site-packages/starlette/_exception_handler.py\", line 53, in wrapped_app\n    |     await app(scope, receive, sender)\n    |   File \"/Users/sumatidhingra/Documents/AaramBooks/Aaram_Inventory/test_env/lib/python3.11/site-packages/starlette/routing.py\", line 756, in __call__\n    |     await self.middleware_stack(scope, receive, send)\n    |   File \"/Users/sumatidhingra/Documents/AaramBooks/Aaram_Inventory/test_env/lib/python3.11/site-packages/starlette/routing.py\", line 776, in app\n    |     await route.handle(scope, receive, send)\n    |   File \"/Users/sumatidhingra/Documents/AaramBooks/Aaram_Inventory/test_env/lib/python3.11/site-packages/starlette/routing.py\", line 297, in handle\n    |     await self.app(scope, receive, send)\n    |   File \"/Users/sumatidhingra/Documents/AaramBooks/Aaram_Inventory/test_env/lib/python3.11/site-packages/starlette/routing.py\", line 77, in app\n    |     await wrap_app_handling_exceptions(app, request)(scope, receive, send)\n    |   File \"/Users/sumatidhingra/Documents/AaramBooks/Aaram_Inventory/test_env/lib/python3.11/site-packages/starlette/_exception_handler.py\", line 64, in wrapped_app\n    |     raise exc\n    |   File \"/Users/sumatidhingra/Documents/AaramBooks/Aaram_Inventory/test_env/lib/python3.11/site-packages/starlette/_exception_handler.py\", line 53, in wrapped_app\n    |     await app(scope, receive, sender)\n    |   File \"/Users/sumatidhingra/Documents/AaramBooks/Aaram_Inventory/test_env/lib/python3.11/site-packages/starlette/routing.py\", line 72, in app\n    |     response = await func(request)\n    |                ^^^^^^^^^^^^^^^^^^^\n    |   File \"/Users/sumatidhingra/Documents/AaramBooks/Aaram_Inventory/test_env/lib/python3.11/site-packages/fastapi/routing.py\", line 278, in app\n    |     raw_response = await run_endpoint_function(\n    |                    ^^^^^^^^^^^^^^^^^^^^^^^^^^^^\n    |   File \"/Users/sumatidhingra/Documents/AaramBooks/Aaram_Inventory/test_env/lib/python3.11/site-packages/fastapi/routing.py\", line 191, in run_endpoint_function\n    |     return await dependant.call(**values)\n    |            ^^^^^^^^^^^^^^^^^^^^^^^^^^^^^^\n    |   File \"/Users/sumatidhingra/Documents/AaramBooks/Aaram_Inventory/test_env/lib/python3.11/site-packages/dependency_injector/wiring.py\", line 994, in _patched\n    |     return await _async_inject(\n    |            ^^^^^^^^^^^^^^^^^^^^\n    |   File \"src/dependency_injector/_cwiring.pyx\", line 66, in _async_inject\n    |   File \"/Users/sumatidhingra/Documents/AaramBooks/Aaram_Inventory/src/domains/masters/api/sku.py\", line 22, in list_skus\n    |     response_data = [SKUResponse.model_validate(sku, from_attributes=True) for sku in skus]\n    |                     ^^^^^^^^^^^^^^^^^^^^^^^^^^^^^^^^^^^^^^^^^^^^^^^^^^^^^^^^^^^^^^^^^^^^^^^\n    |   File \"/Users/sumatidhingra/Documents/AaramBooks/Aaram_Inventory/src/domains/masters/api/sku.py\", line 22, in <listcomp>\n    |     response_data = [SKUResponse.model_validate(sku, from_attributes=True) for sku in skus]\n    |                      ^^^^^^^^^^^^^^^^^^^^^^^^^^^^^^^^^^^^^^^^^^^^^^^^^^^^^\n    |   File \"/Users/sumatidhingra/Documents/AaramBooks/Aaram_Inventory/test_env/lib/python3.11/site-packages/pydantic/main.py\", line 551, in model_validate\n    |     return cls.__pydantic_validator__.validate_python(\n    |            ^^^^^^^^^^^^^^^^^^^^^^^^^^^^^^^^^^^^^^^^^^^\n    | pydantic_core._pydantic_core.ValidationError: 1 validation error for SKUResponse\n    | color\n    |   String should have at most 50 characters [type=string_too_long, input_value='French Blue (Base), Must...d Ivory White (Accents)', input_type=str]\n    |     For further information visit https://errors.pydantic.dev/2.7/v/string_too_long\n    +------------------------------------\n\nDuring handling of the above exception, another exception occurred:\n\nTraceback (most recent call last):\n  File \"/Users/sumatidhingra/Documents/AaramBooks/Aaram_Inventory/test_env/lib/python3.11/site-packages/starlette/middleware/errors.py\", line 164, in __call__\n    await self.app(scope, receive, _send)\n  File \"/Users/sumatidhingra/Documents/AaramBooks/Aaram_Inventory/test_env/lib/python3.11/site-packages/starlette/middleware/base.py\", line 189, in __call__\n    with collapse_excgroups():\n  File \"/Library/Frameworks/Python.framework/Versions/3.11/lib/python3.11/contextlib.py\", line 158, in __exit__\n    self.gen.throw(typ, value, traceback)\n  File \"/Users/sumatidhingra/Documents/AaramBooks/Aaram_Inventory/test_env/lib/python3.11/site-packages/starlette/_utils.py\", line 93, in collapse_excgroups\n    raise exc\n  File \"/Users/sumatidhingra/Documents/AaramBooks/Aaram_Inventory/test_env/lib/python3.11/site-packages/starlette/middleware/base.py\", line 191, in __call__\n    response = await self.dispatch_func(request, call_next)\n               ^^^^^^^^^^^^^^^^^^^^^^^^^^^^^^^^^^^^^^^^^^^^\n  File \"/Users/sumatidhingra/Documents/AaramBooks/Aaram_Inventory/src/foundation/api/middleware.py\", line 15, in dispatch\n    response: Response = await call_next(request)\n                         ^^^^^^^^^^^^^^^^^^^^^^^^\n  File \"/Users/sumatidhingra/Documents/AaramBooks/Aaram_Inventory/test_env/lib/python3.11/site-packages/starlette/middleware/base.py\", line 165, in call_next\n    raise app_exc\n  File \"/Users/sumatidhingra/Documents/AaramBooks/Aaram_Inventory/test_env/lib/python3.11/site-packages/starlette/middleware/base.py\", line 151, in coro\n    await self.app(scope, receive_or_disconnect, send_no_error)\n  File \"/Users/sumatidhingra/Documents/AaramBooks/Aaram_Inventory/test_env/lib/python3.11/site-packages/starlette/middleware/cors.py\", line 93, in __call__\n    await self.simple_response(scope, receive, send, request_headers=headers)\n  File \"/Users/sumatidhingra/Documents/AaramBooks/Aaram_Inventory/test_env/lib/python3.11/site-packages/starlette/middleware/cors.py\", line 148, in simple_response\n    await self.app(scope, receive, send)\n  File \"/Users/sumatidhingra/Documents/AaramBooks/Aaram_Inventory/test_env/lib/python3.11/site-packages/starlette/middleware/exceptions.py\", line 65, in __call__\n    await wrap_app_handling_exceptions(self.app, conn)(scope, receive, send)\n  File \"/Users/sumatidhingra/Documents/AaramBooks/Aaram_Inventory/test_env/lib/python3.11/site-packages/starlette/_exception_handler.py\", line 64, in wrapped_app\n    raise exc\n  File \"/Users/sumatidhingra/Documents/AaramBooks/Aaram_Inventory/test_env/lib/python3.11/site-packages/starlette/_exception_handler.py\", line 53, in wrapped_app\n    await app(scope, receive, sender)\n  File \"/Users/sumatidhingra/Documents/AaramBooks/Aaram_Inventory/test_env/lib/python3.11/site-packages/starlette/routing.py\", line 756, in __call__\n    await self.middleware_stack(scope, receive, send)\n  File \"/Users/sumatidhingra/Documents/AaramBooks/Aaram_Inventory/test_env/lib/python3.11/site-packages/starlette/routing.py\", line 776, in app\n    await route.handle(scope, receive, send)\n  File \"/Users/sumatidhingra/Documents/AaramBooks/Aaram_Inventory/test_env/lib/python3.11/site-packages/starlette/routing.py\", line 297, in handle\n    await self.app(scope, receive, send)\n  File \"/Users/sumatidhingra/Documents/AaramBooks/Aaram_Inventory/test_env/lib/python3.11/site-packages/starlette/routing.py\", line 77, in app\n    await wrap_app_handling_exceptions(app, request)(scope, receive, send)\n  File \"/Users/sumatidhingra/Documents/AaramBooks/Aaram_Inventory/test_env/lib/python3.11/site-packages/starlette/_exception_handler.py\", line 64, in wrapped_app\n    raise exc\n  File \"/Users/sumatidhingra/Documents/AaramBooks/Aaram_Inventory/test_env/lib/python3.11/site-packages/starlette/_exception_handler.py\", line 53, in wrapped_app\n    await app(scope, receive, sender)\n  File \"/Users/sumatidhingra/Documents/AaramBooks/Aaram_Inventory/test_env/lib/python3.11/site-packages/starlette/routing.py\", line 72, in app\n    response = await func(request)\n               ^^^^^^^^^^^^^^^^^^^\n  File \"/Users/sumatidhingra/Documents/AaramBooks/Aaram_Inventory/test_env/lib/python3.11/site-packages/fastapi/routing.py\", line 278, in app\n    raw_response = await run_endpoint_function(\n                   ^^^^^^^^^^^^^^^^^^^^^^^^^^^^\n  File \"/Users/sumatidhingra/Documents/AaramBooks/Aaram_Inventory/test_env/lib/python3.11/site-packages/fastapi/routing.py\", line 191, in run_endpoint_function\n    return await dependant.call(**values)\n           ^^^^^^^^^^^^^^^^^^^^^^^^^^^^^^\n  File \"/Users/sumatidhingra/Documents/AaramBooks/Aaram_Inventory/test_env/lib/python3.11/site-packages/dependency_injector/wiring.py\", line 994, in _patched\n    return await _async_inject(\n           ^^^^^^^^^^^^^^^^^^^^\n  File \"src/dependency_injector/_cwiring.pyx\", line 66, in _async_inject\n  File \"/Users/sumatidhingra/Documents/AaramBooks/Aaram_Inventory/src/domains/masters/api/sku.py\", line 22, in list_skus\n    response_data = [SKUResponse.model_validate(sku, from_attributes=True) for sku in skus]\n                    ^^^^^^^^^^^^^^^^^^^^^^^^^^^^^^^^^^^^^^^^^^^^^^^^^^^^^^^^^^^^^^^^^^^^^^^\n  File \"/Users/sumatidhingra/Documents/AaramBooks/Aaram_Inventory/src/domains/masters/api/sku.py\", line 22, in <listcomp>\n    response_data = [SKUResponse.model_validate(sku, from_attributes=True) for sku in skus]\n                     ^^^^^^^^^^^^^^^^^^^^^^^^^^^^^^^^^^^^^^^^^^^^^^^^^^^^^\n  File \"/Users/sumatidhingra/Documents/AaramBooks/Aaram_Inventory/test_env/lib/python3.11/site-packages/pydantic/main.py\", line 551, in model_validate\n    return cls.__pydantic_validator__.validate_python(\n           ^^^^^^^^^^^^^^^^^^^^^^^^^^^^^^^^^^^^^^^^^^^\npydantic_core._pydantic_core.ValidationError: 1 validation error for SKUResponse\ncolor\n  String should have at most 50 characters [type=string_too_long, input_value='French Blue (Base), Must...d Ivory White (Accents)', input_type=str]\n    For further information visit https://errors.pydantic.dev/2.7/v/string_too_long"}
INFO:     127.0.0.1:58080 - "GET /api/v1/masters/skus HTTP/1.1" 500 Internal Server Error
ERROR:    Exception in ASGI application
  + Exception Group Traceback (most recent call last):
  |   File "/Users/sumatidhingra/Documents/AaramBooks/Aaram_Inventory/test_env/lib/python3.11/site-packages/starlette/_utils.py", line 87, in collapse_excgroups
  |     yield
  |   File "/Users/sumatidhingra/Documents/AaramBooks/Aaram_Inventory/test_env/lib/python3.11/site-packages/starlette/middleware/base.py", line 190, in __call__
  |     async with anyio.create_task_group() as task_group:
  |   File "/Users/sumatidhingra/Documents/AaramBooks/Aaram_Inventory/test_env/lib/python3.11/site-packages/anyio/_backends/_asyncio.py", line 815, in __aexit__
  |     raise BaseExceptionGroup(
  | ExceptionGroup: unhandled errors in a TaskGroup (1 sub-exception)
  +-+---------------- 1 ----------------
    | Traceback (most recent call last):
    |   File "/Users/sumatidhingra/Documents/AaramBooks/Aaram_Inventory/test_env/lib/python3.11/site-packages/uvicorn/protocols/http/httptools_impl.py", line 399, in run_asgi
    |     result = await app(  # type: ignore[func-returns-value]
    |              ^^^^^^^^^^^^^^^^^^^^^^^^^^^^^^^^^^^^^^^^^^^^^^
    |   File "/Users/sumatidhingra/Documents/AaramBooks/Aaram_Inventory/test_env/lib/python3.11/site-packages/uvicorn/middleware/proxy_headers.py", line 70, in __call__
    |     return await self.app(scope, receive, send)
    |            ^^^^^^^^^^^^^^^^^^^^^^^^^^^^^^^^^^^^
    |   File "/Users/sumatidhingra/Documents/AaramBooks/Aaram_Inventory/test_env/lib/python3.11/site-packages/fastapi/applications.py", line 1054, in __call__
    |     await super().__call__(scope, receive, send)
    |   File "/Users/sumatidhingra/Documents/AaramBooks/Aaram_Inventory/test_env/lib/python3.11/site-packages/starlette/applications.py", line 123, in __call__
    |     await self.middleware_stack(scope, receive, send)
    |   File "/Users/sumatidhingra/Documents/AaramBooks/Aaram_Inventory/test_env/lib/python3.11/site-packages/starlette/middleware/errors.py", line 186, in __call__
    |     raise exc
    |   File "/Users/sumatidhingra/Documents/AaramBooks/Aaram_Inventory/test_env/lib/python3.11/site-packages/starlette/middleware/errors.py", line 164, in __call__
    |     await self.app(scope, receive, _send)
    |   File "/Users/sumatidhingra/Documents/AaramBooks/Aaram_Inventory/test_env/lib/python3.11/site-packages/starlette/middleware/base.py", line 189, in __call__
    |     with collapse_excgroups():
    |   File "/Library/Frameworks/Python.framework/Versions/3.11/lib/python3.11/contextlib.py", line 158, in __exit__
    |     self.gen.throw(typ, value, traceback)
    |   File "/Users/sumatidhingra/Documents/AaramBooks/Aaram_Inventory/test_env/lib/python3.11/site-packages/starlette/_utils.py", line 93, in collapse_excgroups
    |     raise exc
    |   File "/Users/sumatidhingra/Documents/AaramBooks/Aaram_Inventory/test_env/lib/python3.11/site-packages/starlette/middleware/base.py", line 191, in __call__
    |     response = await self.dispatch_func(request, call_next)
    |                ^^^^^^^^^^^^^^^^^^^^^^^^^^^^^^^^^^^^^^^^^^^^
    |   File "/Users/sumatidhingra/Documents/AaramBooks/Aaram_Inventory/src/foundation/api/middleware.py", line 15, in dispatch
    |     response: Response = await call_next(request)
    |                          ^^^^^^^^^^^^^^^^^^^^^^^^
    |   File "/Users/sumatidhingra/Documents/AaramBooks/Aaram_Inventory/test_env/lib/python3.11/site-packages/starlette/middleware/base.py", line 165, in call_next
    |     raise app_exc
    |   File "/Users/sumatidhingra/Documents/AaramBooks/Aaram_Inventory/test_env/lib/python3.11/site-packages/starlette/middleware/base.py", line 151, in coro
    |     await self.app(scope, receive_or_disconnect, send_no_error)
    |   File "/Users/sumatidhingra/Documents/AaramBooks/Aaram_Inventory/test_env/lib/python3.11/site-packages/starlette/middleware/cors.py", line 93, in __call__
    |     await self.simple_response(scope, receive, send, request_headers=headers)
    |   File "/Users/sumatidhingra/Documents/AaramBooks/Aaram_Inventory/test_env/lib/python3.11/site-packages/starlette/middleware/cors.py", line 148, in simple_response
    |     await self.app(scope, receive, send)
    |   File "/Users/sumatidhingra/Documents/AaramBooks/Aaram_Inventory/test_env/lib/python3.11/site-packages/starlette/middleware/exceptions.py", line 65, in __call__
    |     await wrap_app_handling_exceptions(self.app, conn)(scope, receive, send)
    |   File "/Users/sumatidhingra/Documents/AaramBooks/Aaram_Inventory/test_env/lib/python3.11/site-packages/starlette/_exception_handler.py", line 64, in wrapped_app
    |     raise exc
    |   File "/Users/sumatidhingra/Documents/AaramBooks/Aaram_Inventory/test_env/lib/python3.11/site-packages/starlette/_exception_handler.py", line 53, in wrapped_app
    |     await app(scope, receive, sender)
    |   File "/Users/sumatidhingra/Documents/AaramBooks/Aaram_Inventory/test_env/lib/python3.11/site-packages/starlette/routing.py", line 756, in __call__
    |     await self.middleware_stack(scope, receive, send)
    |   File "/Users/sumatidhingra/Documents/AaramBooks/Aaram_Inventory/test_env/lib/python3.11/site-packages/starlette/routing.py", line 776, in app
    |     await route.handle(scope, receive, send)
    |   File "/Users/sumatidhingra/Documents/AaramBooks/Aaram_Inventory/test_env/lib/python3.11/site-packages/starlette/routing.py", line 297, in handle
    |     await self.app(scope, receive, send)
    |   File "/Users/sumatidhingra/Documents/AaramBooks/Aaram_Inventory/test_env/lib/python3.11/site-packages/starlette/routing.py", line 77, in app
    |     await wrap_app_handling_exceptions(app, request)(scope, receive, send)
    |   File "/Users/sumatidhingra/Documents/AaramBooks/Aaram_Inventory/test_env/lib/python3.11/site-packages/starlette/_exception_handler.py", line 64, in wrapped_app
    |     raise exc
    |   File "/Users/sumatidhingra/Documents/AaramBooks/Aaram_Inventory/test_env/lib/python3.11/site-packages/starlette/_exception_handler.py", line 53, in wrapped_app
    |     await app(scope, receive, sender)
    |   File "/Users/sumatidhingra/Documents/AaramBooks/Aaram_Inventory/test_env/lib/python3.11/site-packages/starlette/routing.py", line 72, in app
    |     response = await func(request)
    |                ^^^^^^^^^^^^^^^^^^^
    |   File "/Users/sumatidhingra/Documents/AaramBooks/Aaram_Inventory/test_env/lib/python3.11/site-packages/fastapi/routing.py", line 278, in app
    |     raw_response = await run_endpoint_function(
    |                    ^^^^^^^^^^^^^^^^^^^^^^^^^^^^
    |   File "/Users/sumatidhingra/Documents/AaramBooks/Aaram_Inventory/test_env/lib/python3.11/site-packages/fastapi/routing.py", line 191, in run_endpoint_function
    |     return await dependant.call(**values)
    |            ^^^^^^^^^^^^^^^^^^^^^^^^^^^^^^
    |   File "/Users/sumatidhingra/Documents/AaramBooks/Aaram_Inventory/test_env/lib/python3.11/site-packages/dependency_injector/wiring.py", line 994, in _patched
    |     return await _async_inject(
    |            ^^^^^^^^^^^^^^^^^^^^
    |   File "src/dependency_injector/_cwiring.pyx", line 66, in _async_inject
    |   File "/Users/sumatidhingra/Documents/AaramBooks/Aaram_Inventory/src/domains/masters/api/sku.py", line 22, in list_skus
    |     response_data = [SKUResponse.model_validate(sku, from_attributes=True) for sku in skus]
    |                     ^^^^^^^^^^^^^^^^^^^^^^^^^^^^^^^^^^^^^^^^^^^^^^^^^^^^^^^^^^^^^^^^^^^^^^^
    |   File "/Users/sumatidhingra/Documents/AaramBooks/Aaram_Inventory/src/domains/masters/api/sku.py", line 22, in <listcomp>
    |     response_data = [SKUResponse.model_validate(sku, from_attributes=True) for sku in skus]
    |                      ^^^^^^^^^^^^^^^^^^^^^^^^^^^^^^^^^^^^^^^^^^^^^^^^^^^^^
    |   File "/Users/sumatidhingra/Documents/AaramBooks/Aaram_Inventory/test_env/lib/python3.11/site-packages/pydantic/main.py", line 551, in model_validate
    |     return cls.__pydantic_validator__.validate_python(
    |            ^^^^^^^^^^^^^^^^^^^^^^^^^^^^^^^^^^^^^^^^^^^
    | pydantic_core._pydantic_core.ValidationError: 1 validation error for SKUResponse
    | color
    |   String should have at most 50 characters [type=string_too_long, input_value='French Blue (Base), Must...d Ivory White (Accents)', input_type=str]
    |     For further information visit https://errors.pydantic.dev/2.7/v/string_too_long
    +------------------------------------

During handling of the above exception, another exception occurred:

Traceback (most recent call last):
  File "/Users/sumatidhingra/Documents/AaramBooks/Aaram_Inventory/test_env/lib/python3.11/site-packages/uvicorn/protocols/http/httptools_impl.py", line 399, in run_asgi
    result = await app(  # type: ignore[func-returns-value]
             ^^^^^^^^^^^^^^^^^^^^^^^^^^^^^^^^^^^^^^^^^^^^^^
  File "/Users/sumatidhingra/Documents/AaramBooks/Aaram_Inventory/test_env/lib/python3.11/site-packages/uvicorn/middleware/proxy_headers.py", line 70, in __call__
    return await self.app(scope, receive, send)
           ^^^^^^^^^^^^^^^^^^^^^^^^^^^^^^^^^^^^
  File "/Users/sumatidhingra/Documents/AaramBooks/Aaram_Inventory/test_env/lib/python3.11/site-packages/fastapi/applications.py", line 1054, in __call__
    await super().__call__(scope, receive, send)
  File "/Users/sumatidhingra/Documents/AaramBooks/Aaram_Inventory/test_env/lib/python3.11/site-packages/starlette/applications.py", line 123, in __call__
    await self.middleware_stack(scope, receive, send)
  File "/Users/sumatidhingra/Documents/AaramBooks/Aaram_Inventory/test_env/lib/python3.11/site-packages/starlette/middleware/errors.py", line 186, in __call__
    raise exc
  File "/Users/sumatidhingra/Documents/AaramBooks/Aaram_Inventory/test_env/lib/python3.11/site-packages/starlette/middleware/errors.py", line 164, in __call__
    await self.app(scope, receive, _send)
  File "/Users/sumatidhingra/Documents/AaramBooks/Aaram_Inventory/test_env/lib/python3.11/site-packages/starlette/middleware/base.py", line 189, in __call__
    with collapse_excgroups():
  File "/Library/Frameworks/Python.framework/Versions/3.11/lib/python3.11/contextlib.py", line 158, in __exit__
    self.gen.throw(typ, value, traceback)
  File "/Users/sumatidhingra/Documents/AaramBooks/Aaram_Inventory/test_env/lib/python3.11/site-packages/starlette/_utils.py", line 93, in collapse_excgroups
    raise exc
  File "/Users/sumatidhingra/Documents/AaramBooks/Aaram_Inventory/test_env/lib/python3.11/site-packages/starlette/middleware/base.py", line 191, in __call__
    response = await self.dispatch_func(request, call_next)
               ^^^^^^^^^^^^^^^^^^^^^^^^^^^^^^^^^^^^^^^^^^^^
  File "/Users/sumatidhingra/Documents/AaramBooks/Aaram_Inventory/src/foundation/api/middleware.py", line 15, in dispatch
    response: Response = await call_next(request)
                         ^^^^^^^^^^^^^^^^^^^^^^^^
  File "/Users/sumatidhingra/Documents/AaramBooks/Aaram_Inventory/test_env/lib/python3.11/site-packages/starlette/middleware/base.py", line 165, in call_next
    raise app_exc
  File "/Users/sumatidhingra/Documents/AaramBooks/Aaram_Inventory/test_env/lib/python3.11/site-packages/starlette/middleware/base.py", line 151, in coro
    await self.app(scope, receive_or_disconnect, send_no_error)
  File "/Users/sumatidhingra/Documents/AaramBooks/Aaram_Inventory/test_env/lib/python3.11/site-packages/starlette/middleware/cors.py", line 93, in __call__
    await self.simple_response(scope, receive, send, request_headers=headers)
  File "/Users/sumatidhingra/Documents/AaramBooks/Aaram_Inventory/test_env/lib/python3.11/site-packages/starlette/middleware/cors.py", line 148, in simple_response
    await self.app(scope, receive, send)
  File "/Users/sumatidhingra/Documents/AaramBooks/Aaram_Inventory/test_env/lib/python3.11/site-packages/starlette/middleware/exceptions.py", line 65, in __call__
    await wrap_app_handling_exceptions(self.app, conn)(scope, receive, send)
  File "/Users/sumatidhingra/Documents/AaramBooks/Aaram_Inventory/test_env/lib/python3.11/site-packages/starlette/_exception_handler.py", line 64, in wrapped_app
    raise exc
  File "/Users/sumatidhingra/Documents/AaramBooks/Aaram_Inventory/test_env/lib/python3.11/site-packages/starlette/_exception_handler.py", line 53, in wrapped_app
    await app(scope, receive, sender)
  File "/Users/sumatidhingra/Documents/AaramBooks/Aaram_Inventory/test_env/lib/python3.11/site-packages/starlette/routing.py", line 756, in __call__
    await self.middleware_stack(scope, receive, send)
  File "/Users/sumatidhingra/Documents/AaramBooks/Aaram_Inventory/test_env/lib/python3.11/site-packages/starlette/routing.py", line 776, in app
    await route.handle(scope, receive, send)
  File "/Users/sumatidhingra/Documents/AaramBooks/Aaram_Inventory/test_env/lib/python3.11/site-packages/starlette/routing.py", line 297, in handle
    await self.app(scope, receive, send)
  File "/Users/sumatidhingra/Documents/AaramBooks/Aaram_Inventory/test_env/lib/python3.11/site-packages/starlette/routing.py", line 77, in app
    await wrap_app_handling_exceptions(app, request)(scope, receive, send)
  File "/Users/sumatidhingra/Documents/AaramBooks/Aaram_Inventory/test_env/lib/python3.11/site-packages/starlette/_exception_handler.py", line 64, in wrapped_app
    raise exc
  File "/Users/sumatidhingra/Documents/AaramBooks/Aaram_Inventory/test_env/lib/python3.11/site-packages/starlette/_exception_handler.py", line 53, in wrapped_app
    await app(scope, receive, sender)
  File "/Users/sumatidhingra/Documents/AaramBooks/Aaram_Inventory/test_env/lib/python3.11/site-packages/starlette/routing.py", line 72, in app
    response = await func(request)
               ^^^^^^^^^^^^^^^^^^^
  File "/Users/sumatidhingra/Documents/AaramBooks/Aaram_Inventory/test_env/lib/python3.11/site-packages/fastapi/routing.py", line 278, in app
    raw_response = await run_endpoint_function(
                   ^^^^^^^^^^^^^^^^^^^^^^^^^^^^
  File "/Users/sumatidhingra/Documents/AaramBooks/Aaram_Inventory/test_env/lib/python3.11/site-packages/fastapi/routing.py", line 191, in run_endpoint_function
    return await dependant.call(**values)
           ^^^^^^^^^^^^^^^^^^^^^^^^^^^^^^
  File "/Users/sumatidhingra/Documents/AaramBooks/Aaram_Inventory/test_env/lib/python3.11/site-packages/dependency_injector/wiring.py", line 994, in _patched
    return await _async_inject(
           ^^^^^^^^^^^^^^^^^^^^
  File "src/dependency_injector/_cwiring.pyx", line 66, in _async_inject
  File "/Users/sumatidhingra/Documents/AaramBooks/Aaram_Inventory/src/domains/masters/api/sku.py", line 22, in list_skus
    response_data = [SKUResponse.model_validate(sku, from_attributes=True) for sku in skus]
                    ^^^^^^^^^^^^^^^^^^^^^^^^^^^^^^^^^^^^^^^^^^^^^^^^^^^^^^^^^^^^^^^^^^^^^^^
  File "/Users/sumatidhingra/Documents/AaramBooks/Aaram_Inventory/src/domains/masters/api/sku.py", line 22, in <listcomp>
    response_data = [SKUResponse.model_validate(sku, from_attributes=True) for sku in skus]
                     ^^^^^^^^^^^^^^^^^^^^^^^^^^^^^^^^^^^^^^^^^^^^^^^^^^^^^
  File "/Users/sumatidhingra/Documents/AaramBooks/Aaram_Inventory/test_env/lib/python3.11/site-packages/pydantic/main.py", line 551, in model_validate
    return cls.__pydantic_validator__.validate_python(
           ^^^^^^^^^^^^^^^^^^^^^^^^^^^^^^^^^^^^^^^^^^^
pydantic_core._pydantic_core.ValidationError: 1 validation error for SKUResponse
color
  String should have at most 50 characters [type=string_too_long, input_value='French Blue (Base), Must...d Ivory White (Accents)', input_type=str]
    For further information visit https://errors.pydantic.dev/2.7/v/string_too_long
INFO:     Shutting down
INFO:     Waiting for application shutdown.
INFO:     Application shutdown complete.
INFO:     Finished server process [72939]
